Workbook

Sheet Model
B1: SuperRegion | C1: AT | P1: World_but_AT | AC1: AT | AJ1: World_but_AT | AU1: SuperRegion
A2: SuperRegion | B2: Aggregated_Sector | C2: Plant cultivation | D2: Plant processing | E2: Animal husbandry | F2: Animal processing | G2: Food waste and reuse | H2: Mining and forestry | I2: Manufacturing and construction | J2: Manufacturing fertilisers | K2: Trade, transport and utilities | L2: Services | M2: Waste | N2: Water | O2: Hotels and Resteraunts | P2: Plant cultivation | Q2: Plant processing | R2: Animal husbandry | S2: Animal processing | T2: Food waste and reuse | U2: Mining and forestry | V2: Manufacturing and construction | W2: Manufacturing fertilisers | X2: Trade, transport and utilities | Y2: Services | Z2: Waste | AA2: Water | AB2: Hotels and Resteraunts | AC2: Final consumption expenditure by households | AD2: Final consumption expenditure by non-profit organisations serving households (NPISH) | AE2: Final consumption expenditure by government | AF2: Gross fixed capital formation | AG2: Changes in inventories | AH2: Changes in valuables | AI2: Exports: Total (fob) | AJ2: Final consumption expenditure by households | AK2: Final consumption expenditure by non-profit organisations serving households (NPISH) | AL2: Final consumption expenditure by government | AM2: Gross fixed capital formation | AN2: Changes in inventories | AO2: Changes in valuables | AP2: Exports: Total (fob) | AQ2: Y_Region | AR2: Y_Exports | AS2: Y_Total Demand | AT2: X_Total Output | AU2: Aggregated_Sector | AV2: SuperRegion
A3: AT | B3: Plant cultivation | C3: 230.68256 | D3: 721.39815 | E3: 327.47078 | F3: 0.046542671 | G3: 0.0030308331 | H3: 0.11128201 | I3: 55.343047 | J3: 0.02712636 | K3: 24.388163 | L3: 32.10878 | M3: 0.0055718962 | N3: 0.0082605919 | O3: 78.282097 | P3: 40.307207 | Q3: 486.13516 | R3: 211.88669 | S3: 4.6537656 | T3: 0.67022896 | U3: 17.872029 | V3: 165.13934 | W3: 4.1851572 | X3: 66.780569 | Y3: 195.4649 | Z3: 1.4585388 | AA3: 0.043948306 | AB3: 65.560355 | AC3: 462.26954 | AD3: 0.00073144387 | AE3: 0.045280047 | AF3: 31.993768 | AG3: 7.4191078 | AH3: 2.4113949 | AI3: 0 | AJ3: 636.98651 | AK3: 0.022991753 | AL3: 3.654546 | AM3: 0.76484499 | AN3: 177.98502 | AO3: 0.0477127 | AP3: 0 | AQ3: =SUM(AC3:AI3) -> 504.13983 | AR3: =SUM(AJ3:AP3) -> 819.46162 | AS3: =AQ3+AR3 -> 1323.6014 | AT3: =SUM(C3:AP3) -> 4053.6347 | AU3: Plant cultivation | AV3: AT
B4: Plant processing | C4: 0.70523794 | D4: 1518.7845 | E4: 447.36952 | F4: 47.795143 | G4: 1.9114828 | H4: 0.80313359 | I4: 139.82898 | J4: 0.076573384 | K4: 112.10428 | L4: 352.17042 | M4: 3.7183108 | N4: 0.16543556 | O4: 1038.2685 | P4: 15.269846 | Q4: 1482.9354 | R4: 346.17544 | S4: 244.7059 | T4: 1.0269923 | U4: 62.818045 | V4: 594.5556 | W4: 25.664158 | X4: 381.58302 | Y4: 683.89924 | Z4: 9.9666963 | AA4: 0.85770287 | AB4: 1040.5786 | AC4: 7057.7132 | AD4: 0.043799452 | AE4: 10.967905 | AF4: 51.217926 | AG4: 18.983758 | AH4: 6.1523554 | AI4: 0 | AJ4: 9658.2391 | AK4: 1.6885408 | AL4: 15.745797 | AM4: 8.7352634 | AN4: -12.646635 | AO4: 1.9441007 | AP4: 0 | AQ4: =SUM(AC4:AI4) -> 7145.0789 | AR4: =SUM(AJ4:AP4) -> 9673.7061 | AS4: =AQ4+AR4 -> 16818.785 | AT4: =SUM(C4:AP4) -> 25372.523 | AU4: Plant processing
B5: Animal husbandry | C5: 0.16951039 | D5: 279.17703 | E5: 11.701192 | F5: 844.69137 | G5: 0.19585694 | H5: 0.25300887 | I5: 29.783883 | J5: 4.599802 | K5: 392.25776 | L5: 31.497029 | M5: 0.38282067 | N5: 0.15820829 | O5: 57.455375 | P5: 0.49849758 | Q5: 28.073356 | R5: 12.002778 | S5: 81.237286 | T5: 0.84229498 | U5: 1.897816 | V5: 115.76982 | W5: 8.7120086 | X5: 62.599404 | Y5: 54.234654 | Z5: 3.1133664 | AA5: 0.043859106 | AB5: 12.689872 | AC5: 695.64016 | AD5: 0.09562869 | AE5: 30.245596 | AF5: 1221.9379 | AG5: 9.0957376 | AH5: 2.1483711 | AI5: 0 | AJ5: 197.8533 | AK5: 3.6948703 | AL5: 3.2387618 | AM5: 55.727588 | AN5: 47.227662 | AO5: 6.8573312 | AP5: 0 | AQ5: =SUM(AC5:AI5) -> 1959.1633 | AR5: =SUM(AJ5:AP5) -> 314.59952 | AS5: =AQ5+AR5 -> 2273.7629 | AT5: =SUM(C5:AP5) -> 4307.8007 | AU5: Animal husbandry
B6: Animal processing | C6: 2.831445 | D6: 165.31124 | E6: 53.132147 | F6: 427.50066 | G6: 1.0862806 | H6: 1.7601426 | I6: 126.59791 | J6: 0.42147721 | K6: 112.2109 | L6: 414.2444 | M6: 2.1398329 | N6: 0.41696889 | O6: 459.47672 | P6: 20.745973 | Q6: 278.3262 | R6: 45.197126 | S6: 591.63251 | T6: 1.3018863 | U6: 30.89146 | V6: 267.60628 | W6: 4.7668404 | X6: 169.75706 | Y6: 303.64519 | Z6: 2.3660677 | AA6: 0.54875379 | AB6: 325.11026 | AC6: 1506.4837 | AD6: 0.023250513 | AE6: 24.669192 | AF6: 61.642587 | AG6: 9.4864543 | AH6: 2.4528549 | AI6: 0 | AJ6: 2648.9159 | AK6: 3.6005505 | AL6: 5.1450724 | AM6: 6.8076315 | AN6: -184.64999 | AO6: 6.8672941 | AP6: 0 | AQ6: =SUM(AC6:AI6) -> 1604.758 | AR6: =SUM(AJ6:AP6) -> 2486.6864 | AS6: =AQ6+AR6 -> 4091.4444 | AT6: =SUM(C6:AP6) -> 7900.4702 | AU6: Animal processing
B7: Food waste and reuse | C7: 33.580893 | D7: 8.3511086 | E7: 1.5049304 | F7: 11.56261 | G7: 280.66968 | H7: 3.3331151 | I7: 257.92879 | J7: 0.29149596 | K7: 186.39188 | L7: 904.58648 | M7: 551.72562 | N7: 1.074856 | O7: 22.651083 | P7: 1.4224744 | Q7: 1.6868149 | R7: 2.555742 | S7: 3.9479118 | T7: 1.4111614 | U7: 1.1724963 | V7: 28.279307 | W7: 0.35602924 | X7: 11.060499 | Y7: 11.705756 | Z7: 4.2303619 | AA7: 0.19893767 | AB7: 0.88137436 | AC7: 42.190373 | AD7: 0.033735532 | AE7: 5.5730161 | AF7: 11.550764 | AG7: 2.1513445 | AH7: 0.33941871 | AI7: 0 | AJ7: 5.1613416 | AK7: 0.090433363 | AL7: 0.91856082 | AM7: 1.5380764 | AN7: 0.4359035 | AO7: 0.19434114 | AP7: 0 | AQ7: =SUM(AC7:AI7) -> 61.838653 | AR7: =SUM(AJ7:AP7) -> 8.3386569 | AS7: =AQ7+AR7 -> 70.177309 | AT7: =SUM(C7:AP7) -> 2402.7387 | AU7: Food waste and reuse
B8: Mining and forestry | C8: 45.361313 | D8: 37.018553 | E8: 17.735727 | F8: 16.437473 | G8: 23.138338 | H8: 1030.9495 | I8: 2017.0357 | J8: 19.195376 | K8: 516.3769 | L8: 292.80645 | M8: 43.11903 | N8: 1.6884188 | O8: 158.40092 | P8: 96.461871 | Q8: 45.68226 | R8: 19.950996 | S8: 37.78291 | T8: 2.3553271 | U8: 20.905571 | V8: 579.18291 | W8: 7.2983703 | X8: 193.81848 | Y8: 83.522171 | Z8: 7.487954 | AA8: 2.8386907 | AB8: 60.228544 | AC8: 725.09772 | AD8: 0.019357234 | AE8: 23.700002 | AF8: 134.98622 | AG8: 57.338144 | AH8: -5.5388358 | AI8: 0 | AJ8: 466.45877 | AK8: 0.25295558 | AL8: 3.9632913 | AM8: 12.780987 | AN8: 170.48939 | AO8: 0.30797299 | AP8: 0 | AQ8: =SUM(AC8:AI8) -> 935.6026 | AR8: =SUM(AJ8:AP8) -> 654.25338 | AS8: =AQ8+AR8 -> 1589.856 | AT8: =SUM(C8:AP8) -> 6966.6358 | AU8: Mining and forestry
B9: Manufacturing and construction | C9: 419.08085 | D9: 780.92518 | E9: 329.73639 | F9: 415.89305 | G9: 147.83392 | H9: 426.19599 | I9: 50825.426 | J9: 7.6000216 | K9: 7584.2766 | L9: 20824.427 | M9: 258.64242 | N9: 262.0371 | O9: 1219.6615 | P9: 516.49194 | Q9: 908.115 | R9: 341.39189 | S9: 631.4426 | T9: 48.812765 | U9: 533.20443 | V9: 50558.375 | W9: 249.32204 | X9: 4284.8239 | Y9: 4748.7052 | Z9: 145.14226 | AA9: 39.231757 | AB9: 273.08534 | AC9: 10196.334 | AD9: 2.5313132 | AE9: 3581.5064 | AF9: 52684.799 | AG9: 9.4347446 | AH9: -57.527355 | AI9: 0 | AJ9: 10454.401 | AK9: 31.126184 | AL9: 480.48206 | AM9: 11678.237 | AN9: 1029.7066 | AO9: 2.2216811 | AP9: 0 | AQ9: =SUM(AC9:AI9) -> 66417.078 | AR9: =SUM(AJ9:AP9) -> 23676.174 | AS9: =AQ9+AR9 -> 90093.252 | AT9: =SUM(C9:AP9) -> 236873.13 | AU9: Manufacturing and construction
B10: Manufacturing fertilisers | C10: 4.4397152 | D10: 69.973974 | E10: 47.115817 | F10: 0.18220145 | G10: 2.041242 | H10: 0.30705626 | I10: 13.486772 | J10: 0.005182991 | K10: 4.9582528 | L10: 22.251523 | M10: 3.9434323 | N10: 0.031747225 | O10: 61.424073 | P10: 24.564199 | Q10: 70.884704 | R10: 13.370131 | S10: 4.8643408 | T10: 0.074224764 | U10: 0.59999934 | V10: 44.026467 | W10: 0.60020362 | X10: 6.497883 | Y10: 12.202177 | Z10: 0.12275022 | AA10: 0.012970384 | AB10: 13.483618 | AC10: 33.584643 | AD10: 0.17051901 | AE10: 2.6425581 | AF10: 6.6946927 | AG10: 0.10649594 | AH10: 0.24803853 | AI10: 0 | AJ10: 63.590355 | AK10: 0.080487725 | AL10: 10.093452 | AM10: 0.47861485 | AN10: -2.6254441 | AO10: 0.001951968 | AP10: 0 | AQ10: =SUM(AC10:AI10) -> 43.446947 | AR10: =SUM(AJ10:AP10) -> 71.619418 | AS10: =AQ10+AR10 -> 115.06636 | AT10: =SUM(C10:AP10) -> 536.53102 | AU10: Manufacturing fertilisers
B11: Trade, transport and utilities | C11: 243.71322 | D11: 1153.8821 | E11: 212.4641 | F11: 762.33997 | G11: 135.43199 | H11: 468.37331 | I11: 12367.669 | J11: 34.071041 | K11: 18158.684 | L11: 10886.37 | M11: 234.36081 | N11: 57.489619 | O11: 1662.1633 | P11: 395.61986 | Q11: 822.19184 | R11: 328.6818 | S11: 633.31564 | T11: 150.01656 | U11: 282.16329 | V11: 9778.9744 | W11: 117.14269 | X11: 10068.611 | Y11: 3865.9916 | Z11: 134.6616 | AA11: 47.452909 | AB11: 267.72021 | AC11: 54706.468 | AD11: 2.6791772 | AE11: 6051.9289 | AF11: 4487.799 | AG11: 239.53229 | AH11: 24.522061 | AI11: 0 | AJ11: 6380.5511 | AK11: 32.919032 | AL11: 106.95707 | AM11: 638.08995 | AN11: 142.48308 | AO11: 54.758878 | AP11: 0 | AQ11: =SUM(AC11:AI11) -> 65512.929 | AR11: =SUM(AJ11:AP11) -> 7355.7591 | AS11: =AQ11+AR11 -> 72868.688 | AT11: =SUM(C11:AP11) -> 146138.24 | AU11: Trade, transport and utilities
B12: Services | C12: 311.29306 | D12: 1671.7511 | E12: 314.99661 | F12: 946.01256 | G12: 186.68098 | H12: 284.3616 | I12: 15342.211 | J12: 6.010287 | K12: 19864.123 | L12: 54019.433 | M12: 382.61461 | N12: 82.072232 | O12: 1665.3539 | P12: 143.49939 | Q12: 322.40563 | R12: 100.46284 | S12: 195.83962 | T12: 35.122327 | U12: 207.29103 | V12: 4319.7348 | W12: 50.033946 | X12: 2040.182 | Y12: 5289.566 | Z12: 104.7755 | AA12: 16.486445 | AB12: 156.4923 | AC12: 79893.262 | AD12: 10429.674 | AE12: 67269.722 | AF12: 14375.932 | AG12: 66.680606 | AH12: 17.001163 | AI12: 0 | AJ12: 1580.065 | AK12: 191.5938 | AL12: 504.53434 | AM12: 2003.6778 | AN12: 150.10698 | AO12: 41.674337 | AP12: 0 | AQ12: =SUM(AC12:AI12) -> 172052.27 | AR12: =SUM(AJ12:AP12) -> 4471.6523 | AS12: =AQ12+AR12 -> 176523.92 | AT12: =SUM(C12:AP12) -> 284582.73 | AU12: Services
B13: Waste | C13: 13.746245 | D13: 16.13001 | E13: 3.8815479 | F13: 42.50759 | G13: 543.01996 | H13: 6.6519169 | I13: 639.35057 | J13: 0.5878753 | K13: 371.412 | L13: 1679.0396 | M13: 1073.2294 | N13: 1.8142479 | O13: 41.98349 | P13: 3.3856998 | Q13: 4.0424265 | R13: 5.5174308 | S13: 8.5380765 | T13: 3.9893131 | U13: 2.237714 | V13: 65.502247 | W13: 1.6568757 | X13: 20.551999 | Y13: 27.130856 | Z13: 10.39925 | AA13: 0.46821373 | AB13: 1.7849796 | AC13: 44.65593 | AD13: 0.068046198 | AE13: 8.7955957 | AF13: 23.911059 | AG13: 4.2574479 | AH13: 0.70612918 | AI13: 0 | AJ13: 12.537204 | AK13: 0.2045086 | AL13: 1.4843213 | AM13: 3.2651334 | AN13: 1.0223699 | AO13: 0.31180782 | AP13: 0 | AQ13: =SUM(AC13:AI13) -> 82.394208 | AR13: =SUM(AJ13:AP13) -> 18.825345 | AS13: =AQ13+AR13 -> 101.21955 | AT13: =SUM(C13:AP13) -> 4689.779 | AU13: Waste
B14: Water | C14: 4.6948942 | D14: 19.55543 | E14: 5.4133695 | F14: 3.1222796 | G14: 5.0753002 | H14: 1.5455627 | I14: 100.32612 | J14: 0.18384942 | K14: 93.593226 | L14: 783.85438 | M14: 10.007126 | N14: 22.201018 | O14: 49.201894 | P14: 0.17702877 | Q14: 0.092657988 | R14: 0.034398116 | S14: 0.066599734 | T14: 0.014814003 | U14: 0.03558927 | V14: 1.5237923 | W14: 0.0093182515 | X14: 1.033184 | Y14: 1.3232549 | Z14: 0.038959233 | AA14: 0.031148481 | AB14: 0.038671855 | AC14: 1.365161 | AD14: 0 | AE14: 0.023201697 | AF14: 10.483103 | AG14: 0.032328147 | AH14: 0.0080431782 | AI14: 0 | AJ14: 0.29511264 | AK14: 0.018367011 | AL14: 0.012938802 | AM14: 0.73247332 | AN14: 0.004478121 | AO14: 0.00092277349 | AP14: 0 | AQ14: =SUM(AC14:AI14) -> 11.911837 | AR14: =SUM(AJ14:AP14) -> 1.0642927 | AS14: =AQ14+AR14 -> 12.97613 | AT14: =SUM(C14:AP14) -> 1116.17 | AU14: Water
B15: Hotels and Resteraunts | C15: 5.3136132 | D15: 86.236569 | E15: 5.5976654 | F15: 48.128643 | G15: 4.2654028 | H15: 6.9070914 | I15: 548.14745 | J15: 0.42382406 | K15: 881.71414 | L15: 1074.1298 | M15: 8.4402485 | N15: 3.0628902 | O15: 302.89195 | P15: 32.604482 | Q15: 69.719528 | R15: 26.996196 | S15: 22.313997 | T15: 9.5861026 | U15: 45.973384 | V15: 2852.1642 | W15: 78.942505 | X15: 9260.027 | Y15: 3505.6874 | Z15: 21.250438 | AA15: 4.1547744 | AB15: 157.04745 | AC15: 2664.1669 | AD15: 5.1928534 | AE15: 77.334588 | AF15: 43.502679 | AG15: 1.3423924 | AH15: 0.26979731 | AI15: 0 | AJ15: 1951.7642 | AK15: 554.31663 | AL15: 23.582716 | AM15: 20.344667 | AN15: 4883.7646 | AO15: 1303.9148 | AP15: 0 | AQ15: =SUM(AC15:AI15) -> 2791.8092 | AR15: =SUM(AJ15:AP15) -> 8737.6876 | AS15: =AQ15+AR15 -> 11529.497 | AT15: =SUM(C15:AP15) -> 30591.224 | AU15: Hotels and Resteraunts
A16: World_but_AT | B16: Plant cultivation | C16: 62.865283 | D16: 723.28964 | E16: 468.81003 | F16: 0.63319115 | G16: 0.076480653 | H16: 0.46196787 | I16: 169.97402 | J16: 0.12223681 | K16: 18.996482 | L16: 46.800421 | M16: 0.19162632 | N16: 0.0058187874 | O16: 174.13546 | P16: 716052.2 | Q16: 879752.81 | R16: 87428.008 | S16: 5979.019 | T16: 199.92899 | U16: 22338.447 | V16: 463959.79 | W16: 29676.563 | X16: 48374.116 | Y16: 150225 | Z16: 839.05322 | AA16: 696.78732 | AB16: 47428.826 | AC16: 1263.9151 | AD16: 0 | AE16: 0.18997939 | AF16: 36.48352 | AG16: 3.0654746 | AH16: 0.042705018 | AI16: 0 | AJ16: 904926.91 | AK16: 552.4543 | AL16: 18964.209 | AM16: 63323.495 | AN16: 130813.44 | AO16: -46.807683 | AP16: 0 | AQ16: =SUM(AJ16:AP16) -> 1118533.7 | AR16: =SUM(AC16:AI16) -> 1303.6968 | AS16: =AQ16+AR16 -> 1119837.4 | AT16: =SUM(C16:AP16) -> 3574454.3 | AU16: Plant cultivation | AV16: World_but_AT
B17: Plant processing | C17: 1.5072303 | D17: 924.60947 | E17: 76.2753 | F17: 61.957647 | G17: 0.029647852 | H17: 0.42142129 | I17: 482.41115 | J17: 0.14689252 | K17: 161.92435 | L17: 110.98718 | M17: 0.060103296 | N17: 0.040394068 | O17: 393.07175 | P17: 10099.604 | Q17: 516539.45 | R17: 170085.66 | S17: 89633.188 | T17: 455.08707 | U17: 5814.8969 | V17: 117272.31 | W17: 12725.77 | X17: 84682.068 | Y17: 186015.38 | Z17: 1476.1264 | AA17: 736.81041 | AB17: 316716.06 | AC17: 4982.1696 | AD17: 0 | AE17: 0.2183322 | AF17: 5.8763261 | AG17: 2.0772574 | AH17: 0.010227036 | AI17: 0 | AJ17: 2231723.9 | AK17: 472.37672 | AL17: 17550.844 | AM17: 5956.9743 | AN17: 15760.056 | AO17: 476.26951 | AP17: 0 | AQ17: =SUM(AJ17:AP17) -> 2271940.4 | AR17: =SUM(AC17:AI17) -> 4990.3517 | AS17: =AQ17+AR17 -> 2276930.8 | AT17: =SUM(C17:AP17) -> 3791396.6 | AU17: Plant processing
B18: Animal husbandry | C18: 0.10307963 | D18: 5.0388205 | E18: 2.4728014 | F18: 126.36192 | G18: 0.030665324 | H18: 0.8548333 | I18: 35.078288 | J18: 0.031622784 | K18: 37.099081 | L18: 31.350593 | M18: 0.068501938 | N18: 0.007228604 | O18: 17.423598 | P18: 3827.7336 | Q18: 25754.76 | R18: 153421.23 | S18: 730109.3 | T18: 463.46391 | U18: 5649.1921 | V18: 82247.614 | W18: 9469.9758 | X18: 26223.917 | Y18: 35709.826 | Z18: 377.88882 | AA18: 919.77351 | AB18: 64998.857 | AC18: 109.36556 | AD18: 0 | AE18: 0.27134592 | AF18: 113.83794 | AG18: -0.75228224 | AH18: 0.074549015 | AI18: 0 | AJ18: 591491.84 | AK18: 2517.1973 | AL18: 34496.018 | AM18: 95928.07 | AN18: 261735.58 | AO18: 266.25989 | AP18: 0 | AQ18: =SUM(AJ18:AP18) -> 986434.97 | AR18: =SUM(AC18:AI18) -> 222.79712 | AS18: =AQ18+AR18 -> 986657.76 | AT18: =SUM(C18:AP18) -> 2126087.2 | AU18: Animal husbandry
B19: Animal processing | C19: 0.87368947 | D19: 107.28546 | E19: 87.241239 | F19: 351.09168 | G19: 0.069465587 | H19: 0.72075318 | I19: 197.76009 | J19: 0.27785082 | K19: 572.52544 | L19: 134.15787 | M19: 0.14378785 | N19: 0.031679183 | O19: 293.16561 | P19: 7637.5443 | Q19: 118632.41 | R19: 35153.253 | S19: 179327.06 | T19: 348.3578 | U19: 3477.4633 | V19: 84174.695 | W19: 5557.5714 | X19: 43166.375 | Y19: 143802.53 | Z19: 1439.538 | AA19: 577.88087 | AB19: 182740.95 | AC19: 1277.4471 | AD19: 0 | AE19: 0.3092875 | AF19: 10.997229 | AG19: 5.1922524 | AH19: 0.015729394 | AI19: 0 | AJ19: 1390058.3 | AK19: 16936.941 | AL19: 14125.231 | AM19: 6845.7963 | AN19: 49962.772 | AO19: 348.9897 | AP19: 0 | AQ19: =SUM(AJ19:AP19) -> 1478278.1 | AR19: =SUM(AC19:AI19) -> 1293.9616 | AS19: =AQ19+AR19 -> 1479572 | AT19: =SUM(C19:AP19) -> 2287353 | AU19: Animal processing
B20: Food waste and reuse | C20: 0.12573364 | D20: 1.3723605 | E20: 0.13608307 | F20: 0.54739531 | G20: 2.5568797 | H20: 0.026998352 | I20: 33.851527 | J20: 0.020247936 | K20: 8.501986 | L20: 3.243345 | M20: 4.8490116 | N20: 0.014118374 | O20: 0.24700065 | P20: 760.03301 | Q20: 1577.6522 | R20: 813.7327 | S20: 1430.1795 | T20: 5446.9462 | U20: 1694.7209 | V20: 30546.024 | W20: 300.04443 | X20: 9456.793 | Y20: 26211.784 | Z20: 10921.758 | AA20: 1426.4674 | AB20: 1982.4499 | AC20: 51.968558 | AD20: 0 | AE20: 0.036550747 | AF20: 1.0305962 | AG20: 0.85823896 | AH20: 0.32151922 | AI20: 0 | AJ20: 36987.403 | AK20: 187.40297 | AL20: 15693.765 | AM20: 2207.9711 | AN20: 652.92166 | AO20: 99.631173 | AP20: 0 | AQ20: =SUM(AJ20:AP20) -> 55829.095 | AR20: =SUM(AC20:AI20) -> 54.215463 | AS20: =AQ20+AR20 -> 55883.31 | AT20: =SUM(C20:AP20) -> 148507.39 | AU20: Food waste and reuse
B21: Mining and forestry | C21: 20.093132 | D21: 42.586785 | E21: 80.833401 | F21: 6.6744592 | G21: 0.96118835 | H21: 329.33688 | I21: 6540.6182 | J21: 344.79778 | K21: 718.12919 | L21: 76.752341 | M21: 2.2620695 | N21: 0.13814482 | O21: 19.621946 | P21: 14687.034 | Q21: 17653.876 | R21: 13024.996 | S21: 15589.132 | T21: 784.46181 | U21: 526712.8 | V21: 2941972.4 | W21: 34589.501 | X21: 553260.51 | Y21: 67606.982 | Z21: 3235.5789 | AA21: 2429.4818 | AB21: 6575.5375 | AC21: 52.732562 | AD21: 0 | AE21: 1.4754536 | AF21: 19.540849 | AG21: 124.38046 | AH21: 0.015749385 | AI21: 0 | AJ21: 187013.57 | AK21: 334.51218 | AL21: 15610.209 | AM21: 27480.316 | AN21: 54336.215 | AO21: 91.409291 | AP21: 0 | AQ21: =SUM(AJ21:AP21) -> 284866.23 | AR21: =SUM(AC21:AI21) -> 198.14507 | AS21: =AQ21+AR21 -> 285064.37 | AT21: =SUM(C21:AP21) -> 4491369.5 | AU21: Mining and forestry
B22: Manufacturing and construction | C22: 618.17888 | D22: 756.76687 | E22: 181.10095 | F22: 505.72133 | G22: 22.860637 | H22: 114.0884 | I22: 41525.824 | J22: 10.37789 | K22: 2802.7384 | L22: 6039.0281 | M22: 32.976567 | N22: 10.850518 | O22: 376.46095 | P22: 282819.01 | Q22: 327521.27 | R22: 152714.06 | S22: 222343.72 | T22: 18597.773 | U22: 544153.24 | V22: 20423184 | W22: 173627.04 | X22: 2451611.9 | Y22: 3845384.8 | Z22: 41352.11 | AA22: 26848.343 | AB22: 184857.62 | AC22: 25473.298 | AD22: 0 | AE22: 48.693647 | AF22: 25730.391 | AG22: -3856.3175 | AH22: 2.1910407 | AI22: 0 | AJ22: 5631171.1 | AK22: 21194.941 | AL22: 345242.15 | AM22: 15450900 | AN22: 339885.87 | AO22: 33751.133 | AP22: 0 | AQ22: =SUM(AJ22:AP22) -> 21822145 | AR22: =SUM(AC22:AI22) -> 47398.256 | AS22: =AQ22+AR22 -> 21869543 | AT22: =SUM(C22:AP22) -> 50617555 | AU22: Manufacturing and construction
B23: Manufacturing fertilisers | C23: 12.162535 | D23: 0.8925931 | E23: 1.6656781 | F23: 0.42789537 | G23: 0.1326655 | H23: 0.46277902 | I23: 111.75486 | J23: 0.1853383 | K23: 4.2746904 | L23: 7.7060574 | M23: 0.26635619 | N23: 0.011981261 | O23: 0.66985815 | P23: 229904.38 | Q23: 2279.388 | R23: 6213.5911 | S23: 2496.9045 | T23: 67.068251 | U23: 13897.572 | V23: 68620.429 | W23: 117970.94 | X23: 11692.701 | Y23: 21279.996 | Z23: 135.33964 | AA23: 236.18753 | AB23: 1280.2167 | AC23: 27.843777 | AD23: 0 | AE23: 4.2440125 | AF23: 8.4463037 | AG23: 2.1371508 | AH23: 0.015961425 | AI23: 0 | AJ23: 47836.9 | AK23: 80.066686 | AL23: 215061.42 | AM23: 3610.353 | AN23: 9292.5677 | AO23: 70.449586 | AP23: 0 | AQ23: =SUM(AJ23:AP23) -> 275951.76 | AR23: =SUM(AC23:AI23) -> 42.687206 | AS23: =AQ23+AR23 -> 275994.44 | AT23: =SUM(C23:AP23) -> 752209.76 | AU23: Manufacturing fertilisers
B24: Trade, transport and utilities | C24: 37.773046 | D24: 636.4462 | E24: 93.198803 | F24: 674.34704 | G24: 25.432112 | H24: 178.50676 | I24: 8410.5077 | J24: 47.50907 | K24: 6079.6783 | L24: 1856.4085 | M24: 59.877558 | N24: 14.665921 | O24: 167.77145 | P24: 239401.94 | Q24: 479706.79 | R24: 245596.97 | S24: 302634.8 | T24: 13907.124 | U24: 386960.06 | V24: 5500831.8 | W24: 153703.48 | X24: 4491665.5 | Y24: 3440014.6 | Z24: 31283.527 | AA24: 22070.49 | AB24: 472686.75 | AC24: 1156.6307 | AD24: 0 | AE24: 24.308017 | AF24: 4680.1142 | AG24: -25.009387 | AH24: 8.566634 | AI24: 0 | AJ24: 9724786 | AK24: 12549.976 | AL24: 541122.37 | AM24: 979977.57 | AN24: 108549 | AO24: 11207.68 | AP24: 0 | AQ24: =SUM(AJ24:AP24) -> 11378193 | AR24: =SUM(AC24:AI24) -> 5844.6101 | AS24: =AQ24+AR24 -> 11384037 | AT24: =SUM(C24:AP24) -> 27182783 | AU24: Trade, transport and utilities
B25: Services | C25: 20.629362 | D25: 299.13419 | E25: 24.7553 | F25: 486.8617 | G25: 8.8234549 | H25: 32.521317 | I25: 4134.6513 | J25: 7.1482117 | K25: 2099.3615 | L25: 7508.5326 | M25: 17.482004 | N25: 2.3614905 | O25: 149.59506 | P25: 158442.17 | Q25: 238543.04 | R25: 99539.655 | S25: 113474.59 | T25: 25640.828 | U25: 362121.95 | V25: 3779585.3 | W25: 68545.027 | X25: 2942021.7 | Y25: 11916609 | Z25: 50347.559 | AA25: 28946.109 | AB25: 479283.47 | AC25: 1889.7609 | AD25: 0 | AE25: 126.64854 | AF25: 240.41355 | AG25: -15.828381 | AH25: 4.1058986 | AI25: 0 | AJ25: 19214876 | AK25: 910965.06 | AL25: 11613463 | AM25: 3305544.4 | AN25: 123639.73 | AO25: 2782.1215 | AP25: 0 | AQ25: =SUM(AJ25:AP25) -> 35171271 | AR25: =SUM(AC25:AI25) -> 2245.1005 | AS25: =AQ25+AR25 -> 35173516 | AT25: =SUM(C25:AP25) -> 55451408 | AU25: Services
B26: Waste | C26: 0.08323127 | D26: 2.6066054 | E26: 0.11415432 | F26: 1.3203171 | G26: 5.6502073 | H26: 0.11128268 | I26: 155.88737 | J26: 0.048238612 | K26: 25.124643 | L26: 5.3558641 | M26: 15.343469 | N26: 0.034895282 | O26: 0.51006862 | P26: 2145.9831 | Q26: 4581.8776 | R26: 3015.8632 | S26: 4318.3041 | T26: 11475.426 | U26: 6237.7765 | V26: 66726.377 | W26: 732.8543 | X26: 27381.418 | Y26: 77180.188 | Z26: 27810.595 | AA26: 2770.8195 | AB26: 7535.9973 | AC26: 3.0974458 | AD26: 0 | AE26: 0.062461486 | AF26: 2.4375011 | AG26: 4.8436448 | AH26: 0.89535109 | AI26: 0 | AJ26: 59356.027 | AK26: 433.80322 | AL26: 27888.701 | AM26: 1264.8289 | AN26: 1275.9081 | AO26: 216.18455 | AP26: 0 | AQ26: =SUM(AJ26:AP26) -> 90435.453 | AR26: =SUM(AC26:AI26) -> 11.336404 | AS26: =AQ26+AR26 -> 90446.79 | AT26: =SUM(C26:AP26) -> 332572.46 | AU26: Waste
B27: Water | C27: 0.029321706 | D27: 1.0761934 | E27: 0.05794727 | F27: 0.62694361 | G27: 0.6177587 | H27: 0.14236662 | I27: 14.4574 | J27: 0.026773321 | K27: 20.735972 | L27: 3.2653264 | M27: 1.3377299 | N27: 0.0051090476 | O27: 0.25965814 | P27: 4585.7152 | Q27: 3077.432 | R27: 1267.5794 | S27: 1513.8094 | T27: 1289.1696 | U27: 3367.0214 | V27: 27465.189 | W27: 1112.8647 | X27: 15449.485 | Y27: 42739.893 | Z27: 2611.0164 | AA27: 10850.189 | AB27: 5374.08 | AC27: 2.5958008 | AD27: 0 | AE27: 0.036182476 | AF27: 6.37525 | AG27: 0.064114812 | AH27: 0.11767151 | AI27: 0 | AJ27: 109252.56 | AK27: 58.154509 | AL27: 7502.9376 | AM27: 1778.502 | AN27: -72.780569 | AO27: 50.518496 | AP27: 0 | AQ27: =SUM(AJ27:AP27) -> 118569.9 | AR27: =SUM(AC27:AI27) -> 9.1890196 | AS27: =AQ27+AR27 -> 118579.09 | AT27: =SUM(C27:AP27) -> 239325.17 | AU27: Water
B28: Hotels and Resteraunts | C28: 1.9644419 | D28: 28.795457 | E28: 2.7087439 | F28: 13.914548 | G28: 1.3998804 | H28: 2.6195367 | I28: 372.04637 | J28: 0.35968255 | K28: 1303.9563 | L28: 7248.5005 | M28: 2.7777697 | N28: 0.83069947 | O28: 76.321252 | P28: 7916.9457 | Q28: 12347.911 | R28: 5460.5789 | S28: 11204.756 | T28: 785.48437 | U28: 19200.851 | V28: 266448.04 | W28: 4293.7063 | X28: 275122.4 | Y28: 771357.8 | Z28: 2266.3767 | AA28: 992.65598 | AB28: 40077.983 | AC28: 7.8419532 | AD28: 0 | AE28: 0.12498538 | AF28: 3.7438809 | AG28: -0.30405845 | AH28: 0.052888161 | AI28: 0 | AJ28: 2716276.4 | AK28: 29605.392 | AL28: 76762.719 | AM28: 7526.2057 | AN28: 33012.512 | AO28: 7549.7442 | AP28: 0 | AQ28: =SUM(AJ28:AP28) -> 2870732.9 | AR28: =SUM(AC28:AI28) -> 11.459649 | AS28: =AQ28+AR28 -> 2870744.4 | AT28: =SUM(C28:AP28) -> 4297276.1 | AU28: Hotels and Resteraunts
B29: Value Added | C29: =$AT3-C30 -> 1961.6332 | D29: =$AT4-D30 -> 15314.128 | E29: =$AT5-E30 -> 1510.3105 | F29: =$AT6-F30 -> 2103.764 | G29: =$AT7-G30 -> 1002.7442 | H29: =$AT8-H30 -> 4074.8078 | I29: =$AT9-I30 -> 92225.175 | J29: =$AT10-J30 -> 51.985251 | K29: =$AT11-K30 -> 83982.707 | L29: =$AT12-L30 -> 170193.72 | M29: =$AT13-M30 -> 1979.8133 | N29: =$AT14-N30 -> 654.951 | O29: =$AT15-O30 -> 22104.755 | P29: =$AT16-P30 -> 1894883 | Q29: =$AT17-Q30 -> 1158907.6 | R29: =$AT18-R30 -> 1150897.8 | S29: =$AT19-S30 -> 604837.9 | T29: =$AT20-T30 -> 68791.045 | U29: =$AT21-U30 -> 2588536.4 | V29: =$AT22-V30 -> 16695151 | W29: =$AT23-W30 -> 139355.74 | X29: =$AT24-X30 -> 16176107 | Y29: =$AT25-Y30 -> 34708488 | Z29: =$AT26-Z30 -> 158030.98 | AA29: =$AT27-AA30 -> 139710.8 | AB29: =$AT28-AB30 -> 2483362.6 | AC29: =SUM(C29:AB29) -> 78364219 | AE29: GDP
B30: Sum Inter-Industry Input | C30: =SUM(C3:C28) -> 2092.0015 | D30: =SUM(D3:D28) -> 10058.396 | E30: =SUM(E3:E28) -> 2797.4902 | F30: =SUM(F3:F28) -> 5796.7062 | G30: =SUM(G3:G28) -> 1399.9945 | H30: =SUM(H3:H28) -> 2891.828 | I30: =SUM(I3:I28) -> 144647.96 | J30: =SUM(J3:J28) -> 484.54577 | ... AB30: =SUM(AB3:AB28) -> 1813913.5
B31: X_Total Industry Input (Output) | C31: =SUM(C3:C29) -> 4053.6347 | D31: =SUM(D3:D29) -> 25372.523 | E31: =SUM(E3:E29) -> 4307.8007 | F31: =SUM(F3:F29) -> 7900.4702 | G31: =SUM(G3:G29) -> 2402.7387 | H31: =SUM(H3:H29) -> 6966.6358 | I31: =SUM(I3:I29) -> 236873.13 | J31: =SUM(J3:J29) -> 536.53102 | ... AB31: =SUM(AB3:AB29) -> 4297276.1
B33: Environmental Emissions (scope 1) - M Matrix
B34: SuperRegion | C34: AT | P34: World_but_AT
B35: Aggregated_Sector | C35: Plant cultivation | D35: Plant processing | E35: Animal husbandry | F35: Animal processing | G35: Food waste and reuse | H35: Mining and forestry | I35: Manufacturing and construction | J35: Manufacturing fertilisers | K35: Trade, transport and utilities | L35: Services | M35: Waste | N35: Water | O35: Hotels and Resteraunts | P35: Plant cultivation | Q35: Plant processing | R35: Animal husbandry | S35: Animal processing | T35: Food waste and reuse | U35: Mining and forestry | V35: Manufacturing and construction | W35: Manufacturing fertilisers | X35: Trade, transport and utilities | Y35: Services | Z35: Waste | AA35: Water | AB35: Hotels and Resteraunts
A36: Emissions | B36: CO2 | C36: 1.5993954e+09 | D36: 9.073041e+08 | E36: 1.4220182e+09 | F36: 4.5011202e+08 | G36: 1.9754898e+08 | H36: 1.3488115e+09 | I36: 2.6932982e+10 | J36: 25411300 | K36: 2.4996084e+10 | L36: 5.8123841e+09 | M36: 3.0451057e+08 | N36: 6207549.4 | O36: 1.2695482e+09 | P36: 6.7060212e+11 | Q36: 4.6121887e+11 | R36: 3.5528424e+11 | S36: 5.4085772e+11 | T36: 4.894075e+10 | U36: 1.2681621e+12 | V36: 1.071722e+13 | W36: 3.7243034e+11 | X36: 1.6319027e+13 | Y36: 1.7003088e+12 | Z36: 8.3590785e+10 | AA36: 2.3772825e+10 | AB36: 1.1999837e+11
B37: CH4 Fossil (CO2 eq) | C37: 14564307 | D37: 3263882.7 | E37: 27359991 | F37: 1807094.2 | G37: 1338099.2 | H37: 25384000 | I37: 76396241 | J37: 122854.74 | K37: 88038877 | L37: 19846533 | M37: 2583157.2 | N37: 17230.296 | O37: 13002997 | P37: 8.1658011e+09 | Q37: 2.1504162e+09 | R37: 4.7215396e+09 | S37: 3.2157609e+09 | T37: 1.4800138e+08 | U37: 3.4253158e+09 | V37: 2.6777665e+10 | W37: 9.8360651e+08 | X37: 1.7845257e+10 | Y37: 1.4396815e+10 | Z37: 5.0916709e+08 | AA37: 1.5564108e+08 | AB37: 2.1824001e+09
B38: CH4 non-fossil (CO2 eq) | C38: 0 | D38: 0 | E38: 5.5725996e+09 | F38: 0 | G38: 1.1184879e+09 | H38: 0 | I38: 0 | J38: 0 | K38: 0 | L38: 0 | M38: 1.6439732e+09 | N38: 0 | O38: 0 | P38: 1200539268970 | Q38: 0 | R38: 2.9624865e+12 | S38: 0 | T38: 1.4958422e+12 | U38: 0 | V38: 0 | W38: 0 | X38: 0 | Y38: 0 | Z38: 8.7458692e+11 | AA38: 0 | AB38: 0
B39: NO2 (CO2 eq) | C39: 1.1404979e+09 | D39: 4305058.1 | E39: 1.1685169e+09 | F39: 2387046.6 | G39: 2057895.5 | H39: 10478558 | I39: 1.4776074e+08 | J39: 149676.71 | K39: 1.1932054e+08 | L39: 43919677 | M39: 3256031 | N39: 63616.418 | O39: 14175284 | P39: 8.3230179e+11 | Q39: 3.0940682e+09 | R39: 1.290654e+12 | S39: 3.7403643e+09 | T39: 2.2432258e+08 | U39: 6.9228936e+09 | V39: 5.2859796e+10 | W39: 1.6162448e+09 | X39: 1.0662244e+11 | Y39: 1.49167e+10 | Z39: 3.5217979e+08 | AA39: 1.0552214e+08 | AB39: 1.40177e+09
B40: SF6 (CO2 eq) | C40: 36898335 | D40: 19426185 | E40: 6080196.6 | F40: 3311865.8 | G40: 76966529 | H40: 1.2145736e+08 | I40: 1.1016552e+08 | J40: 1221787 | K40: 0 | L40: 0 | M40: 88602178 | N40: 0 | O40: 0 | P40: 2.1037289e+10 | Q40: 2.7758084e+09 | R40: 2.4974e+09 | S40: 4.9574601e+08 | T40: 3.3242259e+10 | U40: 5.9515744e+10 | V40: 8.0459782e+10 | W40: 6.9019774e+08 | X40: 0 | Y40: 0 | Z40: 1.3386852e+10 | AA40: 0 | AB40: 0
B41: Total (CO2 eq) | C41: 2.7913559e+09 | D41: 9.3429923e+08 | E41: 8.1965748e+09 | F41: 4.5761803e+08 | G41: 1.3963994e+09 | H41: 1.5061314e+09 | I41: 2.7267304e+10 | J41: 26905618 | K41: 2.5203444e+10 | L41: 5.8761503e+09 | M41: 2.0429251e+09 | N41: 6288396.1 | O41: 1.2967265e+09 | P41: 2.7326463e+12 | Q41: 4.6923917e+11 | R41: 4.6156436e+12 | S41: 5.4830959e+11 | T41: 1.5783975e+12 | U41: 1.338026e+12 | V41: 1.0877317e+13 | W41: 3.7572039e+11 | X41: 1.6443495e+13 | Y41: 1.7296223e+12 | Z41: 9.724259e+11 | AA41: 2.4033988e+10 | AB41: 1.2358254e+11 | AC41: =SUM(C41:AB41) -> 41905461533372
B42: SuperRegion | C42: AT | P42: World_but_AT
B43: Aggregated_Sector | C43: Plant cultivation | D43: Plant processing | E43: Animal husbandry | F43: Animal processing | G43: Food waste and reuse | H43: Mining and forestry | I43: Manufacturing and construction | J43: Manufacturing fertilisers | K43: Trade, transport and utilities | L43: Services | M43: Waste | N43: Water | O43: Hotels and Resteraunts | P43: Plant cultivation | Q43: Plant processing | R43: Animal husbandry | S43: Animal processing | T43: Food waste and reuse | U43: Mining and forestry | V43: Manufacturing and construction | W43: Manufacturing fertilisers | X43: Trade, transport and utilities | Y43: Services | Z43: Waste | AA43: Water | AB43: Hotels and Resteraunts
A44: Mass | B44: Plants (4-16) | C44: 9814.9808 | D44: 0 | E44: 0 | F44: 0 | G44: 0 | H44: 0 | I44: 0 | J44: 0 | K44: 0 | L44: 0 | M44: 0 | N44: 0 | O44: 0 | P44: 9360265 | Q44: 0 | R44: 0 | S44: 0 | T44: 0 | U44: 0 | V44: 0 | W44: 0 | X44: 0 | Y44: 0 | Z44: 0 | AA44: 0 | AB44: 0
B45: Feed (17-19) | C45: 0 | D45: 0 | E45: 15943.325 | F45: 0 | G45: 0 | H45: 0 | I45: 0 | J45: 0 | K45: 0 | L45: 0 | M45: 0 | N45: 0 | O45: 0 | P45: 0 | Q45: 0 | R45: 14027397 | S45: 0 | T45: 0 | U45: 0 | V45: 0 | W45: 0 | X45: 0 | Y45: 0 | Z45: 0 | AA45: 0 | AB45: 0
B46: Forestry (20-22) | C46: 0 | D46: 0 | E46: 0 | F46: 0 | G46: 0 | H46: 10298.251 | I46: 0 | J46: 0 | K46: 0 | L46: 0 | M46: 0 | N46: 0 | O46: 0 | P46: 0 | Q46: 0 | R46: 0 | S46: 0 | T46: 0 | U46: 2474629.4 | V46: 0 | W46: 0 | X46: 0 | Y46: 0 | Z46: 0 | AA46: 0 | AB46: 0
B47: Fish (23-25) | C47: 0 | D47: 0 | E47: 0.35 | F47: 0 | G47: 0 | H47: 0 | I47: 0 | J47: 0 | K47: 0 | L47: 0 | M47: 0 | N47: 0 | O47: 0 | P47: 0 | Q47: 0 | R47: 73610.246 | S47: 0 | T47: 0 | U47: 0 | V47: 0 | W47: 0 | X47: 0 | Y47: 0 | Z47: 0 | AA47: 0 | AB47: 0
B48: Fossil fuels (26-35) | C48: 0 | D48: 0 | E48: 0 | F48: 0 | G48: 0 | H48: 1295.1659 | I48: 0 | J48: 0 | K48: 0 | L48: 0 | M48: 0 | N48: 0 | O48: 0 | P48: 0 | Q48: 0 | R48: 0 | S48: 0 | T48: 0 | U48: 15991269 | V48: 0 | W48: 0 | X48: 0 | Y48: 0 | Z48: 0 | AA48: 0 | AB48: 0
B49: Metallic (36-50) | C49: 0 | D49: 0 | E49: 0 | F49: 0 | G49: 0 | H49: 6765.5906 | I49: 0 | J49: 0 | K49: 0 | L49: 0 | M49: 0 | N49: 0 | O49: 0 | P49: 0 | Q49: 0 | R49: 0 | S49: 0 | T49: 0 | U49: 9566059.4 | V49: 0 | W49: 0 | X49: 0 | Y49: 0 | Z49: 0 | AA49: 0 | AB49: 0
B50: Non-metallic (51-64) | C50: 0 | D50: 0 | E50: 0 | F50: 0 | G50: 0 | H50: 78895.676 | I50: 0 | J50: 0 | K50: 0 | L50: 0 | M50: 0 | N50: 0 | O50: 0 | P50: 0 | Q50: 0 | R50: 0 | S50: 0 | T50: 0 | U50: 43621621 | V50: 0 | W50: 0 | X50: 0 | Y50: 0 | Z50: 0 | AA50: 0 | AB50: 0
B51: Total material | C51: 9814.9808 | D51: 0 | E51: 15943.675 | F51: 0 | G51: 0 | H51: 97254.684 | I51: 0 | J51: 0 | K51: 0 | L51: 0 | M51: 0 | N51: 0 | O51: 0 | P51: 9360265 | Q51: 0 | R51: 14101007 | S51: 0 | T51: 0 | U51: 71653578 | V51: 0 | W51: 0 | X51: 0 | Y51: 0 | Z51: 0 | AA51: 0 | AB51: 0
B53: Environmental Coefficient E
B54: SuperRegion | C54: AT | P54: World_but_AT
B55: Aggregated_Sector | C55: Plant cultivation | D55: Plant processing | E55: Animal husbandry | F55: Animal processing | G55: Food waste and reuse | H55: Mining and forestry | I55: Manufacturing and construction | J55: Manufacturing fertilisers | K55: Trade, transport and utilities | L55: Services | M55: Waste | N55: Water | O55: Hotels and Resteraunts | P55: Plant cultivation | Q55: Plant processing | R55: Animal husbandry | S55: Animal processing | T55: Food waste and reuse | U55: Mining and forestry | V55: Manufacturing and construction | W55: Manufacturing fertilisers | X55: Trade, transport and utilities | Y55: Services | Z55: Waste | AA55: Water | AB55: Hotels and Resteraunts
A56: Multiplier | B56: CO2 | C56: =C36/C$31 -> 394558.34 | D56: =D36/D$31 -> 35759.317 | E56: =E36/E$31 -> 330103.06 | F56: =F36/F$31 -> 56972.814 | G56: =G36/G$31 -> 82218.254 | H56: =H36/H$31 -> 193610.17 | I56: =I36/I$31 -> 113702.14 | J56: =J36/J$31 -> 47362.219 | ... AB56: =AB36/AB$31 -> 27924.288
B57: CH4 Fossil (CO2 eq) | C57: =C37/C$31 -> 3592.9007 | D57: =D37/D$31 -> 128.63848 | E57: =E37/E$31 -> 6351.2666 | F57: =F37/F$31 -> 228.73249 | G57: =G37/G$31 -> 556.90583 | H57: =H37/H$31 -> 3643.6525 | I57: =I37/I$31 -> 322.51966 | J57: =J37/J$31 -> 228.97976 | ... AB57: =AB37/AB$31 -> 507.85662
B58: CH4 non-fossil (CO2 eq) | C58: =C38/C$31 -> 0 | D58: =D38/D$31 -> 0 | E58: =E38/E$31 -> 1293606.6 | F58: =F38/F$31 -> 0 | G58: =G38/G$31 -> 465505.4 | H58: =H38/H$31 -> 0 | I58: =I38/I$31 -> 0 | J58: =J38/J$31 -> 0 | ... AB58: =AB38/AB$31 -> 0
B59: NO2 (CO2 eq) | C59: =C39/C$31 -> 281351.91 | D59: =D39/D$31 -> 169.67402 | E59: =E39/E$31 -> 271256.02 | F59: =F39/F$31 -> 302.13981 | G59: =G39/G$31 -> 856.4791 | H59: =H39/H$31 -> 1504.1059 | I59: =I39/I$31 -> 623.79695 | J59: =J39/J$31 -> 278.97121 | ... AB59: =AB39/AB$31 -> 326.19966
B60: SF6 (CO2 eq) | C60: =C40/C$31 -> 9102.5308 | D60: =D40/D$31 -> 765.63869 | E60: =E40/E$31 -> 1411.4387 | F60: =F40/F$31 -> 419.19857 | G60: =G40/G$31 -> 32032.834 | H60: =H40/H$31 -> 17434.148 | I60: =I40/I$31 -> 465.08239 | J60: =J40/J$31 -> 2277.1973 | ... AB60: =AB40/AB$31 -> 0
B61: Total (CO2 eq) | C61: =C41/C$31 -> 688605.69 | D61: =D41/D$31 -> 36823.268 | E61: =E41/E$31 -> 1902728.4 | F61: =F41/F$31 -> 57922.885 | G61: =G41/G$31 -> 581169.88 | H61: =H41/H$31 -> 216192.07 | I61: =I41/I$31 -> 115113.54 | J61: =J41/J$31 -> 50147.368 | ... AB61: =AB41/AB$31 -> 28758.344
B62: SuperRegion | C62: AT | P62: World_but_AT
B63: Aggregated_Sector | C63: Plant cultivation | D63: Plant processing | E63: Animal husbandry | F63: Animal processing | G63: Food waste and reuse | H63: Mining and forestry | I63: Manufacturing and construction | J63: Manufacturing fertilisers | K63: Trade, transport and utilities | L63: Services | M63: Waste | N63: Water | O63: Hotels and Resteraunts | P63: Plant cultivation | Q63: Plant processing | R63: Animal husbandry | S63: Animal processing | T63: Food waste and reuse | U63: Mining and forestry | V63: Manufacturing and construction | W63: Manufacturing fertilisers | X63: Trade, transport and utilities | Y63: Services | Z63: Waste | AA63: Water | AB63: Hotels and Resteraunts
A64: Multiplier | B64: Plants (4-16) | C64: =C44/C$31 -> 2.421279 | D64: =D44/D$31 -> 0 | E64: =E44/E$31 -> 0 | F64: =F44/F$31 -> 0 | G64: =G44/G$31 -> 0 | H64: =H44/H$31 -> 0 | I64: =I44/I$31 -> 0 | J64: =J44/J$31 -> 0 | ... AB64: =AB44/AB$31 -> 0
B65: Feed (17-19) | C65: =C45/C$31 -> 0 | D65: =D45/D$31 -> 0 | E65: =E45/E$31 -> 3.7010359 | F65: =F45/F$31 -> 0 | G65: =G45/G$31 -> 0 | H65: =H45/H$31 -> 0 | I65: =I45/I$31 -> 0 | J65: =J45/J$31 -> 0 | ... AB65: =AB45/AB$31 -> 0
B66: Forestry (20-22) | C66: =C46/C$31 -> 0 | D66: =D46/D$31 -> 0 | E66: =E46/E$31 -> 0 | F66: =F46/F$31 -> 0 | G66: =G46/G$31 -> 0 | H66: =H46/H$31 -> 1.4782244 | I66: =I46/I$31 -> 0 | J66: =J46/J$31 -> 0 | ... AB66: =AB46/AB$31 -> 0
B67: Fish (23-25) | C67: =C47/C$31 -> 0 | D67: =D47/D$31 -> 0 | E67: =E47/E$31 -> 8.1247955e-05 | F67: =F47/F$31 -> 0 | G67: =G47/G$31 -> 0 | H67: =H47/H$31 -> 0 | I67: =I47/I$31 -> 0 | J67: =J47/J$31 -> 0 | ... AB67: =AB47/AB$31 -> 0
B68: Fossil fuels (26-35) | C68: =C48/C$31 -> 0 | D68: =D48/D$31 -> 0 | E68: =E48/E$31 -> 0 | F68: =F48/F$31 -> 0 | G68: =G48/G$31 -> 0 | H68: =H48/H$31 -> 0.1859098 | I68: =I48/I$31 -> 0 | J68: =J48/J$31 -> 0 | ... AB68: =AB48/AB$31 -> 0
B69: Metallic (36-50) | C69: =C49/C$31 -> 0 | D69: =D49/D$31 -> 0 | E69: =E49/E$31 -> 0 | F69: =F49/F$31 -> 0 | G69: =G49/G$31 -> 0 | H69: =H49/H$31 -> 0.97114171 | I69: =I49/I$31 -> 0 | J69: =J49/J$31 -> 0 | ... AB69: =AB49/AB$31 -> 0
B70: Non-metallic (51-64) | C70: =C50/C$31 -> 0 | D70: =D50/D$31 -> 0 | E70: =E50/E$31 -> 0 | F70: =F50/F$31 -> 0 | G70: =G50/G$31 -> 0 | H70: =H50/H$31 -> 11.324788 | I70: =I50/I$31 -> 0 | J70: =J50/J$31 -> 0 | ... AB70: =AB50/AB$31 -> 0
B71: Total material | C71: =C51/C$31 -> 2.421279 | D71: =D51/D$31 -> 0 | E71: =E51/E$31 -> 3.7011172 | F71: =F51/F$31 -> 0 | G71: =G51/G$31 -> 0 | H71: =H51/H$31 -> 13.960064 | I71: =I51/I$31 -> 0 | J71: =J51/J$31 -> 0 | ... AB71: =AB51/AB$31 -> 0
B73: 1/x hat Matrix | AE73: E-hat GHG
C74: 1 | D74: 2 | E74: 3 | F74: 4 | G74: 5 | H74: 6 | I74: 7 | J74: 8 | K74: 9 | L74: 10 | M74: 11 | N74: 12 | O74: 13 | P74: 14 | Q74: 15 | R74: 16 | S74: 17 | T74: 18 | U74: 19 | V74: 20 | W74: 21 | X74: 22 | Y74: 23 | Z74: 24 | AA74: 25 | AB74: 26 | AF74: 1 | AG74: 2 | AH74: 3 | AI74: 4 | AJ74: 5 | AK74: 6 | AL74: 7 | AM74: 8 | AN74: 9 | AO74: 10 | AP74: 11 | AQ74: 12 | AR74: 13 | AS74: 14 | AT74: 15 | AU74: 16 | AV74: 17 | AW74: 18 | AX74: 19 | AY74: 20 | AZ74: 21 | BA74: 22 | BB74: 23 | BC74: 24 | BD74: 25 | BE74: 26
B75: 1 | C75: =1/$AT3 -> 0.00024669218 | D75: 0 | E75: 0 | F75: 0 | G75: 0 | H75: 0 | I75: 0 | J75: 0 | K75: 0 | L75: 0 | M75: 0 | N75: 0 | O75: 0 | P75: 0 | Q75: 0 | R75: 0 | S75: 0 | T75: 0 | U75: 0 | V75: 0 | W75: 0 | X75: 0 | Y75: 0 | Z75: 0 | AA75: 0 | AB75: 0 | AE75: 1 | AF75: =C$61 -> 688605.69 | AG75: 0 | AH75: 0 | AI75: 0 | AJ75: 0 | AK75: 0 | AL75: 0 | AM75: 0 | AN75: 0 | AO75: 0 | AP75: 0 | AQ75: 0 | AR75: 0 | AS75: 0 | AT75: 0 | AU75: 0 | AV75: 0 | AW75: 0 | AX75: 0 | AY75: 0 | AZ75: 0 | BA75: 0 | BB75: 0 | BC75: 0 | BD75: 0 | BE75: 0
B76: 2 | C76: 0 | D76: =1/$AT4 -> 3.9412714e-05 | E76: 0 | F76: 0 | G76: 0 | H76: 0 | I76: 0 | J76: 0 | K76: 0 | L76: 0 | M76: 0 | N76: 0 | O76: 0 | P76: 0 | Q76: 0 | R76: 0 | S76: 0 | T76: 0 | U76: 0 | V76: 0 | W76: 0 | X76: 0 | Y76: 0 | Z76: 0 | AA76: 0 | AB76: 0 | AE76: 2 | AF76: 0 | AG76: =D$61 -> 36823.268 | AH76: 0 | AI76: 0 | AJ76: 0 | AK76: 0 | AL76: 0 | AM76: 0 | AN76: 0 | AO76: 0 | AP76: 0 | AQ76: 0 | AR76: 0 | AS76: 0 | AT76: 0 | AU76: 0 | AV76: 0 | AW76: 0 | AX76: 0 | AY76: 0 | AZ76: 0 | BA76: 0 | BB76: 0 | BC76: 0 | BD76: 0 | BE76: 0
B77: 3 | C77: 0 | D77: 0 | E77: =1/$AT5 -> 0.00023213701 | F77: 0 | G77: 0 | H77: 0 | I77: 0 | J77: 0 | K77: 0 | L77: 0 | M77: 0 | N77: 0 | O77: 0 | P77: 0 | Q77: 0 | R77: 0 | S77: 0 | T77: 0 | U77: 0 | V77: 0 | W77: 0 | X77: 0 | Y77: 0 | Z77: 0 | AA77: 0 | AB77: 0 | AE77: 3 | AF77: 0 | AG77: 0 | AH77: =E$61 -> 1902728.4 | AI77: 0 | AJ77: 0 | AK77: 0 | AL77: 0 | AM77: 0 | AN77: 0 | AO77: 0 | AP77: 0 | AQ77: 0 | AR77: 0 | AS77: 0 | AT77: 0 | AU77: 0 | AV77: 0 | AW77: 0 | AX77: 0 | AY77: 0 | AZ77: 0 | BA77: 0 | BB77: 0 | BC77: 0 | BD77: 0 | BE77: 0
B78: 4 | C78: 0 | D78: 0 | E78: 0 | F78: =1/$AT6 -> 0.00012657475 | G78: 0 | H78: 0 | I78: 0 | J78: 0 | K78: 0 | L78: 0 | M78: 0 | N78: 0 | O78: 0 | P78: 0 | Q78: 0 | R78: 0 | S78: 0 | T78: 0 | U78: 0 | V78: 0 | W78: 0 | X78: 0 | Y78: 0 | Z78: 0 | AA78: 0 | AB78: 0 | AE78: 4 | AF78: 0 | AG78: 0 | AH78: 0 | AI78: =F$61 -> 57922.885 | AJ78: 0 | AK78: 0 | AL78: 0 | AM78: 0 | AN78: 0 | AO78: 0 | AP78: 0 | AQ78: 0 | AR78: 0 | AS78: 0 | AT78: 0 | AU78: 0 | AV78: 0 | AW78: 0 | AX78: 0 | AY78: 0 | AZ78: 0 | BA78: 0 | BB78: 0 | BC78: 0 | BD78: 0 | BE78: 0
B79: 5 | C79: 0 | D79: 0 | E79: 0 | F79: 0 | G79: =1/$AT7 -> 0.00041619174 | H79: 0 | I79: 0 | J79: 0 | K79: 0 | L79: 0 | M79: 0 | N79: 0 | O79: 0 | P79: 0 | Q79: 0 | R79: 0 | S79: 0 | T79: 0 | U79: 0 | V79: 0 | W79: 0 | X79: 0 | Y79: 0 | Z79: 0 | AA79: 0 | AB79: 0 | AE79: 5 | AF79: 0 | AG79: 0 | AH79: 0 | AI79: 0 | AJ79: =G$61 -> 581169.88 | AK79: 0 | AL79: 0 | AM79: 0 | AN79: 0 | AO79: 0 | AP79: 0 | AQ79: 0 | AR79: 0 | AS79: 0 | AT79: 0 | AU79: 0 | AV79: 0 | AW79: 0 | AX79: 0 | AY79: 0 | AZ79: 0 | BA79: 0 | BB79: 0 | BC79: 0 | BD79: 0 | BE79: 0
B80: 6 | C80: 0 | D80: 0 | E80: 0 | F80: 0 | G80: 0 | H80: =1/$AT8 -> 0.00014354131 | I80: 0 | J80: 0 | K80: 0 | L80: 0 | M80: 0 | N80: 0 | O80: 0 | P80: 0 | Q80: 0 | R80: 0 | S80: 0 | T80: 0 | U80: 0 | V80: 0 | W80: 0 | X80: 0 | Y80: 0 | Z80: 0 | AA80: 0 | AB80: 0 | AE80: 6 | AF80: 0 | AG80: 0 | AH80: 0 | AI80: 0 | AJ80: 0 | AK80: =H$61 -> 216192.07 | AL80: 0 | AM80: 0 | AN80: 0 | AO80: 0 | AP80: 0 | AQ80: 0 | AR80: 0 | AS80: 0 | AT80: 0 | AU80: 0 | AV80: 0 | AW80: 0 | AX80: 0 | AY80: 0 | AZ80: 0 | BA80: 0 | BB80: 0 | BC80: 0 | BD80: 0 | BE80: 0
B81: 7 | C81: 0 | D81: 0 | E81: 0 | F81: 0 | G81: 0 | H81: 0 | I81: =1/$AT9 -> 4.2216692e-06 | J81: 0 | K81: 0 | L81: 0 | M81: 0 | N81: 0 | O81: 0 | P81: 0 | Q81: 0 | R81: 0 | S81: 0 | T81: 0 | U81: 0 | V81: 0 | W81: 0 | X81: 0 | Y81: 0 | Z81: 0 | AA81: 0 | AB81: 0 | AE81: 7 | AF81: 0 | AG81: 0 | AH81: 0 | AI81: 0 | AJ81: 0 | AK81: 0 | AL81: =I$61 -> 115113.54 | AM81: 0 | AN81: 0 | AO81: 0 | AP81: 0 | AQ81: 0 | AR81: 0 | AS81: 0 | AT81: 0 | AU81: 0 | AV81: 0 | AW81: 0 | AX81: 0 | AY81: 0 | AZ81: 0 | BA81: 0 | BB81: 0 | BC81: 0 | BD81: 0 | BE81: 0
B82: 8 | C82: 0 | D82: 0 | E82: 0 | F82: 0 | G82: 0 | H82: 0 | I82: 0 | J82: =1/$AT10 -> 0.0018638251 | K82: 0 | L82: 0 | M82: 0 | N82: 0 | O82: 0 | P82: 0 | Q82: 0 | R82: 0 | S82: 0 | T82: 0 | U82: 0 | V82: 0 | W82: 0 | X82: 0 | Y82: 0 | Z82: 0 | AA82: 0 | AB82: 0 | AE82: 8 | AF82: 0 | AG82: 0 | AH82: 0 | AI82: 0 | AJ82: 0 | AK82: 0 | AL82: 0 | AM82: =J$61 -> 50147.368 | AN82: 0 | AO82: 0 | AP82: 0 | AQ82: 0 | AR82: 0 | AS82: 0 | AT82: 0 | AU82: 0 | AV82: 0 | AW82: 0 | AX82: 0 | AY82: 0 | AZ82: 0 | BA82: 0 | BB82: 0 | BC82: 0 | BD82: 0 | BE82: 0
B83: 9 | C83: 0 | D83: 0 | E83: 0 | F83: 0 | G83: 0 | H83: 0 | I83: 0 | J83: 0 | K83: =1/$AT11 -> 6.8428357e-06 | L83: 0 | M83: 0 | N83: 0 | O83: 0 | P83: 0 | Q83: 0 | R83: 0 | S83: 0 | T83: 0 | U83: 0 | V83: 0 | W83: 0 | X83: 0 | Y83: 0 | Z83: 0 | AA83: 0 | AB83: 0 | AE83: 9 | AF83: 0 | AG83: 0 | AH83: 0 | AI83: 0 | AJ83: 0 | AK83: 0 | AL83: 0 | AM83: 0 | AN83: =K$61 -> 172463.03 | AO83: 0 | AP83: 0 | AQ83: 0 | AR83: 0 | AS83: 0 | AT83: 0 | AU83: 0 | AV83: 0 | AW83: 0 | AX83: 0 | AY83: 0 | AZ83: 0 | BA83: 0 | BB83: 0 | BC83: 0 | BD83: 0 | BE83: 0
B84: 10 | C84: 0 | D84: 0 | E84: 0 | F84: 0 | G84: 0 | H84: 0 | I84: 0 | J84: 0 | K84: 0 | L84: =1/$AT12 -> 3.5139167e-06 | M84: 0 | N84: 0 | O84: 0 | P84: 0 | Q84: 0 | R84: 0 | S84: 0 | T84: 0 | U84: 0 | V84: 0 | W84: 0 | X84: 0 | Y84: 0 | Z84: 0 | AA84: 0 | AB84: 0 | AE84: 10 | AF84: 0 | AG84: 0 | AH84: 0 | AI84: 0 | AJ84: 0 | AK84: 0 | AL84: 0 | AM84: 0 | AN84: 0 | AO84: =L$61 -> 20648.303 | AP84: 0 | AQ84: 0 | AR84: 0 | AS84: 0 | AT84: 0 | AU84: 0 | AV84: 0 | AW84: 0 | AX84: 0 | AY84: 0 | AZ84: 0 | BA84: 0 | BB84: 0 | BC84: 0 | BD84: 0 | BE84: 0
B85: 11 | C85: 0 | D85: 0 | E85: 0 | F85: 0 | G85: 0 | H85: 0 | I85: 0 | J85: 0 | K85: 0 | L85: 0 | M85: =1/$AT13 -> 0.00021322966 | N85: 0 | O85: 0 | P85: 0 | Q85: 0 | R85: 0 | S85: 0 | T85: 0 | U85: 0 | V85: 0 | W85: 0 | X85: 0 | Y85: 0 | Z85: 0 | AA85: 0 | AB85: 0 | AE85: 11 | AF85: 0 | AG85: 0 | AH85: 0 | AI85: 0 | AJ85: 0 | AK85: 0 | AL85: 0 | AM85: 0 | AN85: 0 | AO85: 0 | AP85: =M$61 -> 435612.23 | AQ85: 0 | AR85: 0 | AS85: 0 | AT85: 0 | AU85: 0 | AV85: 0 | AW85: 0 | AX85: 0 | AY85: 0 | AZ85: 0 | BA85: 0 | BB85: 0 | BC85: 0 | BD85: 0 | BE85: 0
B86: 12 | C86: 0 | D86: 0 | E86: 0 | F86: 0 | G86: 0 | H86: 0 | I86: 0 | J86: 0 | K86: 0 | L86: 0 | M86: 0 | N86: =1/$AT14 -> 0.00089592087 | O86: 0 | P86: 0 | Q86: 0 | R86: 0 | S86: 0 | T86: 0 | U86: 0 | V86: 0 | W86: 0 | X86: 0 | Y86: 0 | Z86: 0 | AA86: 0 | AB86: 0 | AE86: 12 | AF86: 0 | AG86: 0 | AH86: 0 | AI86: 0 | AJ86: 0 | AK86: 0 | AL86: 0 | AM86: 0 | AN86: 0 | AO86: 0 | AP86: 0 | AQ86: =N$61 -> 5633.9053 | AR86: 0 | AS86: 0 | AT86: 0 | AU86: 0 | AV86: 0 | AW86: 0 | AX86: 0 | AY86: 0 | AZ86: 0 | BA86: 0 | BB86: 0 | BC86: 0 | BD86: 0 | BE86: 0
B87: 13 | C87: 0 | D87: 0 | E87: 0 | F87: 0 | G87: 0 | H87: 0 | I87: 0 | J87: 0 | K87: 0 | L87: 0 | M87: 0 | N87: 0 | O87: =1/$AT15 -> 3.2689114e-05 | P87: 0 | Q87: 0 | R87: 0 | S87: 0 | T87: 0 | U87: 0 | V87: 0 | W87: 0 | X87: 0 | Y87: 0 | Z87: 0 | AA87: 0 | AB87: 0 | AE87: 13 | AF87: 0 | AG87: 0 | AH87: 0 | AI87: 0 | AJ87: 0 | AK87: 0 | AL87: 0 | AM87: 0 | AN87: 0 | AO87: 0 | AP87: 0 | AQ87: 0 | AR87: =O$61 -> 42388.839 | AS87: 0 | AT87: 0 | AU87: 0 | AV87: 0 | AW87: 0 | AX87: 0 | AY87: 0 | AZ87: 0 | BA87: 0 | BB87: 0 | BC87: 0 | BD87: 0 | BE87: 0
B88: 14 | C88: 0 | D88: 0 | E88: 0 | F88: 0 | G88: 0 | H88: 0 | I88: 0 | J88: 0 | K88: 0 | L88: 0 | M88: 0 | N88: 0 | O88: 0 | P88: =1/$AT16 -> 2.7976298e-07 | Q88: 0 | R88: 0 | S88: 0 | T88: 0 | U88: 0 | V88: 0 | W88: 0 | X88: 0 | Y88: 0 | Z88: 0 | AA88: 0 | AB88: 0 | AE88: 14 | AF88: 0 | AG88: 0 | AH88: 0 | AI88: 0 | AJ88: 0 | AK88: 0 | AL88: 0 | AM88: 0 | AN88: 0 | AO88: 0 | AP88: 0 | AQ88: 0 | AR88: 0 | AS88: =P$61 -> 764493.27 | AT88: 0 | AU88: 0 | AV88: 0 | AW88: 0 | AX88: 0 | AY88: 0 | AZ88: 0 | BA88: 0 | BB88: 0 | BC88: 0 | BD88: 0 | BE88: 0
B89: 15 | C89: 0 | D89: 0 | E89: 0 | F89: 0 | G89: 0 | H89: 0 | I89: 0 | J89: 0 | K89: 0 | L89: 0 | M89: 0 | N89: 0 | O89: 0 | P89: 0 | Q89: =1/$AT17 -> 2.6375505e-07 | R89: 0 | S89: 0 | T89: 0 | U89: 0 | V89: 0 | W89: 0 | X89: 0 | Y89: 0 | Z89: 0 | AA89: 0 | AB89: 0 | AE89: 15 | AF89: 0 | AG89: 0 | AH89: 0 | AI89: 0 | AJ89: 0 | AK89: 0 | AL89: 0 | AM89: 0 | AN89: 0 | AO89: 0 | AP89: 0 | AQ89: 0 | AR89: 0 | AS89: 0 | AT89: =Q$61 -> 123764.2 | AU89: 0 | AV89: 0 | AW89: 0 | AX89: 0 | AY89: 0 | AZ89: 0 | BA89: 0 | BB89: 0 | BC89: 0 | BD89: 0 | BE89: 0
B90: 16 | C90: 0 | D90: 0 | E90: 0 | F90: 0 | G90: 0 | H90: 0 | I90: 0 | J90: 0 | K90: 0 | L90: 0 | M90: 0 | N90: 0 | O90: 0 | P90: 0 | Q90: 0 | R90: =1/$AT18 -> 4.7034759e-07 | S90: 0 | T90: 0 | U90: 0 | V90: 0 | W90: 0 | X90: 0 | Y90: 0 | Z90: 0 | AA90: 0 | AB90: 0 | AE90: 16 | AF90: 0 | AG90: 0 | AH90: 0 | AI90: 0 | AJ90: 0 | AK90: 0 | AL90: 0 | AM90: 0 | AN90: 0 | AO90: 0 | AP90: 0 | AQ90: 0 | AR90: 0 | AS90: 0 | AT90: 0 | AU90: =R$61 -> 2170956.9 | AV90: 0 | AW90: 0 | AX90: 0 | AY90: 0 | AZ90: 0 | BA90: 0 | BB90: 0 | BC90: 0 | BD90: 0 | BE90: 0
B91: 17 | C91: 0 | D91: 0 | E91: 0 | F91: 0 | G91: 0 | H91: 0 | I91: 0 | J91: 0 | K91: 0 | L91: 0 | M91: 0 | N91: 0 | O91: 0 | P91: 0 | Q91: 0 | R91: 0 | S91: =1/$AT19 -> 4.3718656e-07 | T91: 0 | U91: 0 | V91: 0 | W91: 0 | X91: 0 | Y91: 0 | Z91: 0 | AA91: 0 | AB91: 0 | AE91: 17 | AF91: 0 | AG91: 0 | AH91: 0 | AI91: 0 | AJ91: 0 | AK91: 0 | AL91: 0 | AM91: 0 | AN91: 0 | AO91: 0 | AP91: 0 | AQ91: 0 | AR91: 0 | AS91: 0 | AT91: 0 | AU91: 0 | AV91: =S$61 -> 239713.59 | AW91: 0 | AX91: 0 | AY91: 0 | AZ91: 0 | BA91: 0 | BB91: 0 | BC91: 0 | BD91: 0 | BE91: 0
B92: 18 | C92: 0 | D92: 0 | E92: 0 | F92: 0 | G92: 0 | H92: 0 | I92: 0 | J92: 0 | K92: 0 | L92: 0 | M92: 0 | N92: 0 | O92: 0 | P92: 0 | Q92: 0 | R92: 0 | S92: 0 | T92: =1/$AT20 -> 6.7336717e-06 | U92: 0 | V92: 0 | W92: 0 | X92: 0 | Y92: 0 | Z92: 0 | AA92: 0 | AB92: 0 | AE92: 18 | AF92: 0 | AG92: 0 | AH92: 0 | AI92: 0 | AJ92: 0 | AK92: 0 | AL92: 0 | AM92: 0 | AN92: 0 | AO92: 0 | AP92: 0 | AQ92: 0 | AR92: 0 | AS92: 0 | AT92: 0 | AU92: 0 | AV92: 0 | AW92: =T$61 -> 10628411 | AX92: 0 | AY92: 0 | AZ92: 0 | BA92: 0 | BB92: 0 | BC92: 0 | BD92: 0 | BE92: 0
B93: 19 | C93: 0 | D93: 0 | E93: 0 | F93: 0 | G93: 0 | H93: 0 | I93: 0 | J93: 0 | K93: 0 | L93: 0 | M93: 0 | N93: 0 | O93: 0 | P93: 0 | Q93: 0 | R93: 0 | S93: 0 | T93: 0 | U93: =1/$AT21 -> 2.2264924e-07 | V93: 0 | W93: 0 | X93: 0 | Y93: 0 | Z93: 0 | AA93: 0 | AB93: 0 | AE93: 19 | AF93: 0 | AG93: 0 | AH93: 0 | AI93: 0 | AJ93: 0 | AK93: 0 | AL93: 0 | AM93: 0 | AN93: 0 | AO93: 0 | AP93: 0 | AQ93: 0 | AR93: 0 | AS93: 0 | AT93: 0 | AU93: 0 | AV93: 0 | AW93: 0 | AX93: =U$61 -> 297910.48 | AY93: 0 | AZ93: 0 | BA93: 0 | BB93: 0 | BC93: 0 | BD93: 0 | BE93: 0
B94: 20 | C94: 0 | D94: 0 | E94: 0 | F94: 0 | G94: 0 | H94: 0 | I94: 0 | J94: 0 | K94: 0 | L94: 0 | M94: 0 | N94: 0 | O94: 0 | P94: 0 | Q94: 0 | R94: 0 | S94: 0 | T94: 0 | U94: 0 | V94: =1/$AT22 -> 1.9755992e-08 | W94: 0 | X94: 0 | Y94: 0 | Z94: 0 | AA94: 0 | AB94: 0 | AE94: 20 | AF94: 0 | AG94: 0 | AH94: 0 | AI94: 0 | AJ94: 0 | AK94: 0 | AL94: 0 | AM94: 0 | AN94: 0 | AO94: 0 | AP94: 0 | AQ94: 0 | AR94: 0 | AS94: 0 | AT94: 0 | AU94: 0 | AV94: 0 | AW94: 0 | AX94: 0 | AY94: =V$61 -> 214892.19 | AZ94: 0 | BA94: 0 | BB94: 0 | BC94: 0 | BD94: 0 | BE94: 0
B95: 21 | C95: 0 | D95: 0 | E95: 0 | F95: 0 | G95: 0 | H95: 0 | I95: 0 | J95: 0 | K95: 0 | L95: 0 | M95: 0 | N95: 0 | O95: 0 | P95: 0 | Q95: 0 | R95: 0 | S95: 0 | T95: 0 | U95: 0 | V95: 0 | W95: =1/$AT23 -> 1.3294164e-06 | X95: 0 | Y95: 0 | Z95: 0 | AA95: 0 | AB95: 0 | AE95: 21 | AF95: 0 | AG95: 0 | AH95: 0 | AI95: 0 | AJ95: 0 | AK95: 0 | AL95: 0 | AM95: 0 | AN95: 0 | AO95: 0 | AP95: 0 | AQ95: 0 | AR95: 0 | AS95: 0 | AT95: 0 | AU95: 0 | AV95: 0 | AW95: 0 | AX95: 0 | AY95: 0 | AZ95: =W$61 -> 499488.85 | BA95: 0 | BB95: 0 | BC95: 0 | BD95: 0 | BE95: 0
B96: 22 | C96: 0 | D96: 0 | E96: 0 | F96: 0 | G96: 0 | H96: 0 | I96: 0 | J96: 0 | K96: 0 | L96: 0 | M96: 0 | N96: 0 | O96: 0 | P96: 0 | Q96: 0 | R96: 0 | S96: 0 | T96: 0 | U96: 0 | V96: 0 | W96: 0 | X96: =1/$AT24 -> 3.6787992e-08 | Y96: 0 | Z96: 0 | AA96: 0 | AB96: 0 | AE96: 22 | AF96: 0 | AG96: 0 | AH96: 0 | AI96: 0 | AJ96: 0 | AK96: 0 | AL96: 0 | AM96: 0 | AN96: 0 | AO96: 0 | AP96: 0 | AQ96: 0 | AR96: 0 | AS96: 0 | AT96: 0 | AU96: 0 | AV96: 0 | AW96: 0 | AX96: 0 | AY96: 0 | AZ96: 0 | BA96: =X$61 -> 604923.15 | BB96: 0 | BC96: 0 | BD96: 0 | BE96: 0
B97: 23 | C97: 0 | D97: 0 | E97: 0 | F97: 0 | G97: 0 | H97: 0 | I97: 0 | J97: 0 | K97: 0 | L97: 0 | M97: 0 | N97: 0 | O97: 0 | P97: 0 | Q97: 0 | R97: 0 | S97: 0 | T97: 0 | U97: 0 | V97: 0 | W97: 0 | X97: 0 | Y97: =1/$AT25 -> 1.8033807e-08 | Z97: 0 | AA97: 0 | AB97: 0 | AE97: 23 | AF97: 0 | AG97: 0 | AH97: 0 | AI97: 0 | AJ97: 0 | AK97: 0 | AL97: 0 | AM97: 0 | AN97: 0 | AO97: 0 | AP97: 0 | AQ97: 0 | AR97: 0 | AS97: 0 | AT97: 0 | AU97: 0 | AV97: 0 | AW97: 0 | AX97: 0 | AY97: 0 | AZ97: 0 | BA97: 0 | BB97: =Y$61 -> 31191.675 | BC97: 0 | BD97: 0 | BE97: 0
B98: 24 | C98: 0 | D98: 0 | E98: 0 | F98: 0 | G98: 0 | H98: 0 | I98: 0 | J98: 0 | K98: 0 | L98: 0 | M98: 0 | N98: 0 | O98: 0 | P98: 0 | Q98: 0 | R98: 0 | S98: 0 | T98: 0 | U98: 0 | V98: 0 | W98: 0 | X98: 0 | Y98: 0 | Z98: =1/$AT26 -> 3.0068635e-06 | AA98: 0 | AB98: 0 | AE98: 24 | AF98: 0 | AG98: 0 | AH98: 0 | AI98: 0 | AJ98: 0 | AK98: 0 | AL98: 0 | AM98: 0 | AN98: 0 | AO98: 0 | AP98: 0 | AQ98: 0 | AR98: 0 | AS98: 0 | AT98: 0 | AU98: 0 | AV98: 0 | AW98: 0 | AX98: 0 | AY98: 0 | AZ98: 0 | BA98: 0 | BB98: 0 | BC98: =Z$61 -> 2923952 | BD98: 0 | BE98: 0
B99: 25 | C99: 0 | D99: 0 | E99: 0 | F99: 0 | G99: 0 | H99: 0 | I99: 0 | J99: 0 | K99: 0 | L99: 0 | M99: 0 | N99: 0 | O99: 0 | P99: 0 | Q99: 0 | R99: 0 | S99: 0 | T99: 0 | U99: 0 | V99: 0 | W99: 0 | X99: 0 | Y99: 0 | Z99: 0 | AA99: =1/$AT27 -> 4.1784155e-06 | AB99: 0 | AE99: 25 | AF99: 0 | AG99: 0 | AH99: 0 | AI99: 0 | AJ99: 0 | AK99: 0 | AL99: 0 | AM99: 0 | AN99: 0 | AO99: 0 | AP99: 0 | AQ99: 0 | AR99: 0 | AS99: 0 | AT99: 0 | AU99: 0 | AV99: 0 | AW99: 0 | AX99: 0 | AY99: 0 | AZ99: 0 | BA99: 0 | BB99: 0 | BC99: 0 | BD99: =AA$61 -> 100423.99 | BE99: 0
B100: 26 | C100: 0 | D100: 0 | E100: 0 | F100: 0 | G100: 0 | H100: 0 | I100: 0 | J100: 0 | K100: 0 | L100: 0 | M100: 0 | N100: 0 | O100: 0 | P100: 0 | Q100: 0 | R100: 0 | S100: 0 | T100: 0 | U100: 0 | V100: 0 | W100: 0 | X100: 0 | Y100: 0 | Z100: 0 | AA100: 0 | AB100: =1/$AT28 -> 2.3270555e-07 | AE100: 26 | AF100: 0 | AG100: 0 | AH100: 0 | AI100: 0 | AJ100: 0 | AK100: 0 | AL100: 0 | AM100: 0 | AN100: 0 | AO100: 0 | AP100: 0 | AQ100: 0 | AR100: 0 | AS100: 0 | AT100: 0 | AU100: 0 | AV100: 0 | AW100: 0 | AX100: 0 | AY100: 0 | AZ100: 0 | BA100: 0 | BB100: 0 | BC100: 0 | BD100: 0 | BE100: =AB$61 -> 28758.344
B102: Technical Coefficient Matrix A | AE102: E-hat Mass (Plants)
C103: 1 | D103: 2 | E103: 3 | F103: 4 | G103: 5 | H103: 6 | I103: 7 | J103: 8 | K103: 9 | L103: 10 | M103: 11 | N103: 12 | O103: 13 | P103: 14 | Q103: 15 | R103: 16 | S103: 17 | T103: 18 | U103: 19 | V103: 20 | W103: 21 | X103: 22 | Y103: 23 | Z103: 24 | AA103: 25 | AB103: 26 | AF103: 1 | AG103: 2 | AH103: 3 | AI103: 4 | AJ103: 5 | AK103: 6 | AL103: 7 | AM103: 8 | AN103: 9 | AO103: 10 | AP103: 11 | AQ103: 12 | AR103: 13 | AS103: 14 | AT103: 15 | AU103: 16 | AV103: 17 | AW103: 18 | AX103: 19 | AY103: 20 | AZ103: 21 | BA103: 22 | BB103: 23 | BC103: 24 | BD103: 25 | BE103: 26
B104: 1 | C104: {=(MMULT(C3:AB28, C75:AB100))} -> 0.056907584 | D104: 0.028432259 | E104: 0.07601809 | F104: 5.8911267e-06 | G104: 1.2614077e-06 | H104: 1.5973565e-05 | I104: 0.00023364004 | J104: 5.0558791e-05 | K104: 0.00016688419 | L104: 0.00011282758 | M104: 1.1880936e-06 | N104: 7.4008367e-06 | O104: 0.0025589724 | P104: 1.1276465e-05 | Q104: 0.0001282206 | R104: 9.9660394e-05 | S104: 2.0345638e-06 | T104: 4.5131018e-06 | U104: 3.9791936e-06 | V104: 3.2624915e-06 | W104: 5.5638167e-06 | X104: 2.456723e-06 | Y104: 3.5249764e-06 | Z104: 4.385627e-06 | AA104: 1.8363428e-07 | AB104: 1.5256259e-05 | AE104: 1 | AF104: =C$64 -> 2.421279 | AG104: 0 | AH104: 0 | AI104: 0 | AJ104: 0 | AK104: 0 | AL104: 0 | AM104: 0 | AN104: 0 | AO104: 0 | AP104: 0 | AQ104: 0 | AR104: 0 | AS104: 0 | AT104: 0 | AU104: 0 | AV104: 0 | AW104: 0 | AX104: 0 | AY104: 0 | AZ104: 0 | BA104: 0 | BB104: 0 | BC104: 0 | BD104: 0 | BE104: 0
...

Sheet Graphs
C1: AT | Q1: World_but_AT
A2: GHG | C2: Plant cultivation | D2: Plant processing | E2: Animal husbandry | F2: Animal processing | G2: Food waste and reuse | H2: Mining and forestry | I2: Manufacturing and construction | J2: Manufacturing fertilisers | K2: Trade, transport and utilities | L2: Services | M2: Waste | N2: Water | O2: Hotels and Resteraunts | Q2: Plant cultivation | R2: Plant processing | S2: Animal husbandry | T2: Animal processing | U2: Food waste and reuse | V2: Mining and forestry | W2: Manufacturing and construction | X2: Manufacturing fertilisers | Y2: Trade, transport and utilities | Z2: Services | AA2: Waste | AB2: Water | AC2: Hotels and Resteraunts | AD2: Total
B3: Footprint | C3: =Model!AF190 -> 1283682643 | D3: =Model!AG190 -> 4478457278 | E3: =Model!AH190 -> 5280562170 | F3: =Model!AI190 -> 2725626509 | G3: =Model!AJ190 -> 69130163 | H3: =Model!AK190 -> 6.2035017e+08 | I3: =Model!AL190 -> 37150056511 | J3: =Model!AM190 -> 65569412 | ... O3: =Model!AR190 -> 1898968295 | P3: Footprint | Q3: =Model!AS190 -> 1365898517746 | R3: =Model!AT190 -> 1749856053387 | S3: =Model!AU190 -> 2638439900707 | T3: =Model!AV190 -> 2146194513020 | U3: =Model!AW190 -> 646786272453 | V3: =Model!AX190 -> 159879684900 | W3: =Model!AY190 -> 14384325506184 | X3: =Model!AZ190 -> 323597418574 | ... AC3: =Model!BE190 -> 1045420573051 | AD3: =SUM(C3:AC3) -> 41905461533372
B4: Direct output | C4: =Model!$BF162 -> 2791355939 | D4: =Model!$BF163 -> 9.3429923e+08 | E4: =Model!$BF164 -> 8196574847 | F4: =Model!$BF165 -> 457618028 | G4: =Model!$BF166 -> 1396399359 | H4: =Model!$BF167 -> 1506131436 | I4: =Model!$BF168 -> 27267304166 | J4: =Model!$BF169 -> 26905618 | K4: =Model!$BF170 -> 25203443673 | L4: =Model!$BF171 -> 5876150331 | M4: =Model!$BF172 -> 2042925110 | N4: =Model!$BF173 -> 6288396.1 | O4: =Model!$BF174 -> 1296726456 | P4: Direct output | Q4: =Model!$BF175 -> 2732646263190 | R4: =Model!$BF176 -> 469239165653 | S4: =Model!$BF177 -> 4615643638264 | T4: =Model!$BF178 -> 548309594787 | U4: =Model!$BF179 -> 1578397521282 | V4: =Model!$BF180 -> 1338026025113 | W4: =Model!$BF181 -> 10877317349483 | X4: =Model!$BF182 -> 375720391671 | Y4: =Model!$BF183 -> 16443494755899 | Z4: =Model!$BF184 -> 1729622271248 | AA4: =Model!$BF185 -> 972425901662 | AB4: =Model!$BF186 -> 24033987911 | AC4: =Model!$BF187 -> 123582544622 | AD4: =SUM(C4:AC4) -> 41905461533372
C26: AT | Q26: World_but_AT
C27: Plant cultivation | D27: Plant processing | E27: Animal husbandry | F27: Animal processing | G27: Food waste and reuse | H27: Mining and forestry | I27: Manufacturing and construction | J27: Manufacturing fertilisers | K27: Trade, transport and utilities | L27: Services | M27: Waste | N27: Water | O27: Hotels and Resteraunts | Q27: Plant cultivation | R27: Plant processing | S27: Animal husbandry | T27: Animal processing | U27: Food waste and reuse | V27: Mining and forestry | W27: Manufacturing and construction | X27: Manufacturing fertilisers | Y27: Trade, transport and utilities | Z27: Services | AA27: Waste | AB27: Water | AC27: Hotels and Resteraunts | AD27: Total
A28: Mat (Plants) | B28: Footprint | C28: =Model!AF222 -> 3494.1688 | D28: =Model!AG222 -> 3869.7637 | E28: =Model!AH222 -> 1398.5748 | F28: =Model!AI222 -> 423.12234 | G28: =Model!AJ222 -> 0.55920507 | H28: =Model!AK222 -> 13.531266 | I28: =Model!AL222 -> 2484.0648 | J28: =Model!AM222 -> 4.0893018 | ... O28: =Model!AR222 -> 621.83979 | P28: Footprint | Q28: =Model!AS222 -> 3702461.6 | R28: =Model!AT222 -> 2069843.8 | S28: =Model!AU222 -> 235621.07 | T28: =Model!AV222 -> 213445.15 | U28: =Model!AW222 -> 1598.6026 | V28: =Model!AX222 -> 10277.983 | W28: =Model!AY222 -> 1496400.1 | X28: =Model!AZ222 -> 57472.056 | ... AC28: =Model!BE222 -> 353955.98 | AD28: =SUM(C28:AC28) -> 9370080
B29: Direct output | C29: =Model!$BF194 -> 9814.9808 | D29: =Model!$BF195 -> 0 | E29: =Model!$BF196 -> 0 | F29: =Model!$BF197 -> 0 | G29: =Model!$BF198 -> 0 | H29: =Model!$BF199 -> 0 | I29: =Model!$BF200 -> 0 | J29: =Model!$BF201 -> 0 | K29: =Model!$BF202 -> 0 | L29: =Model!$BF203 -> 0 | M29: =Model!$BF204 -> 0 | N29: =Model!$BF205 -> 0 | O29: =Model!$BF206 -> 0 | P29: Direct output | Q29: =Model!$BF207 -> 9360265 | R29: =Model!$BF208 -> 0 | S29: =Model!$BF209 -> 0 | T29: =Model!$BF210 -> 0 | U29: =Model!$BF211 -> 0 | V29: =Model!$BF212 -> 0 | W29: =Model!$BF213 -> 0 | X29: =Model!$BF214 -> 0 | Y29: =Model!$BF215 -> 0 | Z29: =Model!$BF216 -> 0 | AA29: =Model!$BF217 -> 0 | AB29: =Model!$BF218 -> 0 | AC29: =Model!$BF219 -> 0 | AD29: =SUM(C29:AC29) -> 9370080
C53: Plant cultivation | D53: Plant processing | E53: Animal husbandry | F53: Animal processing | G53: Food waste and reuse | H53: Mining and forestry | I53: Manufacturing and construction | J53: Manufacturing fertilisers | K53: Trade, transport and utilities | L53: Services | M53: Waste | N53: Water | O53: Hotels and Resteraunts | Q53: Plant cultivation | R53: Plant processing | S53: Animal husbandry | T53: Animal processing | U53: Food waste and reuse | V53: Mining and forestry | W53: Manufacturing and construction | X53: Manufacturing fertilisers | Y53: Trade, transport and utilities | Z53: Services | AA53: Waste | AB53: Water | AC53: Hotels and Resteraunts | AD53: Total
A54: Mat (Feed) | B54: Footprint | C54: =Model!AF254 -> 21.747664 | D54: =Model!AG254 -> 1293.7716 | E54: =Model!AH254 -> 8639.511 | F54: =Model!AI254 -> 2803.7594 | G54: =Model!AJ254 -> 0.73499746 | H54: =Model!AK254 -> 16.30756 | I54: =Model!AL254 -> 1989.382 | J54: =Model!AM254 -> 6.6484638 | ... O54: =Model!AR254 -> 651.44837 | P54: Footprint | Q54: =Model!AS254 -> 42574.949 | R54: =Model!AT254 -> 383541.81 | S54: =Model!AU254 -> 7084977.8 | T54: =Model!AV254 -> 3707389.1 | U54: =Model!AW254 -> 2642.4523 | V54: =Model!AX254 -> 7143.9131 | W54: =Model!AY254 -> 889270.95 | X54: =Model!AZ254 -> 43465.64 | ... AC54: =Model!BE254 -> 682836.69 | AD54: =SUM(C54:AC54) -> 14043340
B55: Direct output | C55: =Model!$BF226 -> 0 | D55: =Model!$BF227 -> 0 | E55: =Model!$BF228 -> 15943.325 | F55: =Model!$BF229 -> 0 | G55: =Model!$BF230 -> 0 | H55: =Model!$BF231 -> 0 | I55: =Model!$BF232 -> 0 | J55: =Model!$BF233 -> 0 | K55: =Model!$BF234 -> 0 | L55: =Model!$BF235 -> 0 | M55: =Model!$BF236 -> 0 | N55: =Model!$BF237 -> 0 | O55: =Model!$BF238 -> 0 | P55: Direct output | Q55: =Model!$BF239 -> 0 | R55: =Model!$BF240 -> 0 | S55: =Model!$BF241 -> 14027397 | T55: =Model!$BF242 -> 0 | U55: =Model!$BF243 -> 0 | V55: =Model!$BF244 -> 0 | W55: =Model!$BF245 -> 0 | X55: =Model!$BF246 -> 0 | Y55: =Model!$BF247 -> 0 | Z55: =Model!$BF248 -> 0 | AA55: =Model!$BF249 -> 0 | AB55: =Model!$BF250 -> 0 | AC55: =Model!$BF251 -> 0 | AD55: =SUM(C55:AC55) -> 14043340
