Workbook

Sheet Model
B1: SuperRegion | C1: AT | Q1: World_but_AT | AE1: AT | AL1: World_but_AT | AW1: SuperRegion
A2: SuperRegion | B2: Aggregated_Sector | C2: Plant cultivation | D2: Plant processing | E2: Animal husbandry | F2: Animal processing | G2: Other food processing | H2: Food waste and reuse | I2: Mining and forestry | J2: Manufacturing and construction | K2: Manufacturing fertilisers | L2: Trade, transport and utilities | M2: Services | N2: Waste | O2: Water | P2: Hotels and Resteraunts | Q2: Plant cultivation | R2: Plant processing | S2: Animal husbandry | T2: Animal processing | U2: Other food processing | V2: Food waste and reuse | W2: Mining and forestry | X2: Manufacturing and construction | Y2: Manufacturing fertilisers | Z2: Trade, transport and utilities | AA2: Services | AB2: Waste | AC2: Water | AD2: Hotels and Resteraunts | AE2: Final consumption expenditure by households | AF2: Final consumption expenditure by non-profit organisations serving households (NPISH) | AG2: Final consumption expenditure by government | AH2: Gross fixed capital formation | AI2: Changes in inventories | AJ2: Changes in valuables | AK2: Exports: Total (fob) | AL2: Final consumption expenditure by households | AM2: Final consumption expenditure by non-profit organisations serving households (NPISH) | AN2: Final consumption expenditure by government | AO2: Gross fixed capital formation | AP2: Changes in inventories | AQ2: Changes in valuables | AR2: Exports: Total (fob) | AS2: Y_Region | AT2: Y_Exports | AU2: Y_Total Demand | AV2: X_Total Output | AW2: Aggregated_Sector | AX2: SuperRegion
A3: AT | B3: Plant cultivation | C3: 230.68256 | D3: 654.34422 | E3: 327.47078 | F3: 0.046542671 | G3: 67.053932 | H3: 0.0030308331 | I3: 0.11128201 | J3: 55.343047 | K3: 0.02712636 | L3: 24.388163 | M3: 32.10878 | N3: 0.0055718962 | O3: 0.0082605919 | P3: 78.282097 | Q3: 40.307207 | R3: 67.663369 | S3: 211.88669 | T3: 4.6537656 | U3: 418.47179 | V3: 0.67022896 | W3: 17.872029 | X3: 165.13934 | Y3: 4.1851572 | Z3: 66.780569 | AA3: 195.4649 | AB3: 1.4585388 | AC3: 0.043948306 | AD3: 65.560355 | AE3: 462.26954 | AF3: 0.00073144387 | AG3: 0.045280047 | AH3: 31.993768 | AI3: 7.4191078 | AJ3: 2.4113949 | AK3: 0 | AL3: 636.98651 | AM3: 0.022991753 | AN3: 3.654546 | AO3: 0.76484499 | AP3: 177.98502 | AQ3: 0.0477127 | AR3: 0 | AS3: =SUM(AE3:AK3) -> 504.13983 | AT3: =SUM(AL3:AR3) -> 819.46162 | AU3: =AS3+AT3 -> 1323.6014 | AV3: =SUM(C3:AR3) -> 4053.6347 | AW3: Plant cultivation | AX3: AT
B4: Plant processing | C4: 0.2117285 | D4: 27.859909 | E4: 107.3157 | F4: 3.952822 | G4: 170.6884 | H4: 1.3555571 | I4: 0.21507678 | J4: 32.191016 | K4: 0.02548544 | L4: 39.602902 | M4: 87.246597 | N4: 2.623549 | O4: 0.044466139 | P4: 288.73451 | Q4: 4.9007479 | R4: 72.058816 | S4: 82.942406 | T4: 30.557941 | U4: 224.58425 | V4: 0.27655886 | W4: 26.554815 | X4: 121.3129 | Y4: 9.3080163 | Z4: 148.80958 | AA4: 203.16102 | AB4: 5.3177026 | AC4: 0.3594507 | AD4: 463.35849 | AE4: 921.34975 | AF4: 0.022144759 | AG4: 2.8117574 | AH4: 10.093957 | AI4: 3.3495938 | AJ4: 1.0187115 | AK4: 0 | AL4: 2553.0318 | AM4: 0.40288885 | AN4: 2.0321675 | AO4: 1.8393076 | AP4: 19.88039 | AQ4: 0.619317 | AR4: 0 | AS4: =SUM(AE4:AK4) -> 938.64592 | AT4: =SUM(AL4:AR4) -> 2577.8058 | AU4: =AS4+AT4 -> 3516.4518 | AV4: =SUM(C4:AR4) -> 5672.0222 | AW4: Plant processing
B5: Animal husbandry | C5: 0.16951039 | D5: 1.444457 | E5: 11.701192 | F5: 844.69137 | G5: 277.73257 | H5: 0.19585694 | I5: 0.25300887 | J5: 29.783883 | K5: 4.599802 | L5: 392.25776 | M5: 31.497029 | N5: 0.38282067 | O5: 0.15820829 | P5: 57.455375 | Q5: 0.49849758 | R5: 2.9325259 | S5: 12.002778 | T5: 81.237286 | U5: 25.14083 | V5: 0.84229498 | W5: 1.897816 | X5: 115.76982 | Y5: 8.7120086 | Z5: 62.599404 | AA5: 54.234654 | AB5: 3.1133664 | AC5: 0.043859106 | AD5: 12.689872 | AE5: 695.64016 | AF5: 0.09562869 | AG5: 30.245596 | AH5: 1221.9379 | AI5: 9.0957376 | AJ5: 2.1483711 | AK5: 0 | AL5: 197.8533 | AM5: 3.6948703 | AN5: 3.2387618 | AO5: 55.727588 | AP5: 47.227662 | AQ5: 6.8573312 | AR5: 0 | AS5: =SUM(AE5:AK5) -> 1959.1633 | AT5: =SUM(AL5:AR5) -> 314.59952 | AU5: =AS5+AT5 -> 2273.7629 | AV5: =SUM(C5:AR5) -> 4307.8007 | AW5: Animal husbandry
B6: Animal processing | C6: 2.831445 | D6: 5.2700527 | E6: 53.132147 | F6: 427.50066 | G6: 160.04119 | H6: 1.0862806 | I6: 1.7601426 | J6: 126.59791 | K6: 0.42147721 | L6: 112.2109 | M6: 414.2444 | N6: 2.1398329 | O6: 0.41696889 | P6: 459.47672 | Q6: 20.745973 | R6: 8.2161597 | S6: 45.197126 | T6: 591.63251 | U6: 270.11004 | V6: 1.3018863 | W6: 30.89146 | X6: 267.60628 | Y6: 4.7668404 | Z6: 169.75706 | AA6: 303.64519 | AB6: 2.3660677 | AC6: 0.54875379 | AD6: 325.11026 | AE6: 1506.4837 | AF6: 0.023250513 | AG6: 24.669192 | AH6: 61.642587 | AI6: 9.4864543 | AJ6: 2.4528549 | AK6: 0 | AL6: 2648.9159 | AM6: 3.6005505 | AN6: 5.1450724 | AO6: 6.8076315 | AP6: -184.64999 | AQ6: 6.8672941 | AR6: 0 | AS6: =SUM(AE6:AK6) -> 1604.758 | AT6: =SUM(AL6:AR6) -> 2486.6864 | AU6: =AS6+AT6 -> 4091.4444 | AV6: =SUM(C6:AR6) -> 7900.4702 | AW6: Animal processing
B7: Other food processing | C7: 0.49350945 | D7: 54.479482 | E7: 340.05382 | F7: 43.842321 | G7: 1265.7567 | H7: 0.55592575 | I7: 0.58805681 | J7: 107.63796 | K7: 0.051087944 | L7: 72.50138 | M7: 264.92382 | N7: 1.0947618 | O7: 0.12096942 | P7: 749.53395 | Q7: 10.369098 | R7: 145.62619 | S7: 263.23303 | T7: 214.14796 | U7: 1040.6661 | V7: 0.75043347 | W7: 36.26323 | X7: 473.2427 | Y7: 16.356142 | Z7: 232.77344 | AA7: 480.73822 | AB7: 4.6489938 | AC7: 0.49825217 | AD7: 577.22008 | AE7: 6136.3634 | AF7: 0.021654692 | AG7: 8.156148 | AH7: 41.123969 | AI7: 15.634165 | AJ7: 5.1336439 | AK7: 0 | AL7: 7105.2073 | AM7: 1.2856519 | AN7: 13.713629 | AO7: 6.8959558 | AP7: -32.527025 | AQ7: 1.3247837 | AR7: 0 | AS7: =SUM(AE7:AK7) -> 6206.433 | AT7: =SUM(AL7:AR7) -> 7095.9003 | AU7: =AS7+AT7 -> 13302.333 | AV7: =SUM(C7:AR7) -> 19700.501 | AW7: Other food processing
B8: Food waste and reuse | C8: 33.580893 | D8: 3.016944 | E8: 1.5049304 | F8: 11.56261 | G8: 5.3341646 | H8: 280.66968 | I8: 3.3331151 | J8: 257.92879 | K8: 0.29149596 | L8: 186.39188 | M8: 904.58648 | N8: 551.72562 | O8: 1.074856 | P8: 22.651083 | Q8: 1.4224744 | R8: 0.7613831 | S8: 2.555742 | T8: 3.9479118 | U8: 0.92543177 | V8: 1.4111614 | W8: 1.1724963 | X8: 28.279307 | Y8: 0.35602924 | Z8: 11.060499 | AA8: 11.705756 | AB8: 4.2303619 | AC8: 0.19893767 | AD8: 0.88137436 | AE8: 42.190373 | AF8: 0.033735532 | AG8: 5.5730161 | AH8: 11.550764 | AI8: 2.1513445 | AJ8: 0.33941871 | AK8: 0 | AL8: 5.1613416 | AM8: 0.090433363 | AN8: 0.91856082 | AO8: 1.5380764 | AP8: 0.4359035 | AQ8: 0.19434114 | AR8: 0 | AS8: =SUM(AE8:AK8) -> 61.838653 | AT8: =SUM(AL8:AR8) -> 8.3386569 | AU8: =AS8+AT8 -> 70.177309 | AV8: =SUM(C8:AR8) -> 2402.7387 | AW8: Food waste and reuse
B9: Mining and forestry | C9: 45.361313 | D9: 22.628952 | E9: 17.735727 | F9: 16.437473 | G9: 14.3896 | H9: 23.138338 | I9: 1030.9495 | J9: 2017.0357 | K9: 19.195376 | L9: 516.3769 | M9: 292.80645 | N9: 43.11903 | O9: 1.6884188 | P9: 158.40092 | Q9: 96.461871 | R9: 16.323161 | S9: 19.950996 | T9: 37.78291 | U9: 29.359099 | V9: 2.3553271 | W9: 20.905571 | X9: 579.18291 | Y9: 7.2983703 | Z9: 193.81848 | AA9: 83.522171 | AB9: 7.487954 | AC9: 2.8386907 | AD9: 60.228544 | AE9: 725.09772 | AF9: 0.019357234 | AG9: 23.700002 | AH9: 134.98622 | AI9: 57.338144 | AJ9: -5.5388358 | AK9: 0 | AL9: 466.45877 | AM9: 0.25295558 | AN9: 3.9632913 | AO9: 12.780987 | AP9: 170.48939 | AQ9: 0.30797299 | AR9: 0 | AS9: =SUM(AE9:AK9) -> 935.6026 | AT9: =SUM(AL9:AR9) -> 654.25338 | AU9: =AS9+AT9 -> 1589.856 | AV9: =SUM(C9:AR9) -> 6966.6358 | AW9: Mining and forestry
B10: Manufacturing and construction | C10: 419.08085 | D10: 448.03051 | E10: 329.73639 | F10: 415.89305 | G10: 332.89467 | H10: 147.83392 | I10: 426.19599 | J10: 50825.426 | K10: 7.6000216 | L10: 7584.2766 | M10: 20824.427 | N10: 258.64242 | O10: 262.0371 | P10: 1219.6615 | Q10: 516.49194 | R10: 424.70747 | S10: 341.39189 | T10: 631.4426 | U10: 483.40753 | V10: 48.812765 | W10: 533.20443 | X10: 50558.375 | Y10: 249.32204 | Z10: 4284.8239 | AA10: 4748.7052 | AB10: 145.14226 | AC10: 39.231757 | AD10: 273.08534 | AE10: 10196.334 | AF10: 2.5313132 | AG10: 3581.5064 | AH10: 52684.799 | AI10: 9.4347446 | AJ10: -57.527355 | AK10: 0 | AL10: 10454.401 | AM10: 31.126184 | AN10: 480.48206 | AO10: 11678.237 | AP10: 1029.7066 | AQ10: 2.2216811 | AR10: 0 | AS10: =SUM(AE10:AK10) -> 66417.078 | AT10: =SUM(AL10:AR10) -> 23676.174 | AU10: =AS10+AT10 -> 90093.252 | AV10: =SUM(C10:AR10) -> 236873.13 | AW10: Manufacturing and construction
B11: Manufacturing fertilisers | C11: 4.4397152 | D11: 0.14370879 | E11: 47.115817 | F11: 0.18220145 | G11: 69.830265 | H11: 2.041242 | I11: 0.30705626 | J11: 13.486772 | K11: 0.005182991 | L11: 4.9582528 | M11: 22.251523 | N11: 3.9434323 | O11: 0.031747225 | P11: 61.424073 | Q11: 24.564199 | R11: 1.451302 | S11: 13.370131 | T11: 4.8643408 | U11: 69.433402 | V11: 0.074224764 | W11: 0.59999934 | X11: 44.026467 | Y11: 0.60020362 | Z11: 6.497883 | AA11: 12.202177 | AB11: 0.12275022 | AC11: 0.012970384 | AD11: 13.483618 | AE11: 33.584643 | AF11: 0.17051901 | AG11: 2.6425581 | AH11: 6.6946927 | AI11: 0.10649594 | AJ11: 0.24803853 | AK11: 0 | AL11: 63.590355 | AM11: 0.080487725 | AN11: 10.093452 | AO11: 0.47861485 | AP11: -2.6254441 | AQ11: 0.001951968 | AR11: 0 | AS11: =SUM(AE11:AK11) -> 43.446947 | AT11: =SUM(AL11:AR11) -> 71.619418 | AU11: =AS11+AT11 -> 115.06636 | AV11: =SUM(C11:AR11) -> 536.53102 | AW11: Manufacturing fertilisers
B12: Trade, transport and utilities | C12: 243.71322 | D12: 511.30458 | E12: 212.4641 | F12: 762.33997 | G12: 642.57753 | H12: 135.43199 | I12: 468.37331 | J12: 12367.669 | K12: 34.071041 | L12: 18158.684 | M12: 10886.37 | N12: 234.36081 | O12: 57.489619 | P12: 1662.1633 | Q12: 395.61986 | R12: 392.11591 | S12: 328.6818 | T12: 633.31564 | U12: 430.07593 | V12: 150.01656 | W12: 282.16329 | X12: 9778.9744 | Y12: 117.14269 | Z12: 10068.611 | AA12: 3865.9916 | AB12: 134.6616 | AC12: 47.452909 | AD12: 267.72021 | AE12: 54706.468 | AF12: 2.6791772 | AG12: 6051.9289 | AH12: 4487.799 | AI12: 239.53229 | AJ12: 24.522061 | AK12: 0 | AL12: 6380.5511 | AM12: 32.919032 | AN12: 106.95707 | AO12: 638.08995 | AP12: 142.48308 | AQ12: 54.758878 | AR12: 0 | AS12: =SUM(AE12:AK12) -> 65512.929 | AT12: =SUM(AL12:AR12) -> 7355.7591 | AU12: =AS12+AT12 -> 72868.688 | AV12: =SUM(C12:AR12) -> 146138.24 | AW12: Trade, transport and utilities
B13: Services | C13: 311.29306 | D13: 742.03922 | E13: 314.99661 | F13: 946.01256 | G13: 929.71186 | H13: 186.68098 | I13: 284.3616 | J13: 15342.211 | K13: 6.010287 | L13: 19864.123 | M13: 54019.433 | N13: 382.61461 | O13: 82.072232 | P13: 1665.3539 | Q13: 143.49939 | R13: 112.03606 | S13: 100.46284 | T13: 195.83962 | U13: 210.36957 | V13: 35.122327 | W13: 207.29103 | X13: 4319.7348 | Y13: 50.033946 | Z13: 2040.182 | AA13: 5289.566 | AB13: 104.7755 | AC13: 16.486445 | AD13: 156.4923 | AE13: 79893.262 | AF13: 10429.674 | AG13: 67269.722 | AH13: 14375.932 | AI13: 66.680606 | AJ13: 17.001163 | AK13: 0 | AL13: 1580.065 | AM13: 191.5938 | AN13: 504.53434 | AO13: 2003.6778 | AP13: 150.10698 | AQ13: 41.674337 | AR13: 0 | AS13: =SUM(AE13:AK13) -> 172052.27 | AT13: =SUM(AL13:AR13) -> 4471.6523 | AU13: =AS13+AT13 -> 176523.92 | AV13: =SUM(C13:AR13) -> 284582.73 | AW13: Services
B14: Waste | C14: 13.746245 | D14: 5.7385564 | E14: 3.8815479 | F14: 42.50759 | G14: 10.391454 | H14: 543.01996 | I14: 6.6519169 | J14: 639.35057 | K14: 0.5878753 | L14: 371.412 | M14: 1679.0396 | N14: 1073.2294 | O14: 1.8142479 | P14: 41.98349 | Q14: 3.3856998 | R14: 2.1623607 | S14: 5.5174308 | T14: 8.5380765 | U14: 1.8800659 | V14: 3.9893131 | W14: 2.237714 | X14: 65.502247 | Y14: 1.6568757 | Z14: 20.551999 | AA14: 27.130856 | AB14: 10.39925 | AC14: 0.46821373 | AD14: 1.7849796 | AE14: 44.65593 | AF14: 0.068046198 | AG14: 8.7955957 | AH14: 23.911059 | AI14: 4.2574479 | AJ14: 0.70612918 | AK14: 0 | AL14: 12.537204 | AM14: 0.2045086 | AN14: 1.4843213 | AO14: 3.2651334 | AP14: 1.0223699 | AQ14: 0.31180782 | AR14: 0 | AS14: =SUM(AE14:AK14) -> 82.394208 | AT14: =SUM(AL14:AR14) -> 18.825345 | AU14: =AS14+AT14 -> 101.21955 | AV14: =SUM(C14:AR14) -> 4689.779 | AW14: Waste
B15: Water | C15: 4.6948942 | D15: 10.77112 | E15: 5.4133695 | F15: 3.1222796 | G15: 8.7843102 | H15: 5.0753002 | I15: 1.5455627 | J15: 100.32612 | K15: 0.18384942 | L15: 93.593226 | M15: 783.85438 | N15: 10.007126 | O15: 22.201018 | P15: 49.201894 | Q15: 0.17702877 | R15: 0.050610067 | S15: 0.034398116 | T15: 0.066599734 | U15: 0.042047921 | V15: 0.014814003 | W15: 0.03558927 | X15: 1.5237923 | Y15: 0.0093182515 | Z15: 1.033184 | AA15: 1.3232549 | AB15: 0.038959233 | AC15: 0.031148481 | AD15: 0.038671855 | AE15: 1.365161 | AF15: 0 | AG15: 0.023201697 | AH15: 10.483103 | AI15: 0.032328147 | AJ15: 0.0080431782 | AK15: 0 | AL15: 0.29511264 | AM15: 0.018367011 | AN15: 0.012938802 | AO15: 0.73247332 | AP15: 0.004478121 | AQ15: 0.00092277349 | AR15: 0 | AS15: =SUM(AE15:AK15) -> 11.911837 | AT15: =SUM(AL15:AR15) -> 1.0642927 | AU15: =AS15+AT15 -> 12.97613 | AV15: =SUM(C15:AR15) -> 1116.17 | AW15: Water
B16: Hotels and Resteraunts | C16: 5.3136132 | D16: 42.063562 | E16: 5.5976654 | F16: 48.128643 | G16: 44.173008 | H16: 4.2654028 | I16: 6.9070914 | J16: 548.14745 | K16: 0.42382406 | L16: 881.71414 | M16: 1074.1298 | N16: 8.4402485 | O16: 3.0628902 | P16: 302.89195 | Q16: 32.604482 | R16: 31.461495 | S16: 26.996196 | T16: 22.313997 | U16: 38.258032 | V16: 9.5861026 | W16: 45.973384 | X16: 2852.1642 | Y16: 78.942505 | Z16: 9260.027 | AA16: 3505.6874 | AB16: 21.250438 | AC16: 4.1547744 | AD16: 157.04745 | AE16: 2664.1669 | AF16: 5.1928534 | AG16: 77.334588 | AH16: 43.502679 | AI16: 1.3423924 | AJ16: 0.26979731 | AK16: 0 | AL16: 1951.7642 | AM16: 554.31663 | AN16: 23.582716 | AO16: 20.344667 | AP16: 4883.7646 | AQ16: 1303.9148 | AR16: 0 | AS16: =SUM(AL16:AR16) -> 8737.6876 | AT16: =SUM(AE16:AK16) -> 2791.8092 | AU16: =AS16+AT16 -> 11529.497 | AV16: =SUM(C16:AR16) -> 30591.224 | AW16: Hotels and Resteraunts
A17: World_but_AT | B17: Plant cultivation | C17: 62.865283 | D17: 174.30867 | E17: 468.81003 | F17: 0.63319115 | G17: 548.98098 | H17: 0.076480653 | I17: 0.46196787 | J17: 169.97402 | K17: 0.12223681 | L17: 18.996482 | M17: 46.800421 | N17: 0.19162632 | O17: 0.0058187874 | P17: 174.13546 | Q17: 716052.2 | R17: 163039.66 | S17: 87428.008 | T17: 5979.019 | U17: 716713.14 | V17: 199.92899 | W17: 22338.447 | X17: 463959.79 | Y17: 29676.563 | Z17: 48374.116 | AA17: 150225 | AB17: 839.05322 | AC17: 696.78732 | AD17: 47428.826 | AE17: 1263.9151 | AF17: 0 | AG17: 0.18997939 | AH17: 36.48352 | AI17: 3.0654746 | AJ17: 0.042705018 | AK17: 0 | AL17: 904926.91 | AM17: 552.4543 | AN17: 18964.209 | AO17: 63323.495 | AP17: 130813.44 | AQ17: -46.807683 | AR17: 0 | AS17: =SUM(AL17:AR17) -> 1118533.7 | AT17: =SUM(AE17:AK17) -> 1303.6968 | AU17: =AS17+AT17 -> 1119837.4 | AV17: =SUM(C17:AR17) -> 3574454.3 | AW17: Plant cultivation | AX17: World_but_AT
B18: Plant processing | C18: 0.84844477 | D18: 10.591117 | E18: 16.765215 | F18: 3.0118201 | G18: 213.07308 | H18: 0.0081686663 | I18: 0.2038661 | J18: 251.09683 | K18: 0.047325772 | L18: 8.1585548 | M18: 30.441065 | N18: 0.016193736 | O18: 0.0099659184 | P18: 122.01518 | Q18: 3680.7401 | R18: 39365.348 | S18: 31082.129 | T18: 26751.831 | U18: 58851.482 | V18: 205.28232 | W18: 1951.8609 | X18: 46145.579 | Y18: 3195.5362 | Z18: 47349.226 | AA18: 56452.966 | AB18: 868.7737 | AC18: 264.01517 | AD18: 125960.29 | AE18: 866.15292 | AF18: 0 | AG18: 0.085924824 | AH18: 2.2848994 | AI18: 0.85168199 | AJ18: 0.0025779918 | AK18: 0 | AL18: 627569.99 | AM18: 120.66456 | AN18: 1658.0311 | AO18: 1813.8306 | AP18: 1979.271 | AQ18: 142.71923 | AR18: 0 | AS18: =SUM(AL18:AR18) -> 633284.51 | AT18: =SUM(AE18:AK18) -> 869.378 | AU18: =AS18+AT18 -> 634153.89 | AV18: =SUM(C18:AR18) -> 1076935.2 | AW18: Plant processing
B19: Animal husbandry | C19: 0.10307963 | D19: 0.50622205 | E19: 2.4728014 | F19: 126.36192 | G19: 4.5325985 | H19: 0.030665324 | I19: 0.8548333 | J19: 35.078288 | K19: 0.031622784 | L19: 37.099081 | M19: 31.350593 | N19: 0.068501938 | O19: 0.007228604 | P19: 17.423598 | Q19: 3827.7336 | R19: 1044.3368 | S19: 153421.23 | T19: 730109.3 | U19: 24710.423 | V19: 463.46391 | W19: 5649.1921 | X19: 82247.614 | Y19: 9469.9758 | Z19: 26223.917 | AA19: 35709.826 | AB19: 377.88882 | AC19: 919.77351 | AD19: 64998.857 | AE19: 109.36556 | AF19: 0 | AG19: 0.27134592 | AH19: 113.83794 | AI19: -0.75228224 | AJ19: 0.074549015 | AK19: 0 | AL19: 591491.84 | AM19: 2517.1973 | AN19: 34496.018 | AO19: 95928.07 | AP19: 261735.58 | AQ19: 266.25989 | AR19: 0 | AS19: =SUM(AL19:AR19) -> 986434.97 | AT19: =SUM(AE19:AK19) -> 222.79712 | AU19: =AS19+AT19 -> 986657.76 | AV19: =SUM(C19:AR19) -> 2126087.2 | AW19: Animal husbandry
B20: Animal processing | C20: 0.87368947 | D20: 2.6332636 | E20: 87.241239 | F20: 351.09168 | G20: 104.65219 | H20: 0.069465587 | I20: 0.72075318 | J20: 197.76009 | K20: 0.27785082 | L20: 572.52544 | M20: 134.15787 | N20: 0.14378785 | O20: 0.031679183 | P20: 293.16561 | Q20: 7637.5443 | R20: 6617.6212 | S20: 35153.253 | T20: 179327.06 | U20: 112014.79 | V20: 348.3578 | W20: 3477.4633 | X20: 84174.695 | Y20: 5557.5714 | Z20: 43166.375 | AA20: 143802.53 | AB20: 1439.538 | AC20: 577.88087 | AD20: 182740.95 | AE20: 1277.4471 | AF20: 0 | AG20: 0.3092875 | AH20: 10.997229 | AI20: 5.1922524 | AJ20: 0.015729394 | AK20: 0 | AL20: 1390058.3 | AM20: 16936.941 | AN20: 14125.231 | AO20: 6845.7963 | AP20: 49962.772 | AQ20: 348.9897 | AR20: 0 | AS20: =SUM(AL20:AR20) -> 1478278.1 | AT20: =SUM(AE20:AK20) -> 1293.9616 | AU20: =AS20+AT20 -> 1479572 | AV20: =SUM(C20:AR20) -> 2287353 | AW20: Animal processing
B21: Other food processing | C21: 0.65878554 | D21: 22.996531 | E21: 59.510085 | F21: 58.945827 | G21: 677.94875 | H21: 0.021479186 | I21: 0.2175552 | J21: 231.31432 | K21: 0.099566753 | L21: 153.76579 | M21: 80.546112 | N21: 0.04390956 | O21: 0.03042815 | P21: 271.05658 | Q21: 6418.8642 | R21: 47810.967 | S21: 139003.53 | T21: 62881.357 | U21: 370511.65 | V21: 249.80475 | W21: 3863.0361 | X21: 71126.733 | Y21: 9530.2337 | Z21: 37332.842 | AA21: 129562.41 | AB21: 607.35267 | AC21: 472.79524 | AD21: 190755.77 | AE21: 4116.0167 | AF21: 0 | AG21: 0.13240738 | AH21: 3.5914267 | AI21: 1.2255754 | AJ21: 0.0076490446 | AK21: 0 | AL21: 1604153.9 | AM21: 351.71215 | AN21: 15892.813 | AO21: 4143.1437 | AP21: 13780.785 | AQ21: 333.55028 | AR21: 0 | AS21: =SUM(AL21:AR21) -> 1638655.9 | AT21: =SUM(AE21:AK21) -> 4120.9737 | AU21: =AS21+AT21 -> 1642776.9 | AV21: =SUM(C21:AR21) -> 2714461.4 | AW21: Other food processing
B22: Food waste and reuse | C22: 0.12573364 | D22: 0.42127208 | E22: 0.13608307 | F22: 0.54739531 | G22: 0.95108838 | H22: 2.5568797 | I22: 0.026998352 | J22: 33.851527 | K22: 0.020247936 | L22: 8.501986 | M22: 3.243345 | N22: 4.8490116 | O22: 0.014118374 | P22: 0.24700065 | Q22: 760.03301 | R22: 546.5386 | S22: 813.7327 | T22: 1430.1795 | U22: 1031.1136 | V22: 5446.9462 | W22: 1694.7209 | X22: 30546.024 | Y22: 300.04443 | Z22: 9456.793 | AA22: 26211.784 | AB22: 10921.758 | AC22: 1426.4674 | AD22: 1982.4499 | AE22: 51.968558 | AF22: 0 | AG22: 0.036550747 | AH22: 1.0305962 | AI22: 0.85823896 | AJ22: 0.32151922 | AK22: 0 | AL22: 36987.403 | AM22: 187.40297 | AN22: 15693.765 | AO22: 2207.9711 | AP22: 652.92166 | AQ22: 99.631173 | AR22: 0 | AS22: =SUM(AL22:AR22) -> 55829.095 | AT22: =SUM(AE22:AK22) -> 54.215463 | AU22: =AS22+AT22 -> 55883.31 | AV22: =SUM(C22:AR22) -> 148507.39 | AW22: Food waste and reuse
B23: Mining and forestry | C23: 20.093132 | D23: 3.1743099 | E23: 80.833401 | F23: 6.6744592 | G23: 39.412476 | H23: 0.96118835 | I23: 329.33688 | J23: 6540.6182 | K23: 344.79778 | L23: 718.12919 | M23: 76.752341 | N23: 2.2620695 | O23: 0.13814482 | P23: 19.621946 | Q23: 14687.034 | R23: 4445.463 | S23: 13024.996 | T23: 15589.132 | U23: 13208.413 | V23: 784.46181 | W23: 526712.8 | X23: 2941972.4 | Y23: 34589.501 | Z23: 553260.51 | AA23: 67606.982 | AB23: 3235.5789 | AC23: 2429.4818 | AD23: 6575.5375 | AE23: 52.732562 | AF23: 0 | AG23: 1.4754536 | AH23: 19.540849 | AI23: 124.38046 | AJ23: 0.015749385 | AK23: 0 | AL23: 187013.57 | AM23: 334.51218 | AN23: 15610.209 | AO23: 27480.316 | AP23: 54336.215 | AQ23: 91.409291 | AR23: 0 | AS23: =SUM(AL23:AR23) -> 284866.23 | AT23: =SUM(AE23:AK23) -> 198.14507 | AU23: =AS23+AT23 -> 285064.37 | AV23: =SUM(C23:AR23) -> 4491369.5 | AW23: Mining and forestry
B24: Manufacturing and construction | C24: 618.17888 | D24: 411.84697 | E24: 181.10095 | F24: 505.72133 | G24: 344.9199 | H24: 22.860637 | I24: 114.0884 | J24: 41525.824 | K24: 10.37789 | L24: 2802.7384 | M24: 6039.0281 | N24: 32.976567 | O24: 10.850518 | P24: 376.46095 | Q24: 282819.01 | R24: 148774.73 | S24: 152714.06 | T24: 222343.72 | U24: 178746.55 | V24: 18597.773 | W24: 544153.24 | X24: 20423184 | Y24: 173627.04 | Z24: 2451611.9 | AA24: 3845384.8 | AB24: 41352.11 | AC24: 26848.343 | AD24: 184857.62 | AE24: 25473.298 | AF24: 0 | AG24: 48.693647 | AH24: 25730.391 | AI24: -3856.3175 | AJ24: 2.1910407 | AK24: 0 | AL24: 5631171.1 | AM24: 21194.941 | AN24: 345242.15 | AO24: 15450900 | AP24: 339885.87 | AQ24: 33751.133 | AR24: 0 | AS24: =SUM(AL24:AR24) -> 21822145 | AT24: =SUM(AE24:AK24) -> 47398.256 | AU24: =AS24+AT24 -> 21869543 | AV24: =SUM(C24:AR24) -> 50617555 | AW24: Manufacturing and construction
B25: Manufacturing fertilisers | C25: 12.162535 | D25: 0.38928906 | E25: 1.6656781 | F25: 0.42789537 | G25: 0.50330404 | H25: 0.1326655 | I25: 0.46277902 | J25: 111.75486 | K25: 0.1853383 | L25: 4.2746904 | M25: 7.7060574 | N25: 0.26635619 | O25: 0.011981261 | P25: 0.66985815 | Q25: 229904.38 | R25: 732.0647 | S25: 6213.5911 | T25: 2496.9045 | U25: 1547.3233 | V25: 67.068251 | W25: 13897.572 | X25: 68620.429 | Y25: 117970.94 | Z25: 11692.701 | AA25: 21279.996 | AB25: 135.33964 | AC25: 236.18753 | AD25: 1280.2167 | AE25: 27.843777 | AF25: 0 | AG25: 4.2440125 | AH25: 8.4463037 | AI25: 2.1371508 | AJ25: 0.015961425 | AK25: 0 | AL25: 47836.9 | AM25: 80.066686 | AN25: 215061.42 | AO25: 3610.353 | AP25: 9292.5677 | AQ25: 70.449586 | AR25: 0 | AS25: =SUM(AL25:AR25) -> 275951.76 | AT25: =SUM(AE25:AK25) -> 42.687206 | AU25: =AS25+AT25 -> 275994.44 | AV25: =SUM(C25:AR25) -> 752209.76 | AW25: Manufacturing fertilisers
B26: Trade, transport and utilities | C26: 37.773046 | D26: 259.13246 | E26: 93.198803 | F26: 674.34704 | G26: 377.31374 | H26: 25.432112 | I26: 178.50676 | J26: 8410.5077 | K26: 47.50907 | L26: 6079.6783 | M26: 1856.4085 | N26: 59.877558 | O26: 14.665921 | P26: 167.77145 | Q26: 239401.94 | R26: 222257.73 | S26: 245596.97 | T26: 302634.8 | U26: 257449.06 | V26: 13907.124 | W26: 386960.06 | X26: 5500831.8 | Y26: 153703.48 | Z26: 4491665.5 | AA26: 3440014.6 | AB26: 31283.527 | AC26: 22070.49 | AD26: 472686.75 | AE26: 1156.6307 | AF26: 0 | AG26: 24.308017 | AH26: 4680.1142 | AI26: -25.009387 | AJ26: 8.566634 | AK26: 0 | AL26: 9724786 | AM26: 12549.976 | AN26: 541122.37 | AO26: 979977.57 | AP26: 108549 | AQ26: 11207.68 | AR26: 0 | AS26: =SUM(AL26:AR26) -> 11378193 | AT26: =SUM(AE26:AK26) -> 5844.6101 | AU26: =AS26+AT26 -> 11384037 | AV26: =SUM(C26:AR26) -> 27182783 | AW26: Trade, transport and utilities
B27: Services | C27: 20.629362 | D27: 150.26079 | E27: 24.7553 | F27: 486.8617 | G27: 148.8734 | H27: 8.8234549 | I27: 32.521317 | J27: 4134.6513 | K27: 7.1482117 | L27: 2099.3615 | M27: 7508.5326 | N27: 17.482004 | O27: 2.3614905 | P27: 149.59506 | Q27: 158442.17 | R27: 91753.888 | S27: 99539.655 | T27: 113474.59 | U27: 146789.15 | V27: 25640.828 | W27: 362121.95 | X27: 3779585.3 | Y27: 68545.027 | Z27: 2942021.7 | AA27: 11916609 | AB27: 50347.559 | AC27: 28946.109 | AD27: 479283.47 | AE27: 1889.7609 | AF27: 0 | AG27: 126.64854 | AH27: 240.41355 | AI27: -15.828381 | AJ27: 4.1058986 | AK27: 0 | AL27: 19214876 | AM27: 910965.06 | AN27: 11613463 | AO27: 3305544.4 | AP27: 123639.73 | AQ27: 2782.1215 | AR27: 0 | AS27: =SUM(AL27:AR27) -> 35171271 | AT27: =SUM(AE27:AK27) -> 2245.1005 | AU27: =AS27+AT27 -> 35173516 | AV27: =SUM(C27:AR27) -> 55451408 | AW27: Services
B28: Waste | C28: 0.08323127 | D28: 0.92838022 | E28: 0.11415432 | F28: 1.3203171 | G28: 1.6782252 | H28: 5.6502073 | I28: 0.11128268 | J28: 155.88737 | K28: 0.048238612 | L28: 25.124643 | M28: 5.3558641 | N28: 15.343469 | O28: 0.034895282 | P28: 0.51006862 | Q28: 2145.9831 | R28: 1669.6799 | S28: 3015.8632 | T28: 4318.3041 | U28: 2912.1977 | V28: 11475.426 | W28: 6237.7765 | X28: 66726.377 | Y28: 732.8543 | Z28: 27381.418 | AA28: 77180.188 | AB28: 27810.595 | AC28: 2770.8195 | AD28: 7535.9973 | AE28: 3.0974458 | AF28: 0 | AG28: 0.062461486 | AH28: 2.4375011 | AI28: 4.8436448 | AJ28: 0.89535109 | AK28: 0 | AL28: 59356.027 | AM28: 433.80322 | AN28: 27888.701 | AO28: 1264.8289 | AP28: 1275.9081 | AQ28: 216.18455 | AR28: 0 | AS28: =SUM(AL28:AR28) -> 90435.453 | AT28: =SUM(AE28:AK28) -> 11.336404 | AU28: =AS28+AT28 -> 90446.79 | AV28: =SUM(C28:AR28) -> 332572.46 | AW28: Waste
B29: Water | C29: 0.029321706 | D29: 0.36929473 | E29: 0.05794727 | F29: 0.62694361 | G29: 0.70689872 | H29: 0.6177587 | I29: 0.14236662 | J29: 14.4574 | K29: 0.026773321 | L29: 20.735972 | M29: 3.2653264 | N29: 1.3377299 | O29: 0.0051090476 | P29: 0.25965814 | Q29: 4585.7152 | R29: 1399.3865 | S29: 1267.5794 | T29: 1513.8094 | U29: 1678.0455 | V29: 1289.1696 | W29: 3367.0214 | X29: 27465.189 | Y29: 1112.8647 | Z29: 15449.485 | AA29: 42739.893 | AB29: 2611.0164 | AC29: 10850.189 | AD29: 5374.08 | AE29: 2.5958008 | AF29: 0 | AG29: 0.036182476 | AH29: 6.37525 | AI29: 0.064114812 | AJ29: 0.11767151 | AK29: 0 | AL29: 109252.56 | AM29: 58.154509 | AN29: 7502.9376 | AO29: 1778.502 | AP29: -72.780569 | AQ29: 50.518496 | AR29: 0 | AS29: =SUM(AL29:AR29) -> 118569.9 | AT29: =SUM(AE29:AK29) -> 9.1890196 | AU29: =AS29+AT29 -> 118579.09 | AV29: =SUM(C29:AR29) -> 239325.17 | AW29: Water
B30: Hotels and Resteraunts | C30: 1.9644419 | D30: 11.888587 | E30: 2.7087439 | F30: 13.914548 | G30: 16.90687 | H30: 1.3998804 | I30: 2.6195367 | J30: 372.04637 | K30: 0.35968255 | L30: 1303.9563 | M30: 7248.5005 | N30: 2.7777697 | O30: 0.83069947 | P30: 76.321252 | Q30: 7916.9457 | R30: 6385.7248 | S30: 5460.5789 | T30: 11204.756 | U30: 5962.1862 | V30: 785.48437 | W30: 19200.851 | X30: 266448.04 | Y30: 4293.7063 | Z30: 275122.4 | AA30: 771357.8 | AB30: 2266.3767 | AC30: 992.65598 | AD30: 40077.983 | AE30: 7.8419532 | AF30: 0 | AG30: 0.12498538 | AH30: 3.7438809 | AI30: -0.30405845 | AJ30: 0.052888161 | AK30: 0 | AL30: 2716276.4 | AM30: 29605.392 | AN30: 76762.719 | AO30: 7526.2057 | AP30: 33012.512 | AQ30: 7549.7442 | AR30: 0 | AS30: =SUM(AL30:AR30) -> 2870732.9 | AT30: =SUM(AE30:AK30) -> 11.459649 | AU30: =AS30+AT30 -> 2870744.4 | AV30: =SUM(C30:AR30) -> 4297276.1 | AW30: Hotels and Resteraunts
B31: Value Added | C31: =$AV3-C32 -> 1961.6332 | D31: =$AV4-D32 -> 2093.4398 | E31: =$AV5-E32 -> 1510.3105 | F31: =$AV6-F32 -> 2103.764 | G31: =$AV7-G32 -> 13220.688 | H31: =$AV8-H32 -> 1002.7442 | I31: =$AV9-I32 -> 4074.8078 | J31: =$AV10-J32 -> 92225.175 | K31: =$AV11-K32 -> 51.985251 | L31: =$AV12-L32 -> 83982.707 | M31: =$AV13-M32 -> 170193.72 | N31: =$AV14-N32 -> 1979.8133 | O31: =$AV15-O32 -> 654.951 | P31: =$AV16-P32 -> 22104.755 | Q31: =$AV17-Q32 -> 1894883 | R31: =$AV18-R32 -> 339814.52 | S31: =$AV19-S32 -> 1150897.8 | T31: =$AV20-T32 -> 604837.9 | U31: =$AV21-U32 -> 819093.13 | V31: =$AV22-V32 -> 68791.045 | W31: =$AV23-W32 -> 2588536.4 | X31: =$AV24-X32 -> 16695151 | Y31: =$AV25-Y32 -> 139355.74 | Z31: =$AV26-Z32 -> 16176107 | AA31: =$AV27-AA32 -> 34708488 | AB31: =$AV28-AB32 -> 158030.98 | AC31: =$AV29-AC32 -> 139710.8 | AD31: =$AV30-AD32 -> 2483362.6 | AE31: =SUM(C31:AD31) -> 78364219 | AF31: GDP
B32: Sum Inter-Industry Input | C32: =SUM(C3:C30) -> 2092.0015 | D32: =SUM(D3:D30) -> 3578.5824 | E32: =SUM(E3:E30) -> 2797.4902 | F32: =SUM(F3:F30) -> 5796.7062 | G32: =SUM(G3:G30) -> 6479.8131 | H32: =SUM(H3:H30) -> 1399.9945 | I32: =SUM(I3:I30) -> 2891.828 | J32: =SUM(J3:J30) -> 144647.96 | ... AD32: =SUM(AD3:AD30) -> 1813913.5
B33: X_Total Industry Input (Output) | C33: =SUM(C3:C31) -> 4053.6347 | D33: =SUM(D3:D31) -> 5672.0222 | E33: =SUM(E3:E31) -> 4307.8007 | F33: =SUM(F3:F31) -> 7900.4702 | G33: =SUM(G3:G31) -> 19700.501 | H33: =SUM(H3:H31) -> 2402.7387 | I33: =SUM(I3:I31) -> 6966.6358 | J33: =SUM(J3:J31) -> 236873.13 | ... AD33: =SUM(AD3:AD31) -> 4297276.1
B35: Environmental Emissions (scope 1) - M Matrix
B36: SuperRegion | C36: AT | Q36: World_but_AT
B37: Aggregated_Sector | C37: Plant cultivation | D37: Plant processing | E37: Animal husbandry | F37: Animal processing | G37: Other food processing | H37: Food waste and reuse | I37: Mining and forestry | J37: Manufacturing and construction | K37: Manufacturing fertilisers | L37: Trade, transport and utilities | M37: Services | N37: Waste | O37: Water | P37: Hotels and Resteraunts | Q37: Plant cultivation | R37: Plant processing | S37: Animal husbandry | T37: Animal processing | U37: Other food processing | V37: Food waste and reuse | W37: Mining and forestry | X37: Manufacturing and construction | Y37: Manufacturing fertilisers | Z37: Trade, transport and utilities | AA37: Services | AB37: Waste | AC37: Water | AD37: Hotels and Resteraunts
A38: Emissions | B38: CO2 | C38: 1599395405 | D38: 3.5876009e+08 | E38: 1422018201 | F38: 4.5011202e+08 | G38: 5.4854401e+08 | H38: 1.9754898e+08 | I38: 1348811516 | J38: 26932981668 | K38: 25411300 | L38: 24996084252 | M38: 5812384122 | N38: 3.0451057e+08 | O38: 6207549.4 | P38: 1269548174 | Q38: 670602115573 | R38: 202554273436 | S38: 355284242092 | T38: 540857723573 | U38: 258664599387 | V38: 48940750472 | W38: 1268162071905 | X38: 10717220105631 | Y38: 372430342643 | Z38: 16319027056517 | AA38: 1700308756206 | AB38: 83590784657 | AC38: 23772824682 | AD38: 119998374518
B39: CH4 Fossil (CO2 eq) | C39: 14564307 | D39: 1537193.9 | E39: 27359991 | F39: 1807094.2 | G39: 1726688.8 | H39: 1338099.2 | I39: 25384000 | J39: 76396241 | K39: 122854.74 | L39: 88038877 | M39: 19846533 | N39: 2583157.2 | O39: 17230.296 | P39: 13002997 | Q39: 8165801132 | R39: 9.1184325e+08 | S39: 4721539586 | T39: 3215760927 | U39: 1238572984 | V39: 1.4800138e+08 | W39: 3425315802 | X39: 26777665280 | Y39: 9.8360651e+08 | Z39: 17845257369 | AA39: 14396814755 | AB39: 5.0916709e+08 | AC39: 1.5564108e+08 | AD39: 2182400095
B40: CH4 non-fossil (CO2 eq) | C40: 0 | D40: 0 | E40: 5572599601 | F40: 0 | G40: 0 | H40: 1118487853 | I40: 0 | J40: 0 | K40: 0 | L40: 0 | M40: 0 | N40: 1643973174 | O40: 0 | P40: 0 | Q40: 1200539268970 | R40: 0 | S40: 2962486480102 | T40: 0 | U40: 0 | V40: 1495842188233 | W40: 0 | X40: 0 | Y40: 0 | Z40: 0 | AA40: 0 | AB40: 874586918021 | AC40: 0 | AD40: 0
B41: NO2 (CO2 eq) | C41: 18104038 | D41: 2151217.2 | E41: 16819401 | F41: 2387046.6 | G41: 2153840.8 | H41: 2057895.5 | I41: 10478558 | J41: 1.4776074e+08 | K41: 149676.71 | L41: 1.1932054e+08 | M41: 43919677 | N41: 3256031 | O41: 63616.418 | P41: 14175284 | Q41: 9849554745 | R41: 1272084202 | S41: 4667887060 | T41: 3740364275 | U41: 1821984025 | V41: 2.2432258e+08 | W41: 6922893579 | X41: 52859796171 | Y41: 1616244777 | Z41: 106622441999 | AA41: 14916700287 | AB41: 3.5217979e+08 | AC41: 1.0552214e+08 | AD41: 1401770009
B42: SF6 (CO2 eq) | C42: 36898335 | D42: 7551796 | E42: 6080196.6 | F42: 3311865.8 | G42: 11874389 | H42: 76966529 | I42: 1.2145736e+08 | J42: 1.1016552e+08 | K42: 1221787 | L42: 0 | M42: 0 | N42: 88602178 | O42: 0 | P42: 0 | Q42: 21037289017 | R42: 1775385110 | S42: 2497399972 | T42: 4.9574601e+08 | U42: 1000423260 | V42: 33242258623 | W42: 59515743830 | X42: 80459782391 | Y42: 6.9019774e+08 | Z42: 0 | AA42: 0 | AB42: 13386852096 | AC42: 0 | AD42: 0 | CG42: =SUM(C43:AB43) -> 39647132586299
B43: Total (CO2 eq) | C43: =SUM(C38:C42) -> 1668962085 | D43: =SUM(D38:D42) -> 370000297 | E43: =SUM(E38:E42) -> 7044877391 | F43: =SUM(F38:F42) -> 457618028 | G43: =SUM(G38:G42) -> 5.6429893e+08 | H43: =SUM(H38:H42) -> 1396399359 | I43: =SUM(I38:I42) -> 1506131437 | J43: =SUM(J38:J42) -> 27267304167 | ... AD43: =SUM(AD38:AD42) -> 123582544622 | AE43: =SUM(C43:AD43) -> 39794749118832
B44: SuperRegion | C44: AT | Q44: World_but_AT
B45: Aggregated_Sector | C45: Plant cultivation | D45: Plant processing | E45: Animal husbandry | F45: Animal processing | G45: Other food processing | H45: Food waste and reuse | I45: Mining and forestry | J45: Manufacturing and construction | K45: Manufacturing fertilisers | L45: Trade, transport and utilities | M45: Services | N45: Waste | O45: Water | P45: Hotels and Resteraunts | Q45: Plant cultivation | R45: Plant processing | S45: Animal husbandry | T45: Animal processing | U45: Other food processing | V45: Food waste and reuse | W45: Mining and forestry | X45: Manufacturing and construction | Y45: Manufacturing fertilisers | Z45: Trade, transport and utilities | AA45: Services | AB45: Waste | AC45: Water | AD45: Hotels and Resteraunts
A46: Mass | B46: Plants (4-16) | C46: 9814.9808 | D46: 0 | E46: 0 | F46: 0 | G46: 0 | H46: 0 | I46: 0 | J46: 0 | K46: 0 | L46: 0 | M46: 0 | N46: 0 | O46: 0 | P46: 0 | Q46: 9360265 | R46: 0 | S46: 0 | T46: 0 | U46: 0 | V46: 0 | W46: 0 | X46: 0 | Y46: 0 | Z46: 0 | AA46: 0 | AB46: 0 | AC46: 0 | AD46: 0
B47: Feed (17-19) | C47: 0 | D47: 0 | E47: 15943.325 | F47: 0 | G47: 0 | H47: 0 | I47: 0 | J47: 0 | K47: 0 | L47: 0 | M47: 0 | N47: 0 | O47: 0 | P47: 0 | Q47: 0 | R47: 0 | S47: 14027397 | T47: 0 | U47: 0 | V47: 0 | W47: 0 | X47: 0 | Y47: 0 | Z47: 0 | AA47: 0 | AB47: 0 | AC47: 0 | AD47: 0
B48: Forestry (20-22) | C48: 0 | D48: 0 | E48: 0 | F48: 0 | G48: 0 | H48: 0 | I48: 10298.251 | J48: 0 | K48: 0 | L48: 0 | M48: 0 | N48: 0 | O48: 0 | P48: 0 | Q48: 0 | R48: 0 | S48: 0 | T48: 0 | U48: 0 | V48: 0 | W48: 2474629.4 | X48: 0 | Y48: 0 | Z48: 0 | AA48: 0 | AB48: 0 | AC48: 0 | AD48: 0
B49: Fish (23-25) | C49: 0 | D49: 0 | E49: 0.35 | F49: 0 | G49: 0 | H49: 0 | I49: 0 | J49: 0 | K49: 0 | L49: 0 | M49: 0 | N49: 0 | O49: 0 | P49: 0 | Q49: 0 | R49: 0 | S49: 73610.246 | T49: 0 | U49: 0 | V49: 0 | W49: 0 | X49: 0 | Y49: 0 | Z49: 0 | AA49: 0 | AB49: 0 | AC49: 0 | AD49: 0
B50: Fossil fuels (26-35) | C50: 0 | D50: 0 | E50: 0 | F50: 0 | G50: 0 | H50: 0 | I50: 1295.1659 | J50: 0 | K50: 0 | L50: 0 | M50: 0 | N50: 0 | O50: 0 | P50: 0 | Q50: 0 | R50: 0 | S50: 0 | T50: 0 | U50: 0 | V50: 0 | W50: 15991269 | X50: 0 | Y50: 0 | Z50: 0 | AA50: 0 | AB50: 0 | AC50: 0 | AD50: 0
B51: Metallic (36-50) | C51: 0 | D51: 0 | E51: 0 | F51: 0 | G51: 0 | H51: 0 | I51: 6765.5906 | J51: 0 | K51: 0 | L51: 0 | M51: 0 | N51: 0 | O51: 0 | P51: 0 | Q51: 0 | R51: 0 | S51: 0 | T51: 0 | U51: 0 | V51: 0 | W51: 9566059.4 | X51: 0 | Y51: 0 | Z51: 0 | AA51: 0 | AB51: 0 | AC51: 0 | AD51: 0
B52: Non-metallic (51-64) | C52: 0 | D52: 0 | E52: 0 | F52: 0 | G52: 0 | H52: 0 | I52: 78895.676 | J52: 0 | K52: 0 | L52: 0 | M52: 0 | N52: 0 | O52: 0 | P52: 0 | Q52: 0 | R52: 0 | S52: 0 | T52: 0 | U52: 0 | V52: 0 | W52: 43621621 | X52: 0 | Y52: 0 | Z52: 0 | AA52: 0 | AB52: 0 | AC52: 0 | AD52: 0
B53: Total material | C53: 9814.9808 | D53: 0 | E53: 15943.675 | F53: 0 | G53: 0 | H53: 0 | I53: 97254.684 | J53: 0 | K53: 0 | L53: 0 | M53: 0 | N53: 0 | O53: 0 | P53: 0 | Q53: 9360265 | R53: 0 | S53: 14101007 | T53: 0 | U53: 0 | V53: 0 | W53: 71653578 | X53: 0 | Y53: 0 | Z53: 0 | AA53: 0 | AB53: 0 | AC53: 0 | AD53: 0
B55: Environmental Coefficient E
B56: SuperRegion | C56: AT | Q56: World_but_AT
B57: Aggregated_Sector | C57: Plant cultivation | D57: Plant processing | E57: Animal husbandry | F57: Animal processing | G57: Other food processing | H57: Food waste and reuse | I57: Mining and forestry | J57: Manufacturing and construction | K57: Manufacturing fertilisers | L57: Trade, transport and utilities | M57: Services | N57: Waste | O57: Water | P57: Hotels and Resteraunts | Q57: Plant cultivation | R57: Plant processing | S57: Animal husbandry | T57: Animal processing | U57: Other food processing | V57: Food waste and reuse | W57: Mining and forestry | X57: Manufacturing and construction | Y57: Manufacturing fertilisers | Z57: Trade, transport and utilities | AA57: Services | AB57: Waste | AC57: Water | AD57: Hotels and Resteraunts
A58: Multiplier | B58: CO2 | C58: =C38/C$33 -> 394558.34 | D58: =D38/D$33 -> 63250.826 | E58: =E38/E$33 -> 330103.06 | F58: =F38/F$33 -> 56972.814 | G58: =G38/G$33 -> 27844.166 | H58: =H38/H$33 -> 82218.254 | I58: =I38/I$33 -> 193610.17 | J58: =J38/J$33 -> 113702.14 | ... AD58: =AD38/AD$33 -> 27924.288
B59: CH4 Fossil (CO2 eq) | C59: =C39/C$33 -> 3592.9007 | D59: =D39/D$33 -> 271.01338 | E59: =E39/E$33 -> 6351.2666 | F59: =F39/F$33 -> 228.73249 | G59: =G39/G$33 -> 87.64695 | H59: =H39/H$33 -> 556.90583 | I59: =I39/I$33 -> 3643.6525 | J59: =J39/J$33 -> 322.51966 | ... AD59: =AD39/AD$33 -> 507.85662
B60: CH4 non-fossil (CO2 eq) | C60: =C40/C$33 -> 0 | D60: =D40/D$33 -> 0 | E60: =E40/E$33 -> 1293606.6 | F60: =F40/F$33 -> 0 | G60: =G40/G$33 -> 0 | H60: =H40/H$33 -> 465505.4 | I60: =I40/I$33 -> 0 | J60: =J40/J$33 -> 0 | ... AD60: =AD40/AD$33 -> 0
B61: NO2 (CO2 eq) | C61: =C41/C$33 -> 4466.1247 | D61: =D41/D$33 -> 379.26812 | E61: =E41/E$33 -> 3904.4056 | F61: =F41/F$33 -> 302.13981 | G61: =G41/G$33 -> 109.32924 | H61: =H41/H$33 -> 856.4791 | I61: =I41/I$33 -> 1504.1059 | J61: =J41/J$33 -> 623.79695 | ... AD61: =AD41/AD$33 -> 326.19966
B62: SF6 (CO2 eq) | C62: =C42/C$33 -> 9102.5308 | D62: =D42/D$33 -> 1331.4116 | E62: =E42/E$33 -> 1411.4387 | F62: =F42/F$33 -> 419.19857 | G62: =G42/G$33 -> 602.74556 | H62: =H42/H$33 -> 32032.834 | I62: =I42/I$33 -> 17434.148 | J62: =J42/J$33 -> 465.08239 | ... AD62: =AD42/AD$33 -> 0
B63: Total (CO2 eq) | C63: =C43/C$33 -> 411719.9 | D63: =D43/D$33 -> 65232.519 | E63: =E43/E$33 -> 1635376.8 | F63: =F43/F$33 -> 57922.885 | G63: =G43/G$33 -> 28643.887 | H63: =H43/H$33 -> 581169.88 | I63: =I43/I$33 -> 216192.07 | J63: =J43/J$33 -> 115113.54 | ... AD63: =AD43/AD$33 -> 28758.344
B64: SuperRegion | C64: AT | Q64: World_but_AT
B65: Aggregated_Sector | C65: Plant cultivation | D65: Plant processing | E65: Animal husbandry | F65: Animal processing | G65: Other food processing | H65: Food waste and reuse | I65: Mining and forestry | J65: Manufacturing and construction | K65: Manufacturing fertilisers | L65: Trade, transport and utilities | M65: Services | N65: Waste | O65: Water | P65: Hotels and Resteraunts | Q65: Plant cultivation | R65: Plant processing | S65: Animal husbandry | T65: Animal processing | U65: Other food processing | V65: Food waste and reuse | W65: Mining and forestry | X65: Manufacturing and construction | Y65: Manufacturing fertilisers | Z65: Trade, transport and utilities | AA65: Services | AB65: Waste | AC65: Water | AD65: Hotels and Resteraunts
A66: Multiplier | B66: Plants (4-16) | C66: =C46/C$33 -> 2.421279 | D66: =D46/D$33 -> 0 | E66: =E46/E$33 -> 0 | F66: =F46/F$33 -> 0 | G66: =G46/G$33 -> 0 | H66: =H46/H$33 -> 0 | I66: =I46/I$33 -> 0 | J66: =J46/J$33 -> 0 | ... AD66: =AD46/AD$33 -> 0
B67: Feed (17-19) | C67: =C47/C$33 -> 0 | D67: =D47/D$33 -> 0 | E67: =E47/E$33 -> 3.7010359 | F67: =F47/F$33 -> 0 | G67: =G47/G$33 -> 0 | H67: =H47/H$33 -> 0 | I67: =I47/I$33 -> 0 | J67: =J47/J$33 -> 0 | ... AD67: =AD47/AD$33 -> 0
B68: Forestry (20-22) | C68: =C48/C$33 -> 0 | D68: =D48/D$33 -> 0 | E68: =E48/E$33 -> 0 | F68: =F48/F$33 -> 0 | G68: =G48/G$33 -> 0 | H68: =H48/H$33 -> 0 | I68: =I48/I$33 -> 1.4782244 | J68: =J48/J$33 -> 0 | ... AD68: =AD48/AD$33 -> 0
B69: Fish (23-25) | C69: =C49/C$33 -> 0 | D69: =D49/D$33 -> 0 | E69: =E49/E$33 -> 8.1247955e-05 | F69: =F49/F$33 -> 0 | G69: =G49/G$33 -> 0 | H69: =H49/H$33 -> 0 | I69: =I49/I$33 -> 0 | J69: =J49/J$33 -> 0 | ... AD69: =AD49/AD$33 -> 0
B70: Fossil fuels (26-35) | C70: =C50/C$33 -> 0 | D70: =D50/D$33 -> 0 | E70: =E50/E$33 -> 0 | F70: =F50/F$33 -> 0 | G70: =G50/G$33 -> 0 | H70: =H50/H$33 -> 0 | I70: =I50/I$33 -> 0.1859098 | J70: =J50/J$33 -> 0 | ... AD70: =AD50/AD$33 -> 0
B71: Metallic (36-50) | C71: =C51/C$33 -> 0 | D71: =D51/D$33 -> 0 | E71: =E51/E$33 -> 0 | F71: =F51/F$33 -> 0 | G71: =G51/G$33 -> 0 | H71: =H51/H$33 -> 0 | I71: =I51/I$33 -> 0.97114171 | J71: =J51/J$33 -> 0 | ... AD71: =AD51/AD$33 -> 0
B72: Non-metallic (51-64) | C72: =C52/C$33 -> 0 | D72: =D52/D$33 -> 0 | E72: =E52/E$33 -> 0 | F72: =F52/F$33 -> 0 | G72: =G52/G$33 -> 0 | H72: =H52/H$33 -> 0 | I72: =I52/I$33 -> 11.324788 | J72: =J52/J$33 -> 0 | ... AD72: =AD52/AD$33 -> 0
B73: Total material | C73: =C53/C$33 -> 2.421279 | D73: =D53/D$33 -> 0 | E73: =E53/E$33 -> 3.7011172 | F73: =F53/F$33 -> 0 | G73: =G53/G$33 -> 0 | H73: =H53/H$33 -> 0 | I73: =I53/I$33 -> 13.960064 | J73: =J53/J$33 -> 0 | ... AD73: =AD53/AD$33 -> 0
B75: 1/x hat Matrix | AF75: E-hat GHG
C76: 1 | D76: 2 | E76: 3 | F76: 4 | G76: 5 | H76: 6 | I76: 7 | J76: 8 | K76: 9 | L76: 10 | M76: 11 | N76: 12 | O76: 13 | P76: 14 | Q76: 15 | R76: 16 | S76: 17 | T76: 18 | U76: 19 | V76: 20 | W76: 21 | X76: 22 | Y76: 23 | Z76: 24 | AA76: 25 | AB76: 26 | AC76: 27 | AD76: 28 | AG76: 1 | AH76: 2 | AI76: 3 | AJ76: 4 | AK76: 5 | AL76: 6 | AM76: 7 | AN76: 8 | AO76: 9 | AP76: 10 | AQ76: 11 | AR76: 12 | AS76: 13 | AT76: 14 | AU76: 15 | AV76: 16 | AW76: 17 | AX76: 18 | AY76: 19 | AZ76: 20 | BA76: 21 | BB76: 22 | BC76: 23 | BD76: 24 | BE76: 25 | BF76: 26 | BG76: 27 | BH76: 28
B77: 1 | C77: =1/$AV3 -> 0.00024669218 | D77: 0 | E77: 0 | F77: 0 | G77: 0 | H77: 0 | I77: 0 | J77: 0 | K77: 0 | L77: 0 | M77: 0 | N77: 0 | O77: 0 | P77: 0 | Q77: 0 | R77: 0 | S77: 0 | T77: 0 | U77: 0 | V77: 0 | W77: 0 | X77: 0 | Y77: 0 | Z77: 0 | AA77: 0 | AB77: 0 | AC77: 0 | AD77: 0 | AF77: 1 | AG77: =C$63 -> 411719.9 | AH77: 0 | AI77: 0 | AJ77: 0 | AK77: 0 | AL77: 0 | AM77: 0 | AN77: 0 | AO77: 0 | AP77: 0 | AQ77: 0 | AR77: 0 | AS77: 0 | AT77: 0 | AU77: 0 | AV77: 0 | AW77: 0 | AX77: 0 | AY77: 0 | AZ77: 0 | BA77: 0 | BB77: 0 | BC77: 0 | BD77: 0 | BE77: 0 | BF77: 0 | BG77: 0 | BH77: 0
B78: 2 | C78: 0 | D78: =1/$AV4 -> 0.00017630397 | E78: 0 | F78: 0 | G78: 0 | H78: 0 | I78: 0 | J78: 0 | K78: 0 | L78: 0 | M78: 0 | N78: 0 | O78: 0 | P78: 0 | Q78: 0 | R78: 0 | S78: 0 | T78: 0 | U78: 0 | V78: 0 | W78: 0 | X78: 0 | Y78: 0 | Z78: 0 | AA78: 0 | AB78: 0 | AC78: 0 | AD78: 0 | AF78: 2 | AG78: 0 | AH78: =D$63 -> 65232.519 | AI78: 0 | AJ78: 0 | AK78: 0 | AL78: 0 | AM78: 0 | AN78: 0 | AO78: 0 | AP78: 0 | AQ78: 0 | AR78: 0 | AS78: 0 | AT78: 0 | AU78: 0 | AV78: 0 | AW78: 0 | AX78: 0 | AY78: 0 | AZ78: 0 | BA78: 0 | BB78: 0 | BC78: 0 | BD78: 0 | BE78: 0 | BF78: 0 | BG78: 0 | BH78: 0
B79: 3 | C79: 0 | D79: 0 | E79: =1/$AV5 -> 0.00023213701 | F79: 0 | G79: 0 | H79: 0 | I79: 0 | J79: 0 | K79: 0 | L79: 0 | M79: 0 | N79: 0 | O79: 0 | P79: 0 | Q79: 0 | R79: 0 | S79: 0 | T79: 0 | U79: 0 | V79: 0 | W79: 0 | X79: 0 | Y79: 0 | Z79: 0 | AA79: 0 | AB79: 0 | AC79: 0 | AD79: 0 | AF79: 3 | AG79: 0 | AH79: 0 | AI79: =E$63 -> 1635376.8 | AJ79: 0 | AK79: 0 | AL79: 0 | AM79: 0 | AN79: 0 | AO79: 0 | AP79: 0 | AQ79: 0 | AR79: 0 | AS79: 0 | AT79: 0 | AU79: 0 | AV79: 0 | AW79: 0 | AX79: 0 | AY79: 0 | AZ79: 0 | BA79: 0 | BB79: 0 | BC79: 0 | BD79: 0 | BE79: 0 | BF79: 0 | BG79: 0 | BH79: 0
B80: 4 | C80: 0 | D80: 0 | E80: 0 | F80: =1/$AV6 -> 0.00012657475 | G80: 0 | H80: 0 | I80: 0 | J80: 0 | K80: 0 | L80: 0 | M80: 0 | N80: 0 | O80: 0 | P80: 0 | Q80: 0 | R80: 0 | S80: 0 | T80: 0 | U80: 0 | V80: 0 | W80: 0 | X80: 0 | Y80: 0 | Z80: 0 | AA80: 0 | AB80: 0 | AC80: 0 | AD80: 0 | AF80: 4 | AG80: 0 | AH80: 0 | AI80: 0 | AJ80: =F$63 -> 57922.885 | AK80: 0 | AL80: 0 | AM80: 0 | AN80: 0 | AO80: 0 | AP80: 0 | AQ80: 0 | AR80: 0 | AS80: 0 | AT80: 0 | AU80: 0 | AV80: 0 | AW80: 0 | AX80: 0 | AY80: 0 | AZ80: 0 | BA80: 0 | BB80: 0 | BC80: 0 | BD80: 0 | BE80: 0 | BF80: 0 | BG80: 0 | BH80: 0
B81: 5 | C81: 0 | D81: 0 | E81: 0 | F81: 0 | G81: =1/$AV7 -> 5.0760131e-05 | H81: 0 | I81: 0 | J81: 0 | K81: 0 | L81: 0 | M81: 0 | N81: 0 | O81: 0 | P81: 0 | Q81: 0 | R81: 0 | S81: 0 | T81: 0 | U81: 0 | V81: 0 | W81: 0 | X81: 0 | Y81: 0 | Z81: 0 | AA81: 0 | AB81: 0 | AC81: 0 | AD81: 0 | AF81: 5 | AG81: 0 | AH81: 0 | AI81: 0 | AJ81: 0 | AK81: =G$63 -> 28643.887 | AL81: 0 | AM81: 0 | AN81: 0 | AO81: 0 | AP81: 0 | AQ81: 0 | AR81: 0 | AS81: 0 | AT81: 0 | AU81: 0 | AV81: 0 | AW81: 0 | AX81: 0 | AY81: 0 | AZ81: 0 | BA81: 0 | BB81: 0 | BC81: 0 | BD81: 0 | BE81: 0 | BF81: 0 | BG81: 0 | BH81: 0
B82: 6 | C82: 0 | D82: 0 | E82: 0 | F82: 0 | G82: 0 | H82: =1/$AV8 -> 0.00041619174 | I82: 0 | J82: 0 | K82: 0 | L82: 0 | M82: 0 | N82: 0 | O82: 0 | P82: 0 | Q82: 0 | R82: 0 | S82: 0 | T82: 0 | U82: 0 | V82: 0 | W82: 0 | X82: 0 | Y82: 0 | Z82: 0 | AA82: 0 | AB82: 0 | AC82: 0 | AD82: 0 | AF82: 6 | AG82: 0 | AH82: 0 | AI82: 0 | AJ82: 0 | AK82: 0 | AL82: =H$63 -> 581169.88 | AM82: 0 | AN82: 0 | AO82: 0 | AP82: 0 | AQ82: 0 | AR82: 0 | AS82: 0 | AT82: 0 | AU82: 0 | AV82: 0 | AW82: 0 | AX82: 0 | AY82: 0 | AZ82: 0 | BA82: 0 | BB82: 0 | BC82: 0 | BD82: 0 | BE82: 0 | BF82: 0 | BG82: 0 | BH82: 0
B83: 7 | C83: 0 | D83: 0 | E83: 0 | F83: 0 | G83: 0 | H83: 0 | I83: =1/$AV9 -> 0.00014354131 | J83: 0 | K83: 0 | L83: 0 | M83: 0 | N83: 0 | O83: 0 | P83: 0 | Q83: 0 | R83: 0 | S83: 0 | T83: 0 | U83: 0 | V83: 0 | W83: 0 | X83: 0 | Y83: 0 | Z83: 0 | AA83: 0 | AB83: 0 | AC83: 0 | AD83: 0 | AF83: 7 | AG83: 0 | AH83: 0 | AI83: 0 | AJ83: 0 | AK83: 0 | AL83: 0 | AM83: =I$63 -> 216192.07 | AN83: 0 | AO83: 0 | AP83: 0 | AQ83: 0 | AR83: 0 | AS83: 0 | AT83: 0 | AU83: 0 | AV83: 0 | AW83: 0 | AX83: 0 | AY83: 0 | AZ83: 0 | BA83: 0 | BB83: 0 | BC83: 0 | BD83: 0 | BE83: 0 | BF83: 0 | BG83: 0 | BH83: 0
B84: 8 | C84: 0 | D84: 0 | E84: 0 | F84: 0 | G84: 0 | H84: 0 | I84: 0 | J84: =1/$AV10 -> 4.2216692e-06 | K84: 0 | L84: 0 | M84: 0 | N84: 0 | O84: 0 | P84: 0 | Q84: 0 | R84: 0 | S84: 0 | T84: 0 | U84: 0 | V84: 0 | W84: 0 | X84: 0 | Y84: 0 | Z84: 0 | AA84: 0 | AB84: 0 | AC84: 0 | AD84: 0 | AF84: 8 | AG84: 0 | AH84: 0 | AI84: 0 | AJ84: 0 | AK84: 0 | AL84: 0 | AM84: 0 | AN84: =J$63 -> 115113.54 | AO84: 0 | AP84: 0 | AQ84: 0 | AR84: 0 | AS84: 0 | AT84: 0 | AU84: 0 | AV84: 0 | AW84: 0 | AX84: 0 | AY84: 0 | AZ84: 0 | BA84: 0 | BB84: 0 | BC84: 0 | BD84: 0 | BE84: 0 | BF84: 0 | BG84: 0 | BH84: 0
B85: 9 | C85: 0 | D85: 0 | E85: 0 | F85: 0 | G85: 0 | H85: 0 | I85: 0 | J85: 0 | K85: =1/$AV11 -> 0.0018638251 | L85: 0 | M85: 0 | N85: 0 | O85: 0 | P85: 0 | Q85: 0 | R85: 0 | S85: 0 | T85: 0 | U85: 0 | V85: 0 | W85: 0 | X85: 0 | Y85: 0 | Z85: 0 | AA85: 0 | AB85: 0 | AC85: 0 | AD85: 0 | AF85: 9 | AG85: 0 | AH85: 0 | AI85: 0 | AJ85: 0 | AK85: 0 | AL85: 0 | AM85: 0 | AN85: 0 | AO85: =K$63 -> 50147.368 | AP85: 0 | AQ85: 0 | AR85: 0 | AS85: 0 | AT85: 0 | AU85: 0 | AV85: 0 | AW85: 0 | AX85: 0 | AY85: 0 | AZ85: 0 | BA85: 0 | BB85: 0 | BC85: 0 | BD85: 0 | BE85: 0 | BF85: 0 | BG85: 0 | BH85: 0
B86: 10 | C86: 0 | D86: 0 | E86: 0 | F86: 0 | G86: 0 | H86: 0 | I86: 0 | J86: 0 | K86: 0 | L86: =1/$AV12 -> 6.8428357e-06 | M86: 0 | N86: 0 | O86: 0 | P86: 0 | Q86: 0 | R86: 0 | S86: 0 | T86: 0 | U86: 0 | V86: 0 | W86: 0 | X86: 0 | Y86: 0 | Z86: 0 | AA86: 0 | AB86: 0 | AC86: 0 | AD86: 0 | AF86: 10 | AG86: 0 | AH86: 0 | AI86: 0 | AJ86: 0 | AK86: 0 | AL86: 0 | AM86: 0 | AN86: 0 | AO86: 0 | AP86: =L$63 -> 172463.03 | AQ86: 0 | AR86: 0 | AS86: 0 | AT86: 0 | AU86: 0 | AV86: 0 | AW86: 0 | AX86: 0 | AY86: 0 | AZ86: 0 | BA86: 0 | BB86: 0 | BC86: 0 | BD86: 0 | BE86: 0 | BF86: 0 | BG86: 0 | BH86: 0
B87: 11 | C87: 0 | D87: 0 | E87: 0 | F87: 0 | G87: 0 | H87: 0 | I87: 0 | J87: 0 | K87: 0 | L87: 0 | M87: =1/$AV13 -> 3.5139167e-06 | N87: 0 | O87: 0 | P87: 0 | Q87: 0 | R87: 0 | S87: 0 | T87: 0 | U87: 0 | V87: 0 | W87: 0 | X87: 0 | Y87: 0 | Z87: 0 | AA87: 0 | AB87: 0 | AC87: 0 | AD87: 0 | AF87: 11 | AG87: 0 | AH87: 0 | AI87: 0 | AJ87: 0 | AK87: 0 | AL87: 0 | AM87: 0 | AN87: 0 | AO87: 0 | AP87: 0 | AQ87: =M$63 -> 20648.303 | AR87: 0 | AS87: 0 | AT87: 0 | AU87: 0 | AV87: 0 | AW87: 0 | AX87: 0 | AY87: 0 | AZ87: 0 | BA87: 0 | BB87: 0 | BC87: 0 | BD87: 0 | BE87: 0 | BF87: 0 | BG87: 0 | BH87: 0
B88: 12 | C88: 0 | D88: 0 | E88: 0 | F88: 0 | G88: 0 | H88: 0 | I88: 0 | J88: 0 | K88: 0 | L88: 0 | M88: 0 | N88: =1/$AV14 -> 0.00021322966 | O88: 0 | P88: 0 | Q88: 0 | R88: 0 | S88: 0 | T88: 0 | U88: 0 | V88: 0 | W88: 0 | X88: 0 | Y88: 0 | Z88: 0 | AA88: 0 | AB88: 0 | AC88: 0 | AD88: 0 | AF88: 12 | AG88: 0 | AH88: 0 | AI88: 0 | AJ88: 0 | AK88: 0 | AL88: 0 | AM88: 0 | AN88: 0 | AO88: 0 | AP88: 0 | AQ88: 0 | AR88: =N$63 -> 435612.23 | AS88: 0 | AT88: 0 | AU88: 0 | AV88: 0 | AW88: 0 | AX88: 0 | AY88: 0 | AZ88: 0 | BA88: 0 | BB88: 0 | BC88: 0 | BD88: 0 | BE88: 0 | BF88: 0 | BG88: 0 | BH88: 0
B89: 13 | C89: 0 | D89: 0 | E89: 0 | F89: 0 | G89: 0 | H89: 0 | I89: 0 | J89: 0 | K89: 0 | L89: 0 | M89: 0 | N89: 0 | O89: =1/$AV15 -> 0.00089592087 | P89: 0 | Q89: 0 | R89: 0 | S89: 0 | T89: 0 | U89: 0 | V89: 0 | W89: 0 | X89: 0 | Y89: 0 | Z89: 0 | AA89: 0 | AB89: 0 | AC89: 0 | AD89: 0 | AF89: 13 | AG89: 0 | AH89: 0 | AI89: 0 | AJ89: 0 | AK89: 0 | AL89: 0 | AM89: 0 | AN89: 0 | AO89: 0 | AP89: 0 | AQ89: 0 | AR89: 0 | AS89: =O$63 -> 5633.9053 | AT89: 0 | AU89: 0 | AV89: 0 | AW89: 0 | AX89: 0 | AY89: 0 | AZ89: 0 | BA89: 0 | BB89: 0 | BC89: 0 | BD89: 0 | BE89: 0 | BF89: 0 | BG89: 0 | BH89: 0
B90: 14 | C90: 0 | D90: 0 | E90: 0 | F90: 0 | G90: 0 | H90: 0 | I90: 0 | J90: 0 | K90: 0 | L90: 0 | M90: 0 | N90: 0 | O90: 0 | P90: =1/$AV16 -> 3.2689114e-05 | Q90: 0 | R90: 0 | S90: 0 | T90: 0 | U90: 0 | V90: 0 | W90: 0 | X90: 0 | Y90: 0 | Z90: 0 | AA90: 0 | AB90: 0 | AC90: 0 | AD90: 0 | AF90: 14 | AG90: 0 | AH90: 0 | AI90: 0 | AJ90: 0 | AK90: 0 | AL90: 0 | AM90: 0 | AN90: 0 | AO90: 0 | AP90: 0 | AQ90: 0 | AR90: 0 | AS90: 0 | AT90: =P$63 -> 42388.839 | AU90: 0 | AV90: 0 | AW90: 0 | AX90: 0 | AY90: 0 | AZ90: 0 | BA90: 0 | BB90: 0 | BC90: 0 | BD90: 0 | BE90: 0 | BF90: 0 | BG90: 0 | BH90: 0
B91: 15 | C91: 0 | D91: 0 | E91: 0 | F91: 0 | G91: 0 | H91: 0 | I91: 0 | J91: 0 | K91: 0 | L91: 0 | M91: 0 | N91: 0 | O91: 0 | P91: 0 | Q91: =1/$AV17 -> 2.7976298e-07 | R91: 0 | S91: 0 | T91: 0 | U91: 0 | V91: 0 | W91: 0 | X91: 0 | Y91: 0 | Z91: 0 | AA91: 0 | AB91: 0 | AC91: 0 | AD91: 0 | AF91: 15 | AG91: 0 | AH91: 0 | AI91: 0 | AJ91: 0 | AK91: 0 | AL91: 0 | AM91: 0 | AN91: 0 | AO91: 0 | AP91: 0 | AQ91: 0 | AR91: 0 | AS91: 0 | AT91: 0 | AU91: =Q$63 -> 534401.58 | AV91: 0 | AW91: 0 | AX91: 0 | AY91: 0 | AZ91: 0 | BA91: 0 | BB91: 0 | BC91: 0 | BD91: 0 | BE91: 0 | BF91: 0 | BG91: 0 | BH91: 0
B92: 16 | C92: 0 | D92: 0 | E92: 0 | F92: 0 | G92: 0 | H92: 0 | I92: 0 | J92: 0 | K92: 0 | L92: 0 | M92: 0 | N92: 0 | O92: 0 | P92: 0 | Q92: 0 | R92: =1/$AV18 -> 9.2856095e-07 | S92: 0 | T92: 0 | U92: 0 | V92: 0 | W92: 0 | X92: 0 | Y92: 0 | Z92: 0 | AA92: 0 | AB92: 0 | AC92: 0 | AD92: 0 | AF92: 16 | AG92: 0 | AH92: 0 | AI92: 0 | AJ92: 0 | AK92: 0 | AL92: 0 | AM92: 0 | AN92: 0 | AO92: 0 | AP92: 0 | AQ92: 0 | AR92: 0 | AS92: 0 | AT92: 0 | AU92: 0 | AV92: =R$63 -> 191760.45 | AW92: 0 | AX92: 0 | AY92: 0 | AZ92: 0 | BA92: 0 | BB92: 0 | BC92: 0 | BD92: 0 | BE92: 0 | BF92: 0 | BG92: 0 | BH92: 0
B93: 17 | C93: 0 | D93: 0 | E93: 0 | F93: 0 | G93: 0 | H93: 0 | I93: 0 | J93: 0 | K93: 0 | L93: 0 | M93: 0 | N93: 0 | O93: 0 | P93: 0 | Q93: 0 | R93: 0 | S93: =1/$AV19 -> 4.7034759e-07 | T93: 0 | U93: 0 | V93: 0 | W93: 0 | X93: 0 | Y93: 0 | Z93: 0 | AA93: 0 | AB93: 0 | AC93: 0 | AD93: 0 | AF93: 17 | AG93: 0 | AH93: 0 | AI93: 0 | AJ93: 0 | AK93: 0 | AL93: 0 | AM93: 0 | AN93: 0 | AO93: 0 | AP93: 0 | AQ93: 0 | AR93: 0 | AS93: 0 | AT93: 0 | AU93: 0 | AV93: 0 | AW93: =S$63 -> 1566096.4 | AX93: 0 | AY93: 0 | AZ93: 0 | BA93: 0 | BB93: 0 | BC93: 0 | BD93: 0 | BE93: 0 | BF93: 0 | BG93: 0 | BH93: 0
B94: 18 | C94: 0 | D94: 0 | E94: 0 | F94: 0 | G94: 0 | H94: 0 | I94: 0 | J94: 0 | K94: 0 | L94: 0 | M94: 0 | N94: 0 | O94: 0 | P94: 0 | Q94: 0 | R94: 0 | S94: 0 | T94: =1/$AV20 -> 4.3718656e-07 | U94: 0 | V94: 0 | W94: 0 | X94: 0 | Y94: 0 | Z94: 0 | AA94: 0 | AB94: 0 | AC94: 0 | AD94: 0 | AF94: 18 | AG94: 0 | AH94: 0 | AI94: 0 | AJ94: 0 | AK94: 0 | AL94: 0 | AM94: 0 | AN94: 0 | AO94: 0 | AP94: 0 | AQ94: 0 | AR94: 0 | AS94: 0 | AT94: 0 | AU94: 0 | AV94: 0 | AW94: 0 | AX94: =T$63 -> 239713.59 | AY94: 0 | AZ94: 0 | BA94: 0 | BB94: 0 | BC94: 0 | BD94: 0 | BE94: 0 | BF94: 0 | BG94: 0 | BH94: 0
B95: 19 | C95: 0 | D95: 0 | E95: 0 | F95: 0 | G95: 0 | H95: 0 | I95: 0 | J95: 0 | K95: 0 | L95: 0 | M95: 0 | N95: 0 | O95: 0 | P95: 0 | Q95: 0 | R95: 0 | S95: 0 | T95: 0 | U95: =1/$AV21 -> 3.6839721e-07 | V95: 0 | W95: 0 | X95: 0 | Y95: 0 | Z95: 0 | AA95: 0 | AB95: 0 | AC95: 0 | AD95: 0 | AF95: 19 | AG95: 0 | AH95: 0 | AI95: 0 | AJ95: 0 | AK95: 0 | AL95: 0 | AM95: 0 | AN95: 0 | AO95: 0 | AP95: 0 | AQ95: 0 | AR95: 0 | AS95: 0 | AT95: 0 | AU95: 0 | AV95: 0 | AW95: 0 | AX95: 0 | AY95: =U$63 -> 96787.371 | AZ95: 0 | BA95: 0 | BB95: 0 | BC95: 0 | BD95: 0 | BE95: 0 | BF95: 0 | BG95: 0 | BH95: 0
B96: 20 | C96: 0 | D96: 0 | E96: 0 | F96: 0 | G96: 0 | H96: 0 | I96: 0 | J96: 0 | K96: 0 | L96: 0 | M96: 0 | N96: 0 | O96: 0 | P96: 0 | Q96: 0 | R96: 0 | S96: 0 | T96: 0 | U96: 0 | V96: =1/$AV22 -> 6.7336717e-06 | W96: 0 | X96: 0 | Y96: 0 | Z96: 0 | AA96: 0 | AB96: 0 | AC96: 0 | AD96: 0 | AF96: 20 | AG96: 0 | AH96: 0 | AI96: 0 | AJ96: 0 | AK96: 0 | AL96: 0 | AM96: 0 | AN96: 0 | AO96: 0 | AP96: 0 | AQ96: 0 | AR96: 0 | AS96: 0 | AT96: 0 | AU96: 0 | AV96: 0 | AW96: 0 | AX96: 0 | AY96: 0 | AZ96: =V$63 -> 10628411 | BA96: 0 | BB96: 0 | BC96: 0 | BD96: 0 | BE96: 0 | BF96: 0 | BG96: 0 | BH96: 0
B97: 21 | C97: 0 | D97: 0 | E97: 0 | F97: 0 | G97: 0 | H97: 0 | I97: 0 | J97: 0 | K97: 0 | L97: 0 | M97: 0 | N97: 0 | O97: 0 | P97: 0 | Q97: 0 | R97: 0 | S97: 0 | T97: 0 | U97: 0 | V97: 0 | W97: =1/$AV23 -> 2.2264924e-07 | X97: 0 | Y97: 0 | Z97: 0 | AA97: 0 | AB97: 0 | AC97: 0 | AD97: 0 | AF97: 21 | AG97: 0 | AH97: 0 | AI97: 0 | AJ97: 0 | AK97: 0 | AL97: 0 | AM97: 0 | AN97: 0 | AO97: 0 | AP97: 0 | AQ97: 0 | AR97: 0 | AS97: 0 | AT97: 0 | AU97: 0 | AV97: 0 | AW97: 0 | AX97: 0 | AY97: 0 | AZ97: 0 | BA97: =W$63 -> 297910.48 | BB97: 0 | BC97: 0 | BD97: 0 | BE97: 0 | BF97: 0 | BG97: 0 | BH97: 0
B98: 22 | C98: 0 | D98: 0 | E98: 0 | F98: 0 | G98: 0 | H98: 0 | I98: 0 | J98: 0 | K98: 0 | L98: 0 | M98: 0 | N98: 0 | O98: 0 | P98: 0 | Q98: 0 | R98: 0 | S98: 0 | T98: 0 | U98: 0 | V98: 0 | W98: 0 | X98: =1/$AV24 -> 1.9755992e-08 | Y98: 0 | Z98: 0 | AA98: 0 | AB98: 0 | AC98: 0 | AD98: 0 | AF98: 22 | AG98: 0 | AH98: 0 | AI98: 0 | AJ98: 0 | AK98: 0 | AL98: 0 | AM98: 0 | AN98: 0 | AO98: 0 | AP98: 0 | AQ98: 0 | AR98: 0 | AS98: 0 | AT98: 0 | AU98: 0 | AV98: 0 | AW98: 0 | AX98: 0 | AY98: 0 | AZ98: 0 | BA98: 0 | BB98: =X$63 -> 214892.19 | BC98: 0 | BD98: 0 | BE98: 0 | BF98: 0 | BG98: 0 | BH98: 0
B99: 23 | C99: 0 | D99: 0 | E99: 0 | F99: 0 | G99: 0 | H99: 0 | I99: 0 | J99: 0 | K99: 0 | L99: 0 | M99: 0 | N99: 0 | O99: 0 | P99: 0 | Q99: 0 | R99: 0 | S99: 0 | T99: 0 | U99: 0 | V99: 0 | W99: 0 | X99: 0 | Y99: =1/$AV25 -> 1.3294164e-06 | Z99: 0 | AA99: 0 | AB99: 0 | AC99: 0 | AD99: 0 | AF99: 23 | AG99: 0 | AH99: 0 | AI99: 0 | AJ99: 0 | AK99: 0 | AL99: 0 | AM99: 0 | AN99: 0 | AO99: 0 | AP99: 0 | AQ99: 0 | AR99: 0 | AS99: 0 | AT99: 0 | AU99: 0 | AV99: 0 | AW99: 0 | AX99: 0 | AY99: 0 | AZ99: 0 | BA99: 0 | BB99: 0 | BC99: =Y$63 -> 499488.85 | BD99: 0 | BE99: 0 | BF99: 0 | BG99: 0 | BH99: 0
B100: 24 | C100: 0 | D100: 0 | E100: 0 | F100: 0 | G100: 0 | H100: 0 | I100: 0 | J100: 0 | K100: 0 | L100: 0 | M100: 0 | N100: 0 | O100: 0 | P100: 0 | Q100: 0 | R100: 0 | S100: 0 | T100: 0 | U100: 0 | V100: 0 | W100: 0 | X100: 0 | Y100: 0 | Z100: =1/$AV26 -> 3.6787992e-08 | AA100: 0 | AB100: 0 | AC100: 0 | AD100: 0 | AF100: 24 | AG100: 0 | AH100: 0 | AI100: 0 | AJ100: 0 | AK100: 0 | AL100: 0 | AM100: 0 | AN100: 0 | AO100: 0 | AP100: 0 | AQ100: 0 | AR100: 0 | AS100: 0 | AT100: 0 | AU100: 0 | AV100: 0 | AW100: 0 | AX100: 0 | AY100: 0 | AZ100: 0 | BA100: 0 | BB100: 0 | BC100: 0 | BD100: =Z$63 -> 604923.15 | BE100: 0 | BF100: 0 | BG100: 0 | BH100: 0
B101: 25 | C101: 0 | D101: 0 | E101: 0 | F101: 0 | G101: 0 | H101: 0 | I101: 0 | J101: 0 | K101: 0 | L101: 0 | M101: 0 | N101: 0 | O101: 0 | P101: 0 | Q101: 0 | R101: 0 | S101: 0 | T101: 0 | U101: 0 | V101: 0 | W101: 0 | X101: 0 | Y101: 0 | Z101: 0 | AA101: =1/$AV27 -> 1.8033807e-08 | AB101: 0 | AC101: 0 | AD101: 0 | AF101: 25 | AG101: 0 | AH101: 0 | AI101: 0 | AJ101: 0 | AK101: 0 | AL101: 0 | AM101: 0 | AN101: 0 | AO101: 0 | AP101: 0 | AQ101: 0 | AR101: 0 | AS101: 0 | AT101: 0 | AU101: 0 | AV101: 0 | AW101: 0 | AX101: 0 | AY101: 0 | AZ101: 0 | BA101: 0 | BB101: 0 | BC101: 0 | BD101: 0 | BE101: =AA$63 -> 31191.675 | BF101: 0 | BG101: 0 | BH101: 0
B102: 26 | C102: 0 | D102: 0 | E102: 0 | F102: 0 | G102: 0 | H102: 0 | I102: 0 | J102: 0 | K102: 0 | L102: 0 | M102: 0 | N102: 0 | O102: 0 | P102: 0 | Q102: 0 | R102: 0 | S102: 0 | T102: 0 | U102: 0 | V102: 0 | W102: 0 | X102: 0 | Y102: 0 | Z102: 0 | AA102: 0 | AB102: =1/$AV28 -> 3.0068635e-06 | AC102: 0 | AD102: 0 | AF102: 26 | AG102: 0 | AH102: 0 | AI102: 0 | AJ102: 0 | AK102: 0 | AL102: 0 | AM102: 0 | AN102: 0 | AO102: 0 | AP102: 0 | AQ102: 0 | AR102: 0 | AS102: 0 | AT102: 0 | AU102: 0 | AV102: 0 | AW102: 0 | AX102: 0 | AY102: 0 | AZ102: 0 | BA102: 0 | BB102: 0 | BC102: 0 | BD102: 0 | BE102: 0 | BF102: =AB$63 -> 2923952 | BG102: 0 | BH102: 0
B103: 27 | C103: 0 | D103: 0 | E103: 0 | F103: 0 | G103: 0 | H103: 0 | I103: 0 | J103: 0 | K103: 0 | L103: 0 | M103: 0 | N103: 0 | O103: 0 | P103: 0 | Q103: 0 | R103: 0 | S103: 0 | T103: 0 | U103: 0 | V103: 0 | W103: 0 | X103: 0 | Y103: 0 | Z103: 0 | AA103: 0 | AB103: 0 | AC103: =1/$AV29 -> 4.1784155e-06 | AD103: 0 | AF103: 27 | AG103: 0 | AH103: 0 | AI103: 0 | AJ103: 0 | AK103: 0 | AL103: 0 | AM103: 0 | AN103: 0 | AO103: 0 | AP103: 0 | AQ103: 0 | AR103: 0 | AS103: 0 | AT103: 0 | AU103: 0 | AV103: 0 | AW103: 0 | AX103: 0 | AY103: 0 | AZ103: 0 | BA103: 0 | BB103: 0 | BC103: 0 | BD103: 0 | BE103: 0 | BF103: 0 | BG103: =AC$63 -> 100423.99 | BH103: 0
...

Sheet Graphs
B1: SuperRegion | C1: AT | R1: World_but_AT
A2: GHG | B2: Aggregated_Sector | C2: Plant cultivation | D2: Plant processing | E2: Animal husbandry | F2: Animal processing | G2: Other food processing | H2: Food waste and reuse | I2: Mining and forestry | J2: Manufacturing and construction | K2: Manufacturing fertilisers | L2: Trade, transport and utilities | M2: Services | N2: Waste | O2: Water | P2: Hotels and Resteraunts | R2: Plant cultivation | S2: Plant processing | T2: Animal husbandry | U2: Animal processing | V2: Other food processing | W2: Food waste and reuse | X2: Mining and forestry | Y2: Manufacturing and construction | Z2: Manufacturing fertilisers | AA2: Trade, transport and utilities | AB2: Services | AC2: Waste | AD2: Water | AE2: Hotels and Resteraunts | AF2: Totals
B3: Footprint | C3: =Model!AG200 -> 8.8471293e+08 | D3: =Model!AH200 -> 1259476715 | E3: =Model!AI200 -> 4518129502 | F3: =Model!AJ200 -> 2461614424 | G3: =Model!AK200 -> 2685320394 | H3: =Model!AL200 -> 69023018 | I3: =Model!AM200 -> 6.1771452e+08 | J3: =Model!AN200 -> 36753265098 | ... P3: =Model!AT200 -> 1788105630 | Q3: Footprint | R3: =Model!AU200 -> 1036687414803 | S3: =Model!AV200 -> 442279434505 | T3: =Model!AW200 -> 1967867515855 | U3: =Model!AX200 -> 1787399433217 | V3: =Model!AY200 -> 1088933440650 | W3: =Model!AZ200 -> 646405309465 | X3: =Model!BA200 -> 158324844457 | Y3: =Model!BB200 -> 14171840262290 | ... AE3: =Model!BH200 -> 952462234246 | AF3: =SUM(C3:AE3) -> 39794749118832
B4: Direct output | C4: =Model!$BI170 -> 1668962085 | D4: =Model!$BI171 -> 370000297 | E4: =Model!$BI172 -> 7044877391 | F4: =Model!$BI173 -> 457618028 | G4: =Model!$BI174 -> 5.6429893e+08 | H4: =Model!$BI175 -> 1396399359 | I4: =Model!$BI176 -> 1506131437 | J4: =Model!$BI177 -> 27267304167 | K4: =Model!$BI178 -> 26905618 | L4: =Model!$BI179 -> 25203443673 | M4: =Model!$BI180 -> 5876150331 | N4: =Model!$BI181 -> 2042925110 | O4: =Model!$BI182 -> 6288396.1 | P4: =Model!$BI183 -> 1296726455 | Q4: Direct output | R4: =Model!$BI184 -> 1910194029437 | S4: =Model!$BI185 -> 206513585997 | T4: =Model!$BI186 -> 3329657548812 | U4: =Model!$BI187 -> 548309594788 | V4: =Model!$BI188 -> 262725579656 | W4: =Model!$BI189 -> 1578397521288 | X4: =Model!$BI190 -> 1338026025116 | Y4: =Model!$BI191 -> 10877317349473 | Z4: =Model!$BI192 -> 375720391672 | AA4: =Model!$BI193 -> 16443494755885 | AB4: =Model!$BI194 -> 1729622271248 | AC4: =Model!$BI195 -> 972425901650 | AD4: =Model!$BI196 -> 24033987911 | AE4: =Model!$BI197 -> 123582544622 | AF4: =SUM(C4:AE4) -> 39794749118832
AF7: 4.2053078e+13
B35: SuperRegion | C35: AT | R35: World_but_AT
B36: Aggregated_Sector | C36: Plant cultivation | D36: Plant processing | E36: Animal husbandry | F36: Animal processing | G36: Other food processing | H36: Food waste and reuse | I36: Mining and forestry | J36: Manufacturing and construction | K36: Manufacturing fertilisers | L36: Trade, transport and utilities | M36: Services | N36: Waste | O36: Water | P36: Hotels and Resteraunts | R36: Plant cultivation | S36: Plant processing | T36: Animal husbandry | U36: Animal processing | V36: Other food processing | W36: Food waste and reuse | X36: Mining and forestry | Y36: Manufacturing and construction | Z36: Manufacturing fertilisers | AA36: Trade, transport and utilities | AB36: Services | AC36: Waste | AD36: Water | AE36: Hotels and Resteraunts | AF36: Totals
A37: Mat (Plants) | B37: Footprint | C37: =Model!AG234 -> 3493.9689 | D37: =Model!AH234 -> 1505.2666 | E37: =Model!AI234 -> 1400.7722 | F37: =Model!AJ234 -> 426.62849 | G37: =Model!AK234 -> 2293.2746 | H37: =Model!AL234 -> 0.56519406 | I37: =Model!AM234 -> 13.432015 | J37: =Model!AN234 -> 2450.3079 | ... P37: =Model!AT234 -> 626.27355 | Q37: Footprint | R37: =Model!AU234 -> 3702270.4 | S37: =Model!AV234 -> 372550.48 | T37: =Model!AW234 -> 240053.17 | U37: =Model!AX234 -> 215544.42 | V37: =Model!AY234 -> 1718315.3 | W37: =Model!AZ234 -> 1575.9586 | X37: =Model!BA234 -> 10237.611 | Y37: =Model!BB234 -> 1489517.9 | ... AE37: =Model!BH234 -> 344403.97 | AF37: =SUM(C37:AE37) -> 9370080
B38: Direct output | C38: =Model!$BI204 -> 9814.9808 | D38: =Model!$BI205 -> 0 | E38: =Model!$BI206 -> 0 | F38: =Model!$BI207 -> 0 | G38: =Model!$BI208 -> 0 | H38: =Model!$BI209 -> 0 | I38: =Model!$BI210 -> 0 | J38: =Model!$BI211 -> 0 | K38: =Model!$BI212 -> 0 | L38: =Model!$BI213 -> 0 | M38: =Model!$BI214 -> 0 | N38: =Model!$BI215 -> 0 | O38: =Model!$BI216 -> 0 | P38: =Model!$BI217 -> 0 | Q38: Direct output | R38: =Model!$BI218 -> 9360265 | S38: =Model!$BI219 -> 0 | T38: =Model!$BI220 -> 0 | U38: =Model!$BI221 -> 0 | V38: =Model!$BI222 -> 0 | W38: =Model!$BI223 -> 0 | X38: =Model!$BI224 -> 0 | Y38: =Model!$BI225 -> 0 | Z38: =Model!$BI226 -> 0 | AA38: =Model!$BI227 -> 0 | AB38: =Model!$BI228 -> 0 | AC38: =Model!$BI229 -> 0 | AD38: =Model!$BI230 -> 0 | AE38: =Model!$BI231 -> 0 | AF38: =SUM(C38:AE38) -> 9370080
B69: SuperRegion | C69: AT | R69: World_but_AT
B70: Aggregated_Sector | C70: Plant cultivation | D70: Plant processing | E70: Animal husbandry | F70: Animal processing | G70: Other food processing | H70: Food waste and reuse | I70: Mining and forestry | J70: Manufacturing and construction | K70: Manufacturing fertilisers | L70: Trade, transport and utilities | M70: Services | N70: Waste | O70: Water | P70: Hotels and Resteraunts | R70: Plant cultivation | S70: Plant processing | T70: Animal husbandry | U70: Animal processing | V70: Other food processing | W70: Food waste and reuse | X70: Mining and forestry | Y70: Manufacturing and construction | Z70: Manufacturing fertilisers | AA70: Trade, transport and utilities | AB70: Services | AC70: Waste | AD70: Water | AE70: Hotels and Resteraunts | AF70: Totals
A71: Mat (Feed) | B71: Footprint | C71: =Model!AG268 -> 21.66848 | D71: =Model!AH268 -> 75.689872 | E71: =Model!AI268 -> 8639.8835 | F71: =Model!AJ268 -> 2805.5208 | G71: =Model!AK268 -> 1248.6271 | H71: =Model!AL268 -> 0.73020711 | I71: =Model!AM268 -> 16.266356 | J71: =Model!AN268 -> 1977.0833 | ... P71: =Model!AT268 -> 649.88017 | Q71: Footprint | R71: =Model!AU268 -> 42506.766 | S71: =Model!AV268 -> 34523.358 | T71: =Model!AW268 -> 7086548.8 | U71: =Model!AX268 -> 3708135.9 | V71: =Model!AY268 -> 356475.85 | W71: =Model!AZ268 -> 2634.3971 | X71: =Model!BA268 -> 7129.3986 | Y71: =Model!BB268 -> 886824.49 | ... AE71: =Model!BH268 -> 679425.65 | AF71: =SUM(C71:AE71) -> 14043340
B72: Direct output | C72: =Model!$BI238 -> 0 | D72: =Model!$BI239 -> 0 | E72: =Model!$BI240 -> 15943.325 | F72: =Model!$BI241 -> 0 | G72: =Model!$BI242 -> 0 | H72: =Model!$BI243 -> 0 | I72: =Model!$BI244 -> 0 | J72: =Model!$BI245 -> 0 | K72: =Model!$BI246 -> 0 | L72: =Model!$BI247 -> 0 | M72: =Model!$BI248 -> 0 | N72: =Model!$BI249 -> 0 | O72: =Model!$BI250 -> 0 | P72: =Model!$BI251 -> 0 | Q72: Direct output | R72: =Model!$BI252 -> 0 | S72: =Model!$BI253 -> 0 | T72: =Model!$BI254 -> 14027397 | U72: =Model!$BI255 -> 0 | V72: =Model!$BI256 -> 0 | W72: =Model!$BI257 -> 0 | X72: =Model!$BI258 -> 0 | Y72: =Model!$BI259 -> 0 | Z72: =Model!$BI260 -> 0 | AA72: =Model!$BI261 -> 0 | AB72: =Model!$BI262 -> 0 | AC72: =Model!$BI263 -> 0 | AD72: =Model!$BI264 -> 0 | AE72: =Model!$BI265 -> 0 | AF72: =SUM(C72:AE72) -> 14043340
