Workbook

Sheet Historical-Analysis
A1: Year | B1: GDP | C1: Demand Tofu | D1: Demand Cattle | E1: Demand Beef | F1: Cattle Stock | G1: Cattle Gross Adition | H1: Cattle Outflow | I1: Year
A2: 1990 | B2: =INDIRECT("'" & A2 & "'!F7") -> 16 | C2: =INDIRECT("'" & A2 & "'!H4") -> 3 | D2: =INDIRECT("'" & A2 & "'!H5") -> 2 | E2: =INDIRECT("'" & A2 & "'!H6") -> 11 | F2: {=SUM(INDIRECT("D" & ROW() - 1 + 1 & ":D" & ROW()))*10^6/P$22} -> 1333.3333 | G2: =D2*10^6/P$22 -> 1333.3333 | H2: 0 | I2: 1990 | R2: Cattle Gross Addition
A3: 1991 | B3: =INDIRECT("'" & A3 & "'!F7") -> 17.07 | C3: =INDIRECT("'" & A3 & "'!H4") -> 3.41 | D3: =INDIRECT("'" & A3 & "'!H5") -> 2.33 | E3: =INDIRECT("'" & A3 & "'!H6") -> 11.33 | F3: {=SUM(INDIRECT("D" & ROW() - 2 + 1 & ":D" & ROW()))*10^6/P$22} -> 2886.6667 | G3: =D3*10^6/P$22 -> 1553.3333 | H3: 0 | I3: 1991
A4: 1992 | B4: =INDIRECT("'" & A4 & "'!F7") -> 18.13 | C4: =INDIRECT("'" & A4 & "'!H4") -> 3.76 | D4: =INDIRECT("'" & A4 & "'!H5") -> 2.71 | E4: =INDIRECT("'" & A4 & "'!H6") -> 11.66 | F4: {=SUM(INDIRECT("D" & ROW() - 3 + 1 & ":D" & ROW()))*10^6/P$22} -> 4693.3333 | G4: =D4*10^6/P$22 -> 1806.6667 | H4: 0 | I4: 1992
A5: 1993 | B5: =INDIRECT("'" & A5 & "'!F7") -> 19.07 | C5: =INDIRECT("'" & A5 & "'!H4") -> 4.03 | D5: =INDIRECT("'" & A5 & "'!H5") -> 3.05 | E5: =INDIRECT("'" & A5 & "'!H6") -> 11.99 | F5: =SUM(INDIRECT("D" & ROW() - P$20 + 1 & ":D" & ROW()))*10^6/P$22 -> 6726.6667 | G5: =D5*10^6/P$22 -> 2033.3333 | H5: 0 | I5: 1993
A6: 1994 | B6: =INDIRECT("'" & A6 & "'!F7") -> 20.43 | C6: =INDIRECT("'" & A6 & "'!H4") -> 4.56 | D6: =INDIRECT("'" & A6 & "'!H5") -> 3.33 | E6: =INDIRECT("'" & A6 & "'!H6") -> 12.54 | F6: =SUM(INDIRECT("D" & ROW() - P$20 + 1 & ":D" & ROW()))*10^6/P$22 -> 8946.6667 | G6: =D6*10^6/P$22 -> 2220 | H6: =D2*10^6/P$22 -> 1333.3333 | I6: 1994
A7: 1995 | B7: =INDIRECT("'" & A7 & "'!F7") -> 21.87 | C7: =INDIRECT("'" & A7 & "'!H4") -> 4.98 | D7: =INDIRECT("'" & A7 & "'!H5") -> 3.69 | E7: =INDIRECT("'" & A7 & "'!H6") -> 13.2 | F7: =SUM(INDIRECT("D" & ROW() - P$20 + 1 & ":D" & ROW()))*10^6/P$22 -> 10073.333 | G7: =D7*10^6/P$22 -> 2460 | H7: =D3*10^6/P$22 -> 1553.3333 | I7: 1995
A8: 1996 | B8: =INDIRECT("'" & A8 & "'!F7") -> 23.22 | C8: =INDIRECT("'" & A8 & "'!H4") -> 5.23 | D8: =INDIRECT("'" & A8 & "'!H5") -> 4.02 | E8: =INDIRECT("'" & A8 & "'!H6") -> 13.97 | F8: =SUM(INDIRECT("D" & ROW() - P$20 + 1 & ":D" & ROW()))*10^6/P$22 -> 11200 | G8: =D8*10^6/P$22 -> 2680 | H8: =D4*10^6/P$22 -> 1806.6667 | I8: 1996
A9: 1997 | B9: =INDIRECT("'" & A9 & "'!F7") -> 25.17 | C9: =INDIRECT("'" & A9 & "'!H4") -> 5.88 | D9: =INDIRECT("'" & A9 & "'!H5") -> 4.44 | E9: =INDIRECT("'" & A9 & "'!H6") -> 14.85 | F9: =SUM(INDIRECT("D" & ROW() - P$20 + 1 & ":D" & ROW()))*10^6/P$22 -> 12353.333 | G9: =D9*10^6/P$22 -> 2960 | H9: =D5*10^6/P$22 -> 2033.3333 | I9: 1997
A10: 1998 | B10: =INDIRECT("'" & A10 & "'!F7") -> 26.72 | C10: =INDIRECT("'" & A10 & "'!H4") -> 6.06 | D10: =INDIRECT("'" & A10 & "'!H5") -> 4.93 | E10: =INDIRECT("'" & A10 & "'!H6") -> 15.73 | F10: =SUM(INDIRECT("D" & ROW() - P$20 + 1 & ":D" & ROW()))*10^6/P$22 -> 13606.667 | G10: =D10*10^6/P$22 -> 3286.6667 | H10: =D6*10^6/P$22 -> 2220 | I10: 1998
A11: 1999 | B11: =INDIRECT("'" & A11 & "'!F7") -> 28.71 | C11: =INDIRECT("'" & A11 & "'!H4") -> 6.95 | D11: =INDIRECT("'" & A11 & "'!H5") -> 5.15 | E11: =INDIRECT("'" & A11 & "'!H6") -> 16.61 | F11: =SUM(INDIRECT("D" & ROW() - P$20 + 1 & ":D" & ROW()))*10^6/P$22 -> 14820 | G11: =D11*10^6/P$22 -> 3433.3333 | H11: =D7*10^6/P$22 -> 2460 | I11: 1999
A12: 2000 | B12: =INDIRECT("'" & A12 & "'!F7") -> 30.91 | C12: =INDIRECT("'" & A12 & "'!H4") -> 7.88 | D12: =INDIRECT("'" & A12 & "'!H5") -> 5.65 | E12: =INDIRECT("'" & A12 & "'!H6") -> 17.38 | F12: =SUM(INDIRECT("D" & ROW() - P$20 + 1 & ":D" & ROW()))*10^6/P$22 -> 16126.667 | G12: =D12*10^6/P$22 -> 3766.6667 | H12: =D8*10^6/P$22 -> 2680 | I12: 2000
A13: 2001 | B13: =INDIRECT("'" & A13 & "'!F7") -> 32.61 | C13: =INDIRECT("'" & A13 & "'!H4") -> 8.76 | D13: =INDIRECT("'" & A13 & "'!H5") -> 6.03 | E13: =INDIRECT("'" & A13 & "'!H6") -> 17.82 | F13: =SUM(INDIRECT("D" & ROW() - P$20 + 1 & ":D" & ROW()))*10^6/P$22 -> 17466.667 | G13: =D13*10^6/P$22 -> 4020 | H13: =D9*10^6/P$22 -> 2960 | I13: 2001
A14: 2002 | B14: =INDIRECT("'" & A14 & "'!F7") -> 34.36 | C14: =INDIRECT("'" & A14 & "'!H4") -> 9.45 | D14: =INDIRECT("'" & A14 & "'!H5") -> 6.54 | E14: =INDIRECT("'" & A14 & "'!H6") -> 18.37 | F14: =SUM(INDIRECT("D" & ROW() - P$20 + 1 & ":D" & ROW()))*10^6/P$22 -> 18866.667 | G14: =D14*10^6/P$22 -> 4360 | H14: =D10*10^6/P$22 -> 3286.6667 | I14: 2002
A15: 2003 | B15: =INDIRECT("'" & A15 & "'!F7") -> 36.65 | C15: =INDIRECT("'" & A15 & "'!H4") -> 10.63 | D15: =INDIRECT("'" & A15 & "'!H5") -> 6.99 | E15: =INDIRECT("'" & A15 & "'!H6") -> 19.03 | F15: =SUM(INDIRECT("D" & ROW() - P$20 + 1 & ":D" & ROW()))*10^6/P$22 -> 20240 | G15: =D15*10^6/P$22 -> 4660 | H15: =D11*10^6/P$22 -> 3433.3333 | I15: 2003
A16: 2004 | B16: =INDIRECT("'" & A16 & "'!F7") -> 39.39 | C16: =INDIRECT("'" & A16 & "'!H4") -> 12.04 | D16: =INDIRECT("'" & A16 & "'!H5") -> 7.66 | E16: =INDIRECT("'" & A16 & "'!H6") -> 19.69 | F16: =SUM(INDIRECT("D" & ROW() - P$20 + 1 & ":D" & ROW()))*10^6/P$22 -> 21913.333 | G16: =D16*10^6/P$22 -> 5106.6667 | H16: =D12*10^6/P$22 -> 3766.6667 | I16: 2004
A17: 2005 | B17: =INDIRECT("'" & A17 & "'!F7") -> 40.93 | C17: =INDIRECT("'" & A17 & "'!H4") -> 13.25 | D17: =INDIRECT("'" & A17 & "'!H5") -> 7.33 | E17: =INDIRECT("'" & A17 & "'!H6") -> 20.35 | F17: =SUM(INDIRECT("D" & ROW() - P$20 + 1 & ":D" & ROW()))*10^6/P$22 -> 23033.333 | G17: =D17*10^6/P$22 -> 4886.6667 | H17: =D13*10^6/P$22 -> 4020 | I17: 2005
A18: 2006 | B18: =INDIRECT("'" & A18 & "'!F7") -> 42.23 | C18: =INDIRECT("'" & A18 & "'!H4") -> 14.33 | D18: =INDIRECT("'" & A18 & "'!H5") -> 6.78 | E18: =INDIRECT("'" & A18 & "'!H6") -> 21.12 | F18: =SUM(INDIRECT("D" & ROW() - P$20 + 1 & ":D" & ROW()))*10^6/P$22 -> 23533.333 | G18: =D18*10^6/P$22 -> 4520 | H18: =D14*10^6/P$22 -> 4360 | I18: 2006
A19: 2007 | B19: =INDIRECT("'" & A19 & "'!F7") -> 43.47 | C19: =INDIRECT("'" & A19 & "'!H4") -> 15.47 | D19: =INDIRECT("'" & A19 & "'!H5") -> 6.22 | E19: =INDIRECT("'" & A19 & "'!H6") -> 21.78 | F19: =SUM(INDIRECT("D" & ROW() - P$20 + 1 & ":D" & ROW()))*10^6/P$22 -> 23320 | G19: =D19*10^6/P$22 -> 4146.6667 | H19: =D15*10^6/P$22 -> 4660 | I19: 2007 | M19: Correlations | P19: Lifetime [years]
A20: 2008 | B20: =INDIRECT("'" & A20 & "'!F7") -> 44.54 | C20: =INDIRECT("'" & A20 & "'!H4") -> 16.53 | D20: =INDIRECT("'" & A20 & "'!H5") -> 5.57 | E20: =INDIRECT("'" & A20 & "'!H6") -> 22.44 | F20: =SUM(INDIRECT("D" & ROW() - P$20 + 1 & ":D" & ROW()))*10^6/P$22 -> 22373.333 | G20: =D20*10^6/P$22 -> 3713.3333 | H20: =D16*10^6/P$22 -> 5106.6667 | I20: 2008 | M20: GDP-Beef | N20: =CORREL(B1:B36, E1:E36) -> 0.83254193 | P20: 5
A21: 2009 | B21: =INDIRECT("'" & A21 & "'!F7") -> 39 | C21: =INDIRECT("'" & A21 & "'!H4") -> 15 | D21: =INDIRECT("'" & A21 & "'!H5") -> 3 | E21: =INDIRECT("'" & A21 & "'!H6") -> 21 | F21: =SUM(INDIRECT("D" & ROW() - P$20 + 1 & ":D" & ROW()))*10^6/P$22 -> 19266.667 | G21: =D21*10^6/P$22 -> 2000 | H21: =D17*10^6/P$22 -> 4886.6667 | I21: 2009 | M21: Tofu-Cattle | N21: =CORREL(C2:C37, D2:D37) -> -0.12749938 | P21: Cost Cattle [$]
A22: 2010 | B22: =INDIRECT("'" & A22 & "'!F7") -> 44.89 | C22: =INDIRECT("'" & A22 & "'!H4") -> 18.89 | D22: =INDIRECT("'" & A22 & "'!H5") -> 4 | E22: =INDIRECT("'" & A22 & "'!H6") -> 22 | F22: =SUM(INDIRECT("D" & ROW() - P$20 + 1 & ":D" & ROW()))*10^6/P$22 -> 17046.667 | G22: =D22*10^6/P$22 -> 2666.6667 | H22: =D18*10^6/P$22 -> 4520 | I22: 2010 | M22: Tofu-Beef | N22: =CORREL(C2:C37, E2:E37) -> 0.48728763 | P22: =1500 -> 1500
A23: 2011 | B23: =INDIRECT("'" & A23 & "'!F7") -> 48.09 | C23: =INDIRECT("'" & A23 & "'!H4") -> 20.02 | D23: =INDIRECT("'" & A23 & "'!H5") -> 4.53 | E23: =INDIRECT("'" & A23 & "'!H6") -> 23.54 | F23: =SUM(INDIRECT("D" & ROW() - P$20 + 1 & ":D" & ROW()))*10^6/P$22 -> 15546.667 | G23: =D23*10^6/P$22 -> 3020 | H23: =D19*10^6/P$22 -> 4146.6667 | I23: 2011 | M23: Cattle-Beef | N23: =CORREL(D2:D37, E2:E37) -> 0.13731857
A24: 2012 | B24: =INDIRECT("'" & A24 & "'!F7") -> 49.75 | C24: =INDIRECT("'" & A24 & "'!H4") -> 21.33 | D24: =INDIRECT("'" & A24 & "'!H5") -> 4.22 | E24: =INDIRECT("'" & A24 & "'!H6") -> 24.2 | F24: =SUM(INDIRECT("D" & ROW() - P$20 + 1 & ":D" & ROW()))*10^6/P$22 -> 14213.333 | G24: =D24*10^6/P$22 -> 2813.3333 | H24: =D20*10^6/P$22 -> 3713.3333 | I24: 2012
A25: 2013 | B25: =INDIRECT("'" & A25 & "'!F7") -> 52.04 | C25: =INDIRECT("'" & A25 & "'!H4") -> 22.85 | D25: =INDIRECT("'" & A25 & "'!H5") -> 4.11 | E25: =INDIRECT("'" & A25 & "'!H6") -> 25.08 | F25: =SUM(INDIRECT("D" & ROW() - P$20 + 1 & ":D" & ROW()))*10^6/P$22 -> 13240 | G25: =D25*10^6/P$22 -> 2740 | H25: =D21*10^6/P$22 -> 2000 | I25: 2013
A26: 2014 | B26: =INDIRECT("'" & A26 & "'!F7") -> 53.87 | C26: =INDIRECT("'" & A26 & "'!H4") -> 24.03 | D26: =INDIRECT("'" & A26 & "'!H5") -> 3.99 | E26: =INDIRECT("'" & A26 & "'!H6") -> 25.85 | F26: =SUM(INDIRECT("D" & ROW() - P$20 + 1 & ":D" & ROW()))*10^6/P$22 -> 13900 | G26: =D26*10^6/P$22 -> 2660 | H26: =D22*10^6/P$22 -> 2666.6667 | I26: 2014
A27: 2015 | B27: =INDIRECT("'" & A27 & "'!F7") -> 56.72 | C27: =INDIRECT("'" & A27 & "'!H4") -> 25.99 | D27: =INDIRECT("'" & A27 & "'!H5") -> 3.78 | E27: =INDIRECT("'" & A27 & "'!H6") -> 26.95 | F27: =SUM(INDIRECT("D" & ROW() - P$20 + 1 & ":D" & ROW()))*10^6/P$22 -> 13753.333 | G27: =D27*10^6/P$22 -> 2520 | H27: =D23*10^6/P$22 -> 3020 | I27: 2015
A28: 2016 | B28: =INDIRECT("'" & A28 & "'!F7") -> 58.95 | C28: =INDIRECT("'" & A28 & "'!H4") -> 27.24 | D28: =INDIRECT("'" & A28 & "'!H5") -> 3.66 | E28: =INDIRECT("'" & A28 & "'!H6") -> 28.05 | F28: =SUM(INDIRECT("D" & ROW() - P$20 + 1 & ":D" & ROW()))*10^6/P$22 -> 13173.333 | G28: =D28*10^6/P$22 -> 2440 | H28: =D24*10^6/P$22 -> 2813.3333 | I28: 2016
A29: 2017 | B29: =INDIRECT("'" & A29 & "'!F7") -> 61.24 | C29: =INDIRECT("'" & A29 & "'!H4") -> 28.55 | D29: =INDIRECT("'" & A29 & "'!H5") -> 3.54 | E29: =INDIRECT("'" & A29 & "'!H6") -> 29.15 | F29: =SUM(INDIRECT("D" & ROW() - P$20 + 1 & ":D" & ROW()))*10^6/P$22 -> 12720 | G29: =D29*10^6/P$22 -> 2360 | H29: =D25*10^6/P$22 -> 2740 | I29: 2017
A30: 2018 | B30: =INDIRECT("'" & A30 & "'!F7") -> 63.73 | C30: =INDIRECT("'" & A30 & "'!H4") -> 29.61 | D30: =INDIRECT("'" & A30 & "'!H5") -> 3.87 | E30: =INDIRECT("'" & A30 & "'!H6") -> 30.25 | F30: =SUM(INDIRECT("D" & ROW() - P$20 + 1 & ":D" & ROW()))*10^6/P$22 -> 12560 | G30: =D30*10^6/P$22 -> 2580 | H30: =D26*10^6/P$22 -> 2660 | I30: 2018
A31: 2019 | B31: =INDIRECT("'" & A31 & "'!F7") -> 63.8 | C31: =INDIRECT("'" & A31 & "'!H4") -> 30.77 | D31: =INDIRECT("'" & A31 & "'!H5") -> 4.03 | E31: =INDIRECT("'" & A31 & "'!H6") -> 29 | F31: =SUM(INDIRECT("D" & ROW() - P$20 + 1 & ":D" & ROW()))*10^6/P$22 -> 12586.667 | G31: =D31*10^6/P$22 -> 2686.6667 | H31: =D27*10^6/P$22 -> 2520 | I31: 2019
A32: 2020 | B32: =INDIRECT("'" & A32 & "'!F7") -> 63.36 | C32: =INDIRECT("'" & A32 & "'!H4") -> 32.87 | D32: =INDIRECT("'" & A32 & "'!H5") -> 3.94 | E32: =INDIRECT("'" & A32 & "'!H6") -> 26.55 | F32: =SUM(INDIRECT("D" & ROW() - P$20 + 1 & ":D" & ROW()))*10^6/P$22 -> 12693.333 | G32: =D32*10^6/P$22 -> 2626.6667 | H32: =D28*10^6/P$22 -> 2440 | I32: 2020
A33: 2021 | B33: =INDIRECT("'" & A33 & "'!F7") -> 60.8 | C33: =INDIRECT("'" & A33 & "'!H4") -> 35.03 | D33: =INDIRECT("'" & A33 & "'!H5") -> 3.77 | E33: =INDIRECT("'" & A33 & "'!H6") -> 22 | F33: =SUM(INDIRECT("D" & ROW() - P$20 + 1 & ":D" & ROW()))*10^6/P$22 -> 12766.667 | G33: =D33*10^6/P$22 -> 2513.3333 | H33: =D29*10^6/P$22 -> 2360 | I33: 2021
A34: 2022 | B34: =INDIRECT("'" & A34 & "'!F7") -> 63.43 | C34: =INDIRECT("'" & A34 & "'!H4") -> 38.55 | D34: =INDIRECT("'" & A34 & "'!H5") -> 3.88 | E34: =INDIRECT("'" & A34 & "'!H6") -> 21 | F34: =SUM(INDIRECT("D" & ROW() - P$20 + 1 & ":D" & ROW()))*10^6/P$22 -> 12993.333 | G34: =D34*10^6/P$22 -> 2586.6667 | H34: =D30*10^6/P$22 -> 2580 | I34: 2022
A35: 2023 | B35: =INDIRECT("'" & A35 & "'!F7") -> 64.13 | C35: =INDIRECT("'" & A35 & "'!H4") -> 42.02 | D35: =INDIRECT("'" & A35 & "'!H5") -> 4.11 | E35: =INDIRECT("'" & A35 & "'!H6") -> 18 | F35: =SUM(INDIRECT("D" & ROW() - P$20 + 1 & ":D" & ROW()))*10^6/P$22 -> 13153.333 | G35: =D35*10^6/P$22 -> 2740 | H35: =D31*10^6/P$22 -> 2686.6667 | I35: 2023
... A37: 2025 | B37: =INDIRECT("'" & A37 & "'!F7") -> 67.79 | C37: =INDIRECT("'" & A37 & "'!H4") -> 50.74 | D37: =INDIRECT("'" & A37 & "'!H5") -> 4.05 | E37: =INDIRECT("'" & A37 & "'!H6") -> 13 | F37: =SUM(INDIRECT("D" & ROW() - P$20 + 1 & ":D" & ROW()))*10^6/P$22 -> 13200 | G37: =D37*10^6/P$22 -> 2700 | H37: =D33*10^6/P$22 -> 2513.3333 | I37: 2025
B39: Direct Input Mass [mio t] | H39: Environmental Footprint Mass [mio t]
A40: Year | B40: Soy Agriculture | C40: Tofu Production | D40: Cow Farming | E40: Beef Processing | G40: Year | H40: Soy Agriculture | I40: Tofu Production | J40: Cow Farming | K40: Beef Processing
A41: 1990 | B41: =INDIRECT("'" & A2 & "'!B15") -> 21.428571 | C41: =INDIRECT("'" & A2 & "'!C15") -> 2 | D41: =INDIRECT("'" & A2 & "'!D15") -> 2.4 | E41: =INDIRECT("'" & A2 & "'!E15") -> 0.875 | G41: 1990 | H41: =INDIRECT("'" & A2 & "'!B42") -> 0 | I41: =INDIRECT("'" & A2 & "'!C42") -> 5.8853032 | J41: =INDIRECT("'" & A2 & "'!D42") -> 3.995889 | K41: =INDIRECT("'" & A2 & "'!E42") -> 16.822379
A42: 1991 | B42: =INDIRECT("'" & A3 & "'!B15") -> 22.071429 | C42: =INDIRECT("'" & A3 & "'!C15") -> 2.1666667 | D42: =INDIRECT("'" & A3 & "'!D15") -> 2.526 | E42: =INDIRECT("'" & A3 & "'!E15") -> 0.90125 | G42: 1991 | H42: =INDIRECT("'" & A3 & "'!B42") -> 0 | I42: =INDIRECT("'" & A3 & "'!C42") -> 6.3520536 | J42: =INDIRECT("'" & A3 & "'!D42") -> 4.5167285 | K42: =INDIRECT("'" & A3 & "'!E42") -> 16.796563
A43: 1992 | B43: =INDIRECT("'" & A4 & "'!B15") -> 22.714286 | C43: =INDIRECT("'" & A4 & "'!C15") -> 2.3133333 | D43: =INDIRECT("'" & A4 & "'!D15") -> 2.662 | E43: =INDIRECT("'" & A4 & "'!E15") -> 0.9275 | G43: 1992 | H43: =INDIRECT("'" & A4 & "'!B42") -> 0 | I43: =INDIRECT("'" & A4 & "'!C42") -> 6.7455915 | J43: =INDIRECT("'" & A4 & "'!D42") -> 5.0942502 | K43: =INDIRECT("'" & A4 & "'!E42") -> 16.777277
A44: 1993 | B44: =INDIRECT("'" & A5 & "'!B15") -> 23.357143 | C44: =INDIRECT("'" & A5 & "'!C15") -> 2.4333333 | D44: =INDIRECT("'" & A5 & "'!D15") -> 2.79 | E44: =INDIRECT("'" & A5 & "'!E15") -> 0.95375 | G44: 1993 | H44: =INDIRECT("'" & A5 & "'!B42") -> 0 | I44: =INDIRECT("'" & A5 & "'!C42") -> 7.0645163 | J44: =INDIRECT("'" & A5 & "'!D42") -> 5.5988661 | K44: =INDIRECT("'" & A5 & "'!E42") -> 16.870844
A45: 1994 | B45: =INDIRECT("'" & A6 & "'!B15") -> 24.428571 | C45: =INDIRECT("'" & A6 & "'!C15") -> 2.66 | D45: =INDIRECT("'" & A6 & "'!D15") -> 2.946 | E45: =INDIRECT("'" & A6 & "'!E15") -> 0.9975 | G45: 1994 | H45: =INDIRECT("'" & A6 & "'!B42") -> 0 | I45: =INDIRECT("'" & A6 & "'!C42") -> 7.660175 | J45: =INDIRECT("'" & A6 & "'!D42") -> 6.0238413 | K45: =INDIRECT("'" & A6 & "'!E42") -> 17.348055
A46: 1995 | B46: =INDIRECT("'" & A7 & "'!B15") -> 25.714286 | C46: =INDIRECT("'" & A7 & "'!C15") -> 2.86 | D46: =INDIRECT("'" & A7 & "'!D15") -> 3.138 | E46: =INDIRECT("'" & A7 & "'!E15") -> 1.05 | G46: 1995 | H46: =INDIRECT("'" & A7 & "'!B42") -> 0 | I46: =INDIRECT("'" & A7 & "'!C42") -> 8.1948501 | J46: =INDIRECT("'" & A7 & "'!D42") -> 6.5750895 | K46: =INDIRECT("'" & A7 & "'!E42") -> 17.992346
A47: 1996 | B47: =INDIRECT("'" & A8 & "'!B15") -> 27.214286 | C47: =INDIRECT("'" & A8 & "'!C15") -> 3.0133333 | D47: =INDIRECT("'" & A8 & "'!D15") -> 3.344 | E47: =INDIRECT("'" & A8 & "'!E15") -> 1.11125 | G47: 1996 | H47: =INDIRECT("'" & A8 & "'!B42") -> 0 | I47: =INDIRECT("'" & A8 & "'!C42") -> 8.6382971 | J47: =INDIRECT("'" & A8 & "'!D42") -> 7.1107247 | K47: =INDIRECT("'" & A8 & "'!E42") -> 18.933847
A48: 1997 | B48: =INDIRECT("'" & A9 & "'!B15") -> 28.928571 | C48: =INDIRECT("'" & A9 & "'!C15") -> 3.31 | D48: =INDIRECT("'" & A9 & "'!D15") -> 3.588 | E48: =INDIRECT("'" & A9 & "'!E15") -> 1.18125 | G48: 1997 | H48: =INDIRECT("'" & A9 & "'!B42") -> 0 | I48: =INDIRECT("'" & A9 & "'!C42") -> 9.415186 | J48: =INDIRECT("'" & A9 & "'!D42") -> 7.7515353 | K48: =INDIRECT("'" & A9 & "'!E42") -> 19.8411
A49: 1998 | B49: =INDIRECT("'" & A10 & "'!B15") -> 30.642857 | C49: =INDIRECT("'" & A10 & "'!C15") -> 3.45 | D49: =INDIRECT("'" & A10 & "'!D15") -> 3.846 | E49: =INDIRECT("'" & A10 & "'!E15") -> 1.25125 | G49: 1998 | H49: =INDIRECT("'" & A10 & "'!B42") -> 0 | I49: =INDIRECT("'" & A10 & "'!C42") -> 9.8418175 | J49: =INDIRECT("'" & A10 & "'!D42") -> 8.5052831 | K49: =INDIRECT("'" & A10 & "'!E42") -> 20.843007
A50: 1999 | B50: =INDIRECT("'" & A11 & "'!B15") -> 32.357143 | C50: =INDIRECT("'" & A11 & "'!C15") -> 3.8266667 | D50: =INDIRECT("'" & A11 & "'!D15") -> 4.05 | E50: =INDIRECT("'" & A11 & "'!E15") -> 1.32125 | G50: 1999 | H50: =INDIRECT("'" & A11 & "'!B42") -> 0 | I50: =INDIRECT("'" & A11 & "'!C42") -> 10.790995 | J50: =INDIRECT("'" & A11 & "'!D42") -> 8.8776224 | K50: =INDIRECT("'" & A11 & "'!E42") -> 21.886442
A51: 2000 | B51: =INDIRECT("'" & A12 & "'!B15") -> 33.857143 | C51: =INDIRECT("'" & A12 & "'!C15") -> 4.2066667 | D51: =INDIRECT("'" & A12 & "'!D15") -> 4.29 | E51: =INDIRECT("'" & A12 & "'!E15") -> 1.3825 | G51: 2000 | H51: =INDIRECT("'" & A12 & "'!B42") -> 0 | I51: =INDIRECT("'" & A12 & "'!C42") -> 11.694935 | J51: =INDIRECT("'" & A12 & "'!D42") -> 9.5735383 | K51: =INDIRECT("'" & A12 & "'!E42") -> 22.467837
A52: 2001 | B52: =INDIRECT("'" & A13 & "'!B15") -> 34.714286 | C52: =INDIRECT("'" & A13 & "'!C15") -> 4.54 | D52: =INDIRECT("'" & A13 & "'!D15") -> 4.446 | E52: =INDIRECT("'" & A13 & "'!E15") -> 1.4175 | G52: 2001 | H52: =INDIRECT("'" & A13 & "'!B42") -> 0 | I52: =INDIRECT("'" & A13 & "'!C42") -> 12.419125 | J52: =INDIRECT("'" & A13 & "'!D42") -> 10.061967 | K52: =INDIRECT("'" & A13 & "'!E42") -> 22.636693
... A76: 2025 | B76: =INDIRECT("'" & A37 & "'!B15") -> 52.714286 | C76: =INDIRECT("'" & A37 & "'!C15") -> 19.713333 | D76: =INDIRECT("'" & A37 & "'!D15") -> 3.75 | E76: =INDIRECT("'" & A37 & "'!E15") -> 1.1875 | G76: 2025 | H76: =INDIRECT("'" & A37 & "'!B42") -> 0 | I76: =INDIRECT("'" & A37 & "'!C42") -> 49.199505 | J76: =INDIRECT("'" & A37 & "'!D42") -> 7.2591047 | K76: =INDIRECT("'" & A37 & "'!E42") -> 20.90651
B78: Direct Input GHG [mio t] | H78: Environmental Footprint GHG [mio t] | N78: Accumulated Environmental Footprint GHG [mio t]
A79: Year | B79: Soy Agriculture | C79: Tofu Production | D79: Cow Farming | E79: Beef Processing | G79: Year | H79: Soy Agriculture | I79: Tofu Production | J79: Cow Farming | K79: Beef Processing | M79: Year | N79: Soy Agriculture | O79: Tofu Production | P79: Cow Farming | Q79: Beef Processing
A80: 1990 | B80: =INDIRECT("'" & A2 & "'!B16") -> 6.4285714 | C80: =INDIRECT("'" & A2 & "'!C16") -> 0.4 | D80: =INDIRECT("'" & A2 & "'!D16") -> 45.6 | E80: =INDIRECT("'" & A2 & "'!E16") -> 0.875 | G80: 1990 | H80: =INDIRECT("'" & A2 & "'!B43") -> 0 | I80: =INDIRECT("'" & A2 & "'!C43") -> 2.6133607 | J80: =INDIRECT("'" & A2 & "'!D43") -> 10.876465 | K80: =INDIRECT("'" & A2 & "'!E43") -> 39.813746 | M80: 1990 | N80: =SUM(H$80:H80 ) -> 0 | O80: =SUM(I$80:I80 ) -> 2.6133607 | P80: =SUM(J$80:J80 ) -> 10.876465 | Q80: =SUM(K$80:K80 ) -> 39.813746
A81: 1991 | B81: =INDIRECT("'" & A3 & "'!B16") -> 6.6214286 | C81: =INDIRECT("'" & A3 & "'!C16") -> 0.43333333 | D81: =INDIRECT("'" & A3 & "'!D16") -> 47.994 | E81: =INDIRECT("'" & A3 & "'!E16") -> 0.90125 | G81: 1991 | H81: =INDIRECT("'" & A3 & "'!B43") -> 0 | I81: =INDIRECT("'" & A3 & "'!C43") -> 2.7993424 | J81: =INDIRECT("'" & A3 & "'!D43") -> 12.554614 | K81: =INDIRECT("'" & A3 & "'!E43") -> 40.596055 | M81: 1991 | N81: =SUM(H$80:H81 ) -> 0 | O81: =SUM(I$80:I81 ) -> 5.4127032 | P81: =SUM(J$80:J81 ) -> 23.431079 | Q81: =SUM(K$80:K81 ) -> 80.409802
A82: 1992 | B82: =INDIRECT("'" & A4 & "'!B16") -> 6.8142857 | C82: =INDIRECT("'" & A4 & "'!C16") -> 0.46266667 | D82: =INDIRECT("'" & A4 & "'!D16") -> 50.578 | E82: =INDIRECT("'" & A4 & "'!E16") -> 0.9275 | G82: 1992 | H82: =INDIRECT("'" & A4 & "'!B43") -> 0 | I82: =INDIRECT("'" & A4 & "'!C43") -> 2.95427 | J82: =INDIRECT("'" & A4 & "'!D43") -> 14.464345 | K82: =INDIRECT("'" & A4 & "'!E43") -> 41.363837 | M82: 1992 | N82: =SUM(H$80:H82 ) -> 0 | O82: =SUM(I$80:I82 ) -> 8.3669732 | P82: =SUM(J$80:J82 ) -> 37.895424 | Q82: =SUM(K$80:K82 ) -> 121.77364
A83: 1993 | B83: =INDIRECT("'" & A5 & "'!B16") -> 7.0071429 | C83: =INDIRECT("'" & A5 & "'!C16") -> 0.48666667 | D83: =INDIRECT("'" & A5 & "'!D16") -> 53.01 | E83: =INDIRECT("'" & A5 & "'!E16") -> 0.95375 | G83: 1993 | H83: =INDIRECT("'" & A5 & "'!B43") -> 0 | I83: =INDIRECT("'" & A5 & "'!C43") -> 3.0809424 | J83: =INDIRECT("'" & A5 & "'!D43") -> 16.160876 | K83: =INDIRECT("'" & A5 & "'!E43") -> 42.215741 | M83: 1993 | N83: =SUM(H$80:H83 ) -> 0 | O83: =SUM(I$80:I83 ) -> 11.447916 | P83: =SUM(J$80:J83 ) -> 54.0563 | Q83: =SUM(K$80:K83 ) -> 163.98938
A84: 1994 | B84: =INDIRECT("'" & A6 & "'!B16") -> 7.3285714 | C84: =INDIRECT("'" & A6 & "'!C16") -> 0.532 | D84: =INDIRECT("'" & A6 & "'!D16") -> 55.974 | E84: =INDIRECT("'" & A6 & "'!E16") -> 0.9975 | G84: 1994 | H84: =INDIRECT("'" & A6 & "'!B43") -> 0 | I84: =INDIRECT("'" & A6 & "'!C43") -> 3.320113 | J84: =INDIRECT("'" & A6 & "'!D43") -> 17.572869 | K84: =INDIRECT("'" & A6 & "'!E43") -> 43.939089 | M84: 1994 | N84: =SUM(H$80:H84 ) -> 0 | O84: =SUM(I$80:I84 ) -> 14.768029 | P84: =SUM(J$80:J84 ) -> 71.62917 | Q84: =SUM(K$80:K84 ) -> 207.92847
A85: 1995 | B85: =INDIRECT("'" & A7 & "'!B16") -> 7.7142857 | C85: =INDIRECT("'" & A7 & "'!C16") -> 0.572 | D85: =INDIRECT("'" & A7 & "'!D16") -> 59.622 | E85: =INDIRECT("'" & A7 & "'!E16") -> 1.05 | G85: 1995 | H85: =INDIRECT("'" & A7 & "'!B43") -> 0 | I85: =INDIRECT("'" & A7 & "'!C43") -> 3.539225 | J85: =INDIRECT("'" & A7 & "'!D43") -> 19.385849 | K85: =INDIRECT("'" & A7 & "'!E43") -> 46.033212 | M85: 1995 | N85: =SUM(H$80:H85 ) -> 0 | O85: =SUM(I$80:I85 ) -> 18.307254 | P85: =SUM(J$80:J85 ) -> 91.015018 | Q85: =SUM(K$80:K85 ) -> 253.96168
A86: 1996 | B86: =INDIRECT("'" & A8 & "'!B16") -> 8.1642857 | C86: =INDIRECT("'" & A8 & "'!C16") -> 0.60266667 | D86: =INDIRECT("'" & A8 & "'!D16") -> 63.536 | E86: =INDIRECT("'" & A8 & "'!E16") -> 1.11125 | G86: 1996 | H86: =INDIRECT("'" & A8 & "'!B43") -> 0 | I86: =INDIRECT("'" & A8 & "'!C43") -> 3.7309616 | J86: =INDIRECT("'" & A8 & "'!D43") -> 21.070281 | K86: =INDIRECT("'" & A8 & "'!E43") -> 48.61296 | M86: 1996 | N86: =SUM(H$80:H86 ) -> 0 | O86: =SUM(I$80:I86 ) -> 22.038215 | P86: =SUM(J$80:J86 ) -> 112.0853 | Q86: =SUM(K$80:K86 ) -> 302.57464
A87: 1997 | B87: =INDIRECT("'" & A9 & "'!B16") -> 8.6785714 | C87: =INDIRECT("'" & A9 & "'!C16") -> 0.662 | D87: =INDIRECT("'" & A9 & "'!D16") -> 68.172 | E87: =INDIRECT("'" & A9 & "'!E16") -> 1.18125 | G87: 1997 | H87: =INDIRECT("'" & A9 & "'!B43") -> 0 | I87: =INDIRECT("'" & A9 & "'!C43") -> 4.0466882 | J87: =INDIRECT("'" & A9 & "'!D43") -> 23.186708 | K87: =INDIRECT("'" & A9 & "'!E43") -> 51.460425 | M87: 1997 | N87: =SUM(H$80:H87 ) -> 0 | O87: =SUM(I$80:I87 ) -> 26.084903 | P87: =SUM(J$80:J87 ) -> 135.27201 | Q87: =SUM(K$80:K87 ) -> 354.03507
A88: 1998 | B88: =INDIRECT("'" & A10 & "'!B16") -> 9.1928571 | C88: =INDIRECT("'" & A10 & "'!C16") -> 0.69 | D88: =INDIRECT("'" & A10 & "'!D16") -> 73.074 | E88: =INDIRECT("'" & A10 & "'!E16") -> 1.25125 | G88: 1998 | H88: =INDIRECT("'" & A10 & "'!B43") -> 0 | I88: =INDIRECT("'" & A10 & "'!C43") -> 4.2352362 | J88: =INDIRECT("'" & A10 & "'!D43") -> 25.647291 | K88: =INDIRECT("'" & A10 & "'!E43") -> 54.32558 | M88: 1998 | N88: =SUM(H$80:H88 ) -> 0 | O88: =SUM(I$80:I88 ) -> 30.32014 | P88: =SUM(J$80:J88 ) -> 160.9193 | Q88: =SUM(K$80:K88 ) -> 408.36065
A89: 1999 | B89: =INDIRECT("'" & A11 & "'!B16") -> 9.7071429 | C89: =INDIRECT("'" & A11 & "'!C16") -> 0.76533333 | D89: =INDIRECT("'" & A11 & "'!D16") -> 76.95 | E89: =INDIRECT("'" & A11 & "'!E16") -> 1.32125 | G89: 1999 | H89: =INDIRECT("'" & A11 & "'!B43") -> 0 | I89: =INDIRECT("'" & A11 & "'!C43") -> 4.6149732 | J89: =INDIRECT("'" & A11 & "'!D43") -> 26.799927 | K89: =INDIRECT("'" & A11 & "'!E43") -> 57.328826 | M89: 1999 | N89: =SUM(H$80:H89 ) -> 0 | O89: =SUM(I$80:I89 ) -> 34.935113 | P89: =SUM(J$80:J89 ) -> 187.71923 | Q89: =SUM(K$80:K89 ) -> 465.68947
A90: 2000 | B90: =INDIRECT("'" & A12 & "'!B16") -> 10.157143 | C90: =INDIRECT("'" & A12 & "'!C16") -> 0.84133333 | D90: =INDIRECT("'" & A12 & "'!D16") -> 81.51 | E90: =INDIRECT("'" & A12 & "'!E16") -> 1.3825 | G90: 2000 | H90: =INDIRECT("'" & A12 & "'!B43") -> 0 | I90: =INDIRECT("'" & A12 & "'!C43") -> 4.9641869 | J90: =INDIRECT("'" & A12 & "'!D43") -> 29.264002 | K90: =INDIRECT("'" & A12 & "'!E43") -> 59.662788 | M90: 2000 | N90: =SUM(H$80:H90 ) -> 0 | O90: =SUM(I$80:I90 ) -> 39.8993 | P90: =SUM(J$80:J90 ) -> 216.98323 | Q90: =SUM(K$80:K90 ) -> 525.35226
A91: 2001 | B91: =INDIRECT("'" & A13 & "'!B16") -> 10.414286 | C91: =INDIRECT("'" & A13 & "'!C16") -> 0.908 | D91: =INDIRECT("'" & A13 & "'!D16") -> 84.474 | E91: =INDIRECT("'" & A13 & "'!E16") -> 1.4175 | G91: 2001 | H91: =INDIRECT("'" & A13 & "'!B43") -> 0 | I91: =INDIRECT("'" & A13 & "'!C43") -> 5.2303619 | J91: =INDIRECT("'" & A13 & "'!D43") -> 31.1042 | K91: =INDIRECT("'" & A13 & "'!E43") -> 60.879224 | M91: 2001 | N91: =SUM(H$80:H91 ) -> 0 | O91: =SUM(I$80:I91 ) -> 45.129662 | P91: =SUM(J$80:J91 ) -> 248.08743 | Q91: =SUM(K$80:K91 ) -> 586.23148
... A115: 2025 | B115: =INDIRECT("'" & A37 & "'!B16") -> 15.814286 | C115: =INDIRECT("'" & A37 & "'!C16") -> 3.9426667 | D115: =INDIRECT("'" & A37 & "'!D16") -> 71.25 | E115: =INDIRECT("'" & A37 & "'!E16") -> 1.1875 | G115: 2025 | H115: =INDIRECT("'" & A37 & "'!B43") -> 0 | I115: =INDIRECT("'" & A37 & "'!C43") -> 21.951946 | J115: =INDIRECT("'" & A37 & "'!D43") -> 20.934079 | K115: =INDIRECT("'" & A37 & "'!E43") -> 49.308427 | M115: 2025 | N115: =SUM(H$80:H115 ) -> 0 | O115: =SUM(I$80:I115 ) -> 302.79715 | P115: =SUM(J$80:J115 ) -> 856.19738 | Q115: =SUM(K$80:K115 ) -> 2637.6228
B117: Direct Input Land [km^2 ] | H117: Environmental Footprint Land [mio t]
A118: Year | B118: Soy Agriculture | C118: Tofu Production | D118: Cow Farming | E118: Beef Processing | G118: Year | H118: Soy Agriculture | I118: Tofu Production | J118: Cow Farming | K118: Beef Processing
A119: 1990 | B119: =INDIRECT("'" & A2 & "'!B17") -> 19.285714 | C119: =INDIRECT("'" & A2 & "'!C17") -> 5.2 | D119: =INDIRECT("'" & A2 & "'!D17") -> 84 | E119: =INDIRECT("'" & A2 & "'!E17") -> 49.875 | G119: 1990 | H119: =INDIRECT("'" & A80 & "'!B43") -> 0 | I119: =INDIRECT("'" & A80 & "'!C43") -> 2.6133607 | J119: =INDIRECT("'" & A80 & "'!D43") -> 10.876465 | K119: =INDIRECT("'" & A80 & "'!E43") -> 39.813746
A120: 1991 | B120: =INDIRECT("'" & A3 & "'!B17") -> 19.864286 | C120: =INDIRECT("'" & A3 & "'!C17") -> 5.6333333 | D120: =INDIRECT("'" & A3 & "'!D17") -> 88.41 | E120: =INDIRECT("'" & A3 & "'!E17") -> 51.37125 | G120: 1991 | H120: =INDIRECT("'" & A81 & "'!B43") -> 0 | I120: =INDIRECT("'" & A81 & "'!C43") -> 2.7993424 | J120: =INDIRECT("'" & A81 & "'!D43") -> 12.554614 | K120: =INDIRECT("'" & A81 & "'!E43") -> 40.596055
A121: 1992 | B121: =INDIRECT("'" & A4 & "'!B17") -> 20.442857 | C121: =INDIRECT("'" & A4 & "'!C17") -> 6.0146667 | D121: =INDIRECT("'" & A4 & "'!D17") -> 93.17 | E121: =INDIRECT("'" & A4 & "'!E17") -> 52.8675 | G121: 1992 | H121: =INDIRECT("'" & A82 & "'!B43") -> 0 | I121: =INDIRECT("'" & A82 & "'!C43") -> 2.95427 | J121: =INDIRECT("'" & A82 & "'!D43") -> 14.464345 | K121: =INDIRECT("'" & A82 & "'!E43") -> 41.363837
A122: 1993 | B122: =INDIRECT("'" & A5 & "'!B17") -> 21.021429 | C122: =INDIRECT("'" & A5 & "'!C17") -> 6.3266667 | D122: =INDIRECT("'" & A5 & "'!D17") -> 97.65 | E122: =INDIRECT("'" & A5 & "'!E17") -> 54.36375 | G122: 1993 | H122: =INDIRECT("'" & A83 & "'!B43") -> 0 | I122: =INDIRECT("'" & A83 & "'!C43") -> 3.0809424 | J122: =INDIRECT("'" & A83 & "'!D43") -> 16.160876 | K122: =INDIRECT("'" & A83 & "'!E43") -> 42.215741
A123: 1994 | B123: =INDIRECT("'" & A6 & "'!B17") -> 21.985714 | C123: =INDIRECT("'" & A6 & "'!C17") -> 6.916 | D123: =INDIRECT("'" & A6 & "'!D17") -> 103.11 | E123: =INDIRECT("'" & A6 & "'!E17") -> 56.8575 | G123: 1994 | H123: =INDIRECT("'" & A84 & "'!B43") -> 0 | I123: =INDIRECT("'" & A84 & "'!C43") -> 3.320113 | J123: =INDIRECT("'" & A84 & "'!D43") -> 17.572869 | K123: =INDIRECT("'" & A84 & "'!E43") -> 43.939089
A124: 1995 | B124: =INDIRECT("'" & A7 & "'!B17") -> 23.142857 | C124: =INDIRECT("'" & A7 & "'!C17") -> 7.436 | D124: =INDIRECT("'" & A7 & "'!D17") -> 109.83 | E124: =INDIRECT("'" & A7 & "'!E17") -> 59.85 | G124: 1995 | H124: =INDIRECT("'" & A85 & "'!B43") -> 0 | I124: =INDIRECT("'" & A85 & "'!C43") -> 3.539225 | J124: =INDIRECT("'" & A85 & "'!D43") -> 19.385849 | K124: =INDIRECT("'" & A85 & "'!E43") -> 46.033212
A125: 1996 | B125: =INDIRECT("'" & A8 & "'!B17") -> 24.492857 | C125: =INDIRECT("'" & A8 & "'!C17") -> 7.8346667 | D125: =INDIRECT("'" & A8 & "'!D17") -> 117.04 | E125: =INDIRECT("'" & A8 & "'!E17") -> 63.34125 | G125: 1996 | H125: =INDIRECT("'" & A86 & "'!B43") -> 0 | I125: =INDIRECT("'" & A86 & "'!C43") -> 3.7309616 | J125: =INDIRECT("'" & A86 & "'!D43") -> 21.070281 | K125: =INDIRECT("'" & A86 & "'!E43") -> 48.61296
A126: 1997 | B126: =INDIRECT("'" & A9 & "'!B17") -> 26.035714 | C126: =INDIRECT("'" & A9 & "'!C17") -> 8.606 | D126: =INDIRECT("'" & A9 & "'!D17") -> 125.58 | E126: =INDIRECT("'" & A9 & "'!E17") -> 67.33125 | G126: 1997 | H126: =INDIRECT("'" & A87 & "'!B43") -> 0 | I126: =INDIRECT("'" & A87 & "'!C43") -> 4.0466882 | J126: =INDIRECT("'" & A87 & "'!D43") -> 23.186708 | K126: =INDIRECT("'" & A87 & "'!E43") -> 51.460425
A127: 1998 | B127: =INDIRECT("'" & A10 & "'!B17") -> 27.578571 | C127: =INDIRECT("'" & A10 & "'!C17") -> 8.97 | D127: =INDIRECT("'" & A10 & "'!D17") -> 134.61 | E127: =INDIRECT("'" & A10 & "'!E17") -> 71.32125 | G127: 1998 | H127: =INDIRECT("'" & A88 & "'!B43") -> 0 | I127: =INDIRECT("'" & A88 & "'!C43") -> 4.2352362 | J127: =INDIRECT("'" & A88 & "'!D43") -> 25.647291 | K127: =INDIRECT("'" & A88 & "'!E43") -> 54.32558
A128: 1999 | B128: =INDIRECT("'" & A11 & "'!B17") -> 29.121429 | C128: =INDIRECT("'" & A11 & "'!C17") -> 9.9493333 | D128: =INDIRECT("'" & A11 & "'!D17") -> 141.75 | E128: =INDIRECT("'" & A11 & "'!E17") -> 75.31125 | G128: 1999 | H128: =INDIRECT("'" & A89 & "'!B43") -> 0 | I128: =INDIRECT("'" & A89 & "'!C43") -> 4.6149732 | J128: =INDIRECT("'" & A89 & "'!D43") -> 26.799927 | K128: =INDIRECT("'" & A89 & "'!E43") -> 57.328826
A129: 2000 | B129: =INDIRECT("'" & A12 & "'!B17") -> 30.471429 | C129: =INDIRECT("'" & A12 & "'!C17") -> 10.937333 | D129: =INDIRECT("'" & A12 & "'!D17") -> 150.15 | E129: =INDIRECT("'" & A12 & "'!E17") -> 78.8025 | G129: 2000 | H129: =INDIRECT("'" & A90 & "'!B43") -> 0 | I129: =INDIRECT("'" & A90 & "'!C43") -> 4.9641869 | J129: =INDIRECT("'" & A90 & "'!D43") -> 29.264002 | K129: =INDIRECT("'" & A90 & "'!E43") -> 59.662788
A130: 2001 | B130: =INDIRECT("'" & A13 & "'!B17") -> 31.242857 | C130: =INDIRECT("'" & A13 & "'!C17") -> 11.804 | D130: =INDIRECT("'" & A13 & "'!D17") -> 155.61 | E130: =INDIRECT("'" & A13 & "'!E17") -> 80.7975 | G130: 2001 | H130: =INDIRECT("'" & A91 & "'!B43") -> 0 | I130: =INDIRECT("'" & A91 & "'!C43") -> 5.2303619 | J130: =INDIRECT("'" & A91 & "'!D43") -> 31.1042 | K130: =INDIRECT("'" & A91 & "'!E43") -> 60.879224
... A154: 2025 | B154: =INDIRECT("'" & A37 & "'!B17") -> 47.442857 | C154: =INDIRECT("'" & A37 & "'!C17") -> 51.254667 | D154: =INDIRECT("'" & A37 & "'!D17") -> 131.25 | E154: =INDIRECT("'" & A37 & "'!E17") -> 67.6875 | G154: 2025 | H154: =INDIRECT("'" & A115 & "'!B43") -> 0 | I154: =INDIRECT("'" & A115 & "'!C43") -> 21.951946 | J154: =INDIRECT("'" & A115 & "'!D43") -> 20.934079 | K154: =INDIRECT("'" & A115 & "'!E43") -> 49.308427
B156: Value Added [mio $] | H156: Footprint Value Added [mio $]
A157: Year | B157: Soy Agriculture | C157: Tofu Production | D157: Cow Farming | E157: Beef Processing | G157: Year | H157: Soy Agriculture | I157: Tofu Production | J157: Cow Farming | K157: Beef Processing
A158: 1990 | B158: =INDIRECT("'" & A2 & "'!B7") -> 11 | C158: =INDIRECT("'" & A2 & "'!C7") -> 1 | D158: =INDIRECT("'" & A2 & "'!D7") -> 1 | E158: =INDIRECT("'" & A2 & "'!E7") -> 3 | G158: 1990 | H158: =INDIRECT("'" & A2 & "'!B60") -> 0 | I158: =INDIRECT("'" & A2 & "'!C60") -> 3 | J158: =INDIRECT("'" & A2 & "'!D60") -> 2 | K158: =INDIRECT("'" & A2 & "'!E60") -> 11
A159: 1991 | B159: =INDIRECT("'" & A3 & "'!B7") -> 11.33 | C159: =INDIRECT("'" & A3 & "'!C7") -> 1.35 | D159: =INDIRECT("'" & A3 & "'!D7") -> 1.3 | E159: =INDIRECT("'" & A3 & "'!E7") -> 3.09 | G159: 1991 | H159: =INDIRECT("'" & A3 & "'!B60") -> 0 | I159: =INDIRECT("'" & A3 & "'!C60") -> 3.41 | J159: =INDIRECT("'" & A3 & "'!D60") -> 2.33 | K159: =INDIRECT("'" & A3 & "'!E60") -> 11.33
A160: 1992 | B160: =INDIRECT("'" & A4 & "'!B7") -> 11.66 | C160: =INDIRECT("'" & A4 & "'!C7") -> 1.64 | D160: =INDIRECT("'" & A4 & "'!D7") -> 1.65 | E160: =INDIRECT("'" & A4 & "'!E7") -> 3.18 | G160: 1992 | H160: =INDIRECT("'" & A4 & "'!B60") -> 0 | I160: =INDIRECT("'" & A4 & "'!C60") -> 3.76 | J160: =INDIRECT("'" & A4 & "'!D60") -> 2.71 | K160: =INDIRECT("'" & A4 & "'!E60") -> 11.66
A161: 1993 | B161: =INDIRECT("'" & A5 & "'!B7") -> 11.99 | C161: =INDIRECT("'" & A5 & "'!C7") -> 1.85 | D161: =INDIRECT("'" & A5 & "'!D7") -> 1.96 | E161: =INDIRECT("'" & A5 & "'!E7") -> 3.27 | G161: 1993 | H161: =INDIRECT("'" & A5 & "'!B60") -> 0 | I161: =INDIRECT("'" & A5 & "'!C60") -> 4.03 | J161: =INDIRECT("'" & A5 & "'!D60") -> 3.05 | K161: =INDIRECT("'" & A5 & "'!E60") -> 11.99
A162: 1994 | B162: =INDIRECT("'" & A6 & "'!B7") -> 12.54 | C162: =INDIRECT("'" & A6 & "'!C7") -> 2.28 | D162: =INDIRECT("'" & A6 & "'!D7") -> 2.19 | E162: =INDIRECT("'" & A6 & "'!E7") -> 3.42 | G162: 1994 | H162: =INDIRECT("'" & A6 & "'!B60") -> 0 | I162: =INDIRECT("'" & A6 & "'!C60") -> 4.56 | J162: =INDIRECT("'" & A6 & "'!D60") -> 3.33 | K162: =INDIRECT("'" & A6 & "'!E60") -> 12.54
A163: 1995 | B163: =INDIRECT("'" & A7 & "'!B7") -> 13.2 | C163: =INDIRECT("'" & A7 & "'!C7") -> 2.58 | D163: =INDIRECT("'" & A7 & "'!D7") -> 2.49 | E163: =INDIRECT("'" & A7 & "'!E7") -> 3.6 | G163: 1995 | H163: =INDIRECT("'" & A7 & "'!B60") -> 0 | I163: =INDIRECT("'" & A7 & "'!C60") -> 4.98 | J163: =INDIRECT("'" & A7 & "'!D60") -> 3.69 | K163: =INDIRECT("'" & A7 & "'!E60") -> 13.2
A164: 1996 | B164: =INDIRECT("'" & A8 & "'!B7") -> 13.97 | C164: =INDIRECT("'" & A8 & "'!C7") -> 2.69 | D164: =INDIRECT("'" & A8 & "'!D7") -> 2.75 | E164: =INDIRECT("'" & A8 & "'!E7") -> 3.81 | G164: 1996 | H164: =INDIRECT("'" & A8 & "'!B60") -> 0 | I164: =INDIRECT("'" & A8 & "'!C60") -> 5.23 | J164: =INDIRECT("'" & A8 & "'!D60") -> 4.02 | K164: =INDIRECT("'" & A8 & "'!E60") -> 13.97
A165: 1997 | B165: =INDIRECT("'" & A9 & "'!B7") -> 14.85 | C165: =INDIRECT("'" & A9 & "'!C7") -> 3.18 | D165: =INDIRECT("'" & A9 & "'!D7") -> 3.09 | E165: =INDIRECT("'" & A9 & "'!E7") -> 4.05 | G165: 1997 | H165: =INDIRECT("'" & A9 & "'!B60") -> 0 | I165: =INDIRECT("'" & A9 & "'!C60") -> 5.88 | J165: =INDIRECT("'" & A9 & "'!D60") -> 4.44 | K165: =INDIRECT("'" & A9 & "'!E60") -> 14.85
A166: 1998 | B166: =INDIRECT("'" & A10 & "'!B7") -> 15.73 | C166: =INDIRECT("'" & A10 & "'!C7") -> 3.2 | D166: =INDIRECT("'" & A10 & "'!D7") -> 3.5 | E166: =INDIRECT("'" & A10 & "'!E7") -> 4.29 | G166: 1998 | H166: =INDIRECT("'" & A10 & "'!B60") -> 0 | I166: =INDIRECT("'" & A10 & "'!C60") -> 6.06 | J166: =INDIRECT("'" & A10 & "'!D60") -> 4.93 | K166: =INDIRECT("'" & A10 & "'!E60") -> 15.73
A167: 1999 | B167: =INDIRECT("'" & A11 & "'!B7") -> 16.61 | C167: =INDIRECT("'" & A11 & "'!C7") -> 3.93 | D167: =INDIRECT("'" & A11 & "'!D7") -> 3.64 | E167: =INDIRECT("'" & A11 & "'!E7") -> 4.53 | G167: 1999 | H167: =INDIRECT("'" & A11 & "'!B60") -> 0 | I167: =INDIRECT("'" & A11 & "'!C60") -> 6.95 | J167: =INDIRECT("'" & A11 & "'!D60") -> 5.15 | K167: =INDIRECT("'" & A11 & "'!E60") -> 16.61
A168: 2000 | B168: =INDIRECT("'" & A12 & "'!B7") -> 17.38 | C168: =INDIRECT("'" & A12 & "'!C7") -> 4.72 | D168: =INDIRECT("'" & A12 & "'!D7") -> 4.07 | E168: =INDIRECT("'" & A12 & "'!E7") -> 4.74 | G168: 2000 | H168: =INDIRECT("'" & A12 & "'!B60") -> 0 | I168: =INDIRECT("'" & A12 & "'!C60") -> 7.88 | J168: =INDIRECT("'" & A12 & "'!D60") -> 5.65 | K168: =INDIRECT("'" & A12 & "'!E60") -> 17.38
A169: 2001 | B169: =INDIRECT("'" & A13 & "'!B7") -> 17.82 | C169: =INDIRECT("'" & A13 & "'!C7") -> 5.52 | D169: =INDIRECT("'" & A13 & "'!D7") -> 4.41 | E169: =INDIRECT("'" & A13 & "'!E7") -> 4.86 | G169: 2001 | H169: =INDIRECT("'" & A13 & "'!B60") -> 0 | I169: =INDIRECT("'" & A13 & "'!C60") -> 8.76 | J169: =INDIRECT("'" & A13 & "'!D60") -> 6.03 | K169: =INDIRECT("'" & A13 & "'!E60") -> 17.82
... A193: 2025 | B193: =INDIRECT("'" & A37 & "'!B7") -> 22.1 | C193: =INDIRECT("'" & A37 & "'!C7") -> 40.64 | D193: =INDIRECT("'" & A37 & "'!D7") -> 4.75 | E193: =INDIRECT("'" & A37 & "'!E7") -> 0.3 | G193: 2025 | H193: =INDIRECT("'" & A37 & "'!B60") -> 0 | I193: =INDIRECT("'" & A37 & "'!C60") -> 50.74 | J193: =INDIRECT("'" & A37 & "'!D60") -> 4.05 | K193: =INDIRECT("'" & A37 & "'!E60") -> 13

Sheet 1990_2025_Value_Added_Flow
A1: 1990
A2: Supply Sector | B2: Value Added Flow | C2: Demand Sector | E2: Create Sankey Diagramm:
A3: Soy Agriculture | B3: ='1990'!B55 -> 0 | C3: Soy Agriculture | E3: https://sankeymatic.com/build/?i=MoewngtAgg5gTgSwMYFcA2AXFcCmFgoAOhaYABANoAMAumaJLIqptjgFDsAqIAZihAAKcEABMUSDAhAA7fERLlqdBtHjJ0WXJwDCIAO4QAYgEM4AWwQyY84qWWqmG1tvYAhHDl5CRSHAGd%2DKxsCOzAHcDVmTTZOR3UWLTxQxUoAJgA6AGYAdgAWAEYqKhyCgE46Hn4fMQkpWU4qgWFayWk5FNJKKgyANio8rILegFY83oAOSr5mkXE2ht0DYzNLa1tFagyqNIKRibScrKyJgpommvn6mU4PLxq%2DQOCN%2B1oLlqv2uMinRLYX8IFDL5Iolcp5Gh6QymCzBRozS51doArYDIajcY5XpZSHLGFrGBLaGrZ6dcI9Xb7Q7HU644mw6y3TzeFqPILrMkASGUnKhKwZhPi0RcyQUpG5vQyEwmeQmZTSVAmvRonLuLN8AXZhO4CI%2BSNkAO62RGaRGBRyZQmI2VZDVD01cPYfPxpLFYG5PSxprl8tptuZ9qejPcAdZDo5bu5ONVoY1QcJQQAXjgyPoyP0qOwyGQABbp4rscxmGBWMhoMgTLNkOBkTPZjBkAqV7MAIzICvYLZgZCQIDQIBrAGJeCPR1WMHATDJ%2DIQzDgZA2AHLsGRiFNpgppKt5kZ1sgzkxIYJkHIjKstgeiHA1vcYHM4cwpkxV3v9ofSj%2DNsggWdHjDkAp2F4fs01QOAADcTCSWsMjPbMrHvRAMF4ERzH3EBsD8F8%2BwHMhBzKAjCKrH9DwQf8YLyM80BMMAMIbS9rzIEwUAwEAiykJAqwAKxQfwpF4WjEBLacyGXbMeL4hABPnUR%2DFEqtcHA69%2DBweATEIPMxKYjAMEPHMrF7cwSBwDAAlYsgZBwOc%2BPYaiWxwNA5NfXDB2KNy930q95OzfSYBzNAED8htPTgsheFkZDDxTfwp38CAVMQXgqwCyyDyPawYK3bNcGoqQlKTFMCiKKsixgGQpIAgs7IcmQTEfJjiCsuA5IATSrArGyyWCq30HBApzBs8iqkx7LQSC0BQJ9GrMVqq34NA0EIXAjyCWQyDa7NCBAIJrjIUaDB6vqgrIIbM2qxbtrI9omJYkATACsra3apB73q5jWLmhBmobezwu0VtcBMABrLarAbLJ2HGyawoHdiyAAcgAGgyeGqyWrwEAADwR1Hs38FARyxnH2DvB8cD4XgVIbEwK3PJ7syQE8q1EJ7H10shHwXdoYpkIGcDAdjkHW5KEEk8wW3uqdHmF8wQCU%2BgfgSGJcENCAemKIYskRmC3MmQs5ZTd45n1Do3R1koZW1tXtl6C1K1l%2BXnRJCMwjIa3ihGAirfVi19flu0w3jQ0qG9jICmOXo8j9w3dWNhYZHNzXtaoIA
A4: Tofu Production | B4: ='1990'!B56 -> 0 | C4: Soy Agriculture
A5: Cow Farming | B5: ='1990'!B57 -> 0 | C5: Soy Agriculture
A6: Beef Processing | B6: ='1990'!B58 -> 0 | C6: Soy Agriculture
A7: Soy Agriculture | B7: ='1990'!C55 -> 2.3741007 | C7: Tofu Production
A8: Tofu Production | B8: ='1990'!C56 -> 0.60431655 | C8: Tofu Production
A9: Cow Farming | B9: ='1990'!C57 -> 0.021582734 | C9: Tofu Production
A10: Beef Processing | B10: ='1990'!C58 -> 0 | C10: Tofu Production
A11: Soy Agriculture | B11: ='1990'!D55 -> 1.7410072 | C11: Cow Farming
A12: Tofu Production | B12: ='1990'!D56 -> 0.043165468 | C12: Cow Farming
A13: Cow Farming | B13: ='1990'!D57 -> 0.21582734 | C13: Cow Farming
A14: Beef Processing | B14: ='1990'!D58 -> 0 | C14: Cow Farming
A15: Soy Agriculture | B15: ='1990'!E55 -> 6.8848921 | C15: Beef Processing
A16: Tofu Production | B16: ='1990'!E56 -> 0.35251799 | C16: Beef Processing
A17: Cow Farming | B17: ='1990'!E57 -> 0.76258993 | C17: Beef Processing
A18: Beef Processing | B18: ='1990'!E58 -> 3 | C18: Beef Processing
G25: 1990 | L25: 2025
A26: 2025
A27: Supply Sector | B27: Value Added Flow | C27: Demand Sector
A28: Soy Agriculture | B28: ='2025'!B55 -> 0 | C28: Soy Agriculture
A29: Tofu Production | B29: ='2025'!B56 -> 0 | C29: Soy Agriculture
A30: Cow Farming | B30: ='2025'!B57 -> 0 | C30: Soy Agriculture
A31: Beef Processing | B31: ='2025'!B58 -> 0 | C31: Soy Agriculture
A32: Soy Agriculture | B32: ='2025'!C55 -> 12.841536 | C32: Tofu Production
A33: Tofu Production | B33: ='2025'!C56 -> 37.288779 | C33: Tofu Production
A34: Cow Farming | B34: ='2025'!C57 -> 0.60968459 | C34: Tofu Production
A35: Beef Processing | B35: ='2025'!C58 -> 0 | C35: Tofu Production
A36: Soy Agriculture | B36: ='2025'!D55 -> 2.582705 | C36: Cow Farming
A37: Tofu Production | B37: ='2025'!D56 -> 0.19616708 | C37: Cow Farming
A38: Cow Farming | B38: ='2025'!D57 -> 1.271128 | C38: Cow Farming
A39: Beef Processing | B39: ='2025'!D58 -> 0 | C39: Cow Farming
A40: Soy Agriculture | B40: ='2025'!E55 -> 6.6757591 | C40: Beef Processing
A41: Tofu Production | B41: ='2025'!E56 -> 3.1550535 | C41: Beef Processing
A42: Cow Farming | B42: ='2025'!E57 -> 2.8691875 | C42: Beef Processing
A43: Beef Processing | B43: ='2025'!E58 -> 0.3 | C43: Beef Processing

Sheet 1990_2025_GHG_Flow
A1: 1990 | E1: Create Sankey Diagramm:
A2: Supply Sector | B2: Value Added Flow | C2: Demand Sector | E2: https://sankeymatic.com/build/?i=MoewngtAgg5gTgSwMYFcA2AXFcCmFgoAOhaYABANoAMAumaJLIqptjgFDsAqIAZihAAKcEABMUSDAhAA7fERLlqdBtHjJ0WXJwDCIAO4QAYgEM4AWwQyY84qWWqmG1tvYAhHDl5CRSHAGd%2DKxsCOzAHcDVmTTZOR3UWLTxQxUoAJgA6AGYAdgAWAEYqKhyCgE46Hn4fMQkpWU4qgWFayWk5FNJKKgyANio8rILegFY83oAOSr5mkXE2ht0DYzNLa1tFagyqNIKRibScrKyJgpommvn6mU4PLxq%2DQOCN%2B1oLlqv2uMinRLYX8IFDL5Iolcp5Gh6QymCzBRozS51doArYDIajcY5XpZSHLGFrGBLaGrZ6dcI9Xb7Q7HU644mw6y3TzeFqPILrMkASGUnKhKwZhPi0RcyQUpG5vQyEwmeQmZTSVAmvRonLuLN8AXZhO4CI%2BSNkAO62RGaRGBRyZQmI2VZDVD01cPYfPxpLFYG5PSxprl8tptuZ9qejPcAdZDo5bu5ONVoY1QcJQQAXjgyPoyP0qOwyGQABbp4rscxmGBWMhoMgTLNkOBkTPZjBkAqV7MAIzICvYLZgZCQIDQIBrAGJeCPR1WMHATDJ%2DIQzDgZA2AHLsGRiFNpgppKt5kZ1sgzkxIYJkHIjKstgeiHA1vcYHM4cwpkxV3v9ofSj%2DNsggWdHjDkAp2F4fs01QOAADcTCSWsMjPbMrHvRAMF4ERzH3EBsD8F8%2BwHMhBzKAjCKrH9DwQf8YLyM80BMMAMIbS9rzIEwUAwEAiykJAqwAKxQfwpF4WjEBLacyGXbMeL4hABPnUR%2DFEqtcHA69%2DBweATEIPMxKYjAMEPHMrF7cwSBwDAAlYsgZBwOc%2BPYaiWxwNA5NfXDB2KNy930q95OzfSYBzNAED8htPTgsheFkZDDxTfwp38CAVMQXgqwCyyDyPawYK3bNcGoqQlKTFMCiKKsixgGQpIAgs7IcmQTEfJjiCsuA5IATSrArGyyWCq30HBApzBs8iqkx7LQSC0BQJ9GrMVqq34NA0EIXAjyCWQyDa7NCBAIJrjIUaDB6vqgrIIbM2qxbtrI9omJYkATACsra3apB73q5jWLmhBmobezwu0VtcBMABrLarAbLJ2HGyawoHdiyAAcgAGgyeGqyWrwEAADwR1Hs38FARyxnH2DvB8cD4XgVIbEwK3PJ7syQE8q1EJ7H10shHwXdoYpkIGcDAdjkHW5KEEk8wW3uqdHmF8wQCU%2BgfgSGJcENCAemKIYskRmC3MmQs5ZTd45n1Do3R1koZW1tXtl6C1K1l%2BXnRJCMwjIa3ihGAirfVi19flu0w3jQ0qG9jICmOXo8j9w3dWNhYZHNzXtaoIA
A3: Soy Agriculture | B3: ='1990'!M53 -> 0 | C3: Soy Agriculture
A4: Tofu Production | B4: ='1990'!M54 -> 0 | C4: Soy Agriculture
A5: Cow Farming | B5: ='1990'!M55 -> 0 | C5: Soy Agriculture
A6: Beef Processing | B6: ='1990'!M56 -> 0 | C6: Soy Agriculture
A7: Soy Agriculture | B7: ='1990'!N53 -> 1.3874615 | C7: Tofu Production
A8: Tofu Production | B8: ='1990'!N54 -> 0.24172662 | C8: Tofu Production
A9: Cow Farming | B9: ='1990'!N55 -> 0.98417266 | C9: Tofu Production
A10: Beef Processing | B10: ='1990'!N56 -> 0 | C10: Tofu Production | G10: 1990 | K10: 2025
A11: Soy Agriculture | B11: ='1990'!O53 -> 1.0174717 | C11: Cow Farming
A12: Tofu Production | B12: ='1990'!O54 -> 0.017266187 | C12: Cow Farming
A13: Cow Farming | B13: ='1990'!O55 -> 9.8417266 | C13: Cow Farming
A14: Beef Processing | B14: ='1990'!O56 -> 0 | C14: Cow Farming
A15: Soy Agriculture | B15: ='1990'!P53 -> 4.0236382 | C15: Beef Processing
A16: Tofu Production | B16: ='1990'!P54 -> 0.14100719 | C16: Beef Processing
A17: Cow Farming | B17: ='1990'!P55 -> 34.774101 | C17: Beef Processing
A18: Beef Processing | B18: ='1990'!P56 -> 0.875 | C18: Beef Processing
A26: 2025
A27: Supply Sector | B27: Value Added Flow | C27: Demand Sector
A28: Soy Agriculture | B28: ='2025'!M53 -> 0 | C28: Soy Agriculture
A29: Tofu Production | B29: ='2025'!M54 -> 0 | C29: Soy Agriculture
A30: Cow Farming | B30: ='2025'!M55 -> 0 | C30: Soy Agriculture
A31: Beef Processing | B31: ='2025'!M56 -> 0 | C31: Soy Agriculture
A32: Soy Agriculture | B32: ='2025'!N53 -> 9.1891275 | C32: Tofu Production
A33: Tofu Production | B33: ='2025'!N54 -> 3.6175499 | C33: Tofu Production
A34: Cow Farming | B34: ='2025'!N55 -> 9.1452689 | C34: Tofu Production
A35: Beef Processing | B35: ='2025'!N56 -> 0 | C35: Tofu Production
A36: Soy Agriculture | B36: ='2025'!O53 -> 1.8481282 | C36: Cow Farming
A37: Tofu Production | B37: ='2025'!O54 -> 0.019031039 | C37: Cow Farming
A38: Cow Farming | B38: ='2025'!O55 -> 19.066919 | C38: Cow Farming
A39: Beef Processing | B39: ='2025'!O56 -> 0 | C39: Cow Farming
A40: Soy Agriculture | B40: ='2025'!P53 -> 4.7770299 | C40: Beef Processing
A41: Tofu Production | B41: ='2025'!P54 -> 0.30608573 | C41: Beef Processing
A42: Cow Farming | B42: ='2025'!P55 -> 43.037812 | C42: Beef Processing
A43: Beef Processing | B43: ='2025'!P56 -> 1.1875 | C43: Beef Processing

Sheet 1990
B1: Input-Output Table
A2: 1990 [Mio $] | B2: Soy Agriculture | C2: Tofu Production | D2: Cow Farming | E2: Beef Processing | F2: Y_Houshold | G2: Y_Government | H2: Y_Total_Demand | I2: X_Total Output
A3: Soy Agriculture | B3: 3 | C3: 4 | D3: 8 | E3: 0 | F3: 0 | G3: 0 | H3: =SUM(F3:G3) -> 0 | I3: =SUM(B3:G3) -> 15
A4: Tofu Production | B4: 0 | C4: 1 | D4: 1 | E4: 1 | F4: 3 | G4: 0 | H4: =SUM(F4:G4) -> 3 | I4: =SUM(B4:G4) -> 6
A5: Cow Farming | B5: 1 | C5: 0 | D5: 2 | E5: 7 | F5: 0 | G5: 2 | H5: =SUM(F5:G5) -> 2 | I5: =SUM(B5:G5) -> 12
A6: Beef Processing | B6: 0 | C6: 0 | D6: 0 | E6: 3 | F6: 11 | G6: 0 | H6: =SUM(F6:G6) -> 11 | I6: =SUM(B6:G6) -> 14
A7: Value Added | B7: =I3-B8 -> 11 | C7: =I4-C8 -> 1 | D7: =I5-D8 -> 1 | E7: =I6-E8 -> 3 | F7: =SUM(B7:E7) -> 16 | G7: GDP
A8: Sum Inter Industry Input | B8: =SUM(B2:B6) -> 4 | C8: =SUM(C2:C6) -> 5 | D8: =SUM(D2:D6) -> 11 | E8: =SUM(E2:E6) -> 11
A9: X_Total_Industry_Input (Output) | B9: =SUM(B3:B7) -> 15 | C9: =SUM(C3:C7) -> 6 | D9: =SUM(D3:D7) -> 12 | E9: =SUM(E3:E7) -> 14
B10: Environmental Multiplyers
A11: Mass Multiplyer [$/kg] | B11: 0.7 | C11: 3 | D11: 5 | E11: 16
A12: GHG Multiplyer [CO2e kg /kg] | B12: 0.3 | C12: 0.2 | D12: 19 | E12: 1
A13: Land Use Multiplyer [m^2*year/kg] | B13: 0.9 | C13: 2.6 | D13: 35 | E13: 57
B14: Environmental Extensions (scope 1) - M Matrix
A15: Mass [Mio t] | B15: =B9/B11 -> 21.428571 | C15: =C9/C11 -> 2 | D15: =D9/D11 -> 2.4 | E15: =E9/E11 -> 0.875
A16: GHG Emmisons [Mio t] | B16: =B15*B12 -> 6.4285714 | C16: =C15*C12 -> 0.4 | D16: =D15*D12 -> 45.6 | E16: =E15*E12 -> 0.875
A17: Land Use [Mio m^2*year] | B17: =B15*B13 -> 19.285714 | C17: =C15*C13 -> 5.2 | D17: =D15*D13 -> 84 | E17: =E15*E13 -> 49.875
B18: Soy Agriculture | C18: Tofu Production | D18: Cow Farming | E18: Beef Processing
B22: 1/x hat Matrix [1/ Mio $]
B23: =1/I3 -> 0.066666667 | C23: 0 | D23: 0 | E23: 0
B24: 0 | C24: =1/I4 -> 0.16666667 | D24: 0 | E24: 0
B25: 0 | C25: 0 | D25: =1/I5 -> 0.083333333 | E25: 0
B26: 0 | C26: 0 | D26: 0 | E26: =1/I6 -> 0.071428571
B27: Technical Coeficient Matrix A [no dim]
B28: {=MMULT(B3:E6, B23:E26)} -> 0.2 | C28: 0.66666667 | D28: 0.66666667 | E28: 0
B29: 0 | C29: 0.16666667 | D29: 0.083333333 | E29: 0.071428571
B30: 0.066666667 | C30: 0 | D30: 0.16666667 | E30: 0.5
B31: 0 | C31: 0 | D31: 0 | E31: 0.21428571
B32: Leonthief Inverse Matrix L [no dim]
B33: {=MINVERSE(G42:J45)} -> 1.3489209 | C33: 1.0791367 | D33: 1.1870504 | E33: 0.85349902
B34: 0.010791367 | C34: 1.2086331 | D34: 0.1294964 | E34: 0.19228254
B35: 0.10791367 | C35: 0.086330935 | D35: 1.294964 | E35: 0.83191629
B36: 0 | C36: 0 | D36: 0 | E36: 1.2727273 | G36: Identity Matrix 1
B37: Environmental Coeficient Matrix F [mio (t,t,m^2)/ mio $] | G37: 1 | H37: 0 | I37: 0 | J37: 0
A38: Mass [Mio t/ mio $] | B38: {=MMULT(B15:E17, B23:E26)} -> 1.4285714 | C38: 0.33333333 | D38: 0.2 | E38: 0.0625 | G38: 0 | H38: 1 | I38: 0 | J38: 0
A39: GHG Emmisons [Mio t/ mio$] | B39: 0.42857143 | C39: 0.066666667 | D39: 3.8 | E39: 0.0625 | G39: 0 | H39: 0 | I39: 1 | J39: 0
A40: Land Use [Mio m^2*year/ mio$] | B40: 1.2857143 | C40: 0.86666667 | D40: 7 | E40: 3.5625 | G40: 0 | H40: 0 | I40: 0 | J40: 1
B41: Environmental Footprint (F*L*y-hat) | G41: 1-A
A42: Mass [Mio t] | B42: {=MMULT(MMULT(B38:E40, B33:E36),G47:J50)} -> 0 | C42: 5.8853032 | D42: 3.995889 | E42: 16.822379 | G42: =G37-B28 -> 0.8 | H42: =H37-C28 -> -0.66666667 | I42: =I37-D28 -> -0.66666667 | J42: =J37-E28 -> 0
A43: GHG Emmisons [Mio t] | B43: 0 | C43: 2.6133607 | D43: 10.876465 | E43: 39.813746 | G43: =G38-B29 -> 0 | H43: =H38-C29 -> 0.83333333 | I43: =I38-D29 -> -0.083333333 | J43: =J38-E29 -> -0.071428571
A44: Land Use [Mio m^2*year] | B44: 0 | C44: 9.1177801 | D44: 21.406372 | E44: 127.83656 | G44: =G39-B30 -> -0.066666667 | H44: =H39-C30 -> 0 | I44: =I39-D30 -> 0.83333333 | J44: =J39-E30 -> -0.5
B45: Soy Agriculture | C45: Tofu Production | D45: Cow Farming | E45: Beef Processing | G45: =G40-B31 -> 0 | H45: =H40-C31 -> 0 | I45: =I40-D31 -> 0 | J45: =J40-E31 -> 0.78571429
G46: y-hat Matrix [ Mio $] | M46: F_GHG_hat [t / $]
G47: =H3 -> 0 | H47: 0 | I47: 0 | J47: 0 | M47: =B39 -> 0.42857143 | N47: 0 | O47: 0 | P47: 0
G48: 0 | H48: =H4 -> 3 | I48: 0 | J48: 0 | M48: 0 | N48: =C39 -> 0.066666667 | O48: 0 | P48: 0
G49: 0 | H49: 0 | I49: =H5 -> 2 | J49: 0 | M49: 0 | N49: 0 | O49: =D39 -> 3.8 | P49: 0
G50: 0 | H50: 0 | I50: 0 | J50: =H6 -> 11 | M50: 0 | N50: 0 | O50: 0 | P50: =E39 -> 0.0625
G51: v-hat Matrix [Mio $]
G52: =B7 -> 11 | H52: 0 | I52: 0 | J52: 0 | M52: GHG Footprint flow matrix (F*L*y-hat) | Q52: Sum (Direct inputs)
A53: V= (v) hat * (1/x) hat * L * (y) hat | B53: Value Added Flow Matrix V | G53: 0 | H53: =C7 -> 1 | I53: 0 | J53: 0 | L53: Soy Agriculture | M53: {=MMULT(MMULT(M47:P50, B33:E36),G47:J50)} -> 0 | N53: 1.3874615 | O53: 1.0174717 | P53: 4.0236382 | Q53: =Sum(M53:P53) -> 6.4285714
B54: Soy Agriculture | C54: Tofu Production | D54: Cow Farming | E54: Beef Processing | F54: Sum | G54: 0 | H54: 0 | I54: =D7 -> 1 | J54: 0 | L54: Tofu Production | M54: 0 | N54: 0.24172662 | O54: 0.017266187 | P54: 0.14100719 | Q54: =Sum(M54:P54) -> 0.4
A55: Soy Agriculture | B55: {=MMULT(MMULT(G52:J55,B23:E26), MMULT(B33:E36, G47:J50))} -> 0 | C55: 2.3741007 | D55: 1.7410072 | E55: 6.8848921 | F55: =Sum(B55:E55) -> 11 | G55: 0 | H55: 0 | I55: 0 | J55: =E7 -> 3 | L55: Cow Farming | M55: 0 | N55: 0.98417266 | O55: 9.8417266 | P55: 34.774101 | Q55: =Sum(M55:P55) -> 45.6
A56: Tofu Production | B56: 0 | C56: 0.60431655 | D56: 0.043165468 | E56: 0.35251799 | F56: =Sum(B56:E56) -> 1 | L56: Beef Processing | M56: 0 | N56: 0 | O56: 0 | P56: 0.875 | Q56: =Sum(M56:P56) -> 0.875
A57: Cow Farming | B57: 0 | C57: 0.021582734 | D57: 0.21582734 | E57: 0.76258993 | F57: =Sum(B57:E57) -> 1 | M57: Soy Agriculture | N57: Tofu Production | O57: Cow Farming | P57: Beef Processing | Q57: =SUM(Q52:Q56) -> 53.303571
A58: Beef Processing | B58: 0 | C58: 0 | D58: 0 | E58: 3 | F58: =Sum(B58:E58) -> 3 | L58: GHG Footprint (sum column) | M58: =SUM(M53:M56) -> 0 | N58: =SUM(N53:N56) -> 2.6133607 | O58: =SUM(O53:O56) -> 10.876465 | P58: =SUM(P53:P56) -> 39.813746 | Q58: =SUM(M58:P58) -> 53.303571
B59: Soy Agriculture | C59: Tofu Production | D59: Cow Farming | E59: Beef Processing | F59: =SUM(F54:F58) -> 16
A60: Value Added Footprint (sum column) | B60: =SUM(B55:B58) -> 0 | C60: =SUM(C55:C58) -> 3 | D60: =SUM(D55:D58) -> 2 | E60: =SUM(E55:E58) -> 11 | F60: =SUM(B60:E60) -> 16
G61: v-hat/x Matrix 2
G62: =B7/I3 -> 0.73333333 | H62: 0 | I62: 0 | J62: 0
G63: 0 | H63: =C7/I4 -> 0.16666667 | I63: 0 | J63: 0
G64: 0 | H64: 0 | I64: =D7/I5 -> 0.083333333 | J64: 0
G65: 0 | H65: 0 | I65: 0 | J65: =E7/I6 -> 0.21428571

Sheet 1991
B1: Input-Output Table
A2: 1991 [Mio $] | B2: Soy Agriculture | C2: Tofu Production | D2: Cow Farming | E2: Beef Processing | F2: Y_Houshold | G2: Y_Government | H2: Y_Total_Demand | I2: X_Total Output
A3: Soy Agriculture | B3: 3.09 | C3: 4.12 | D3: 8.24 | E3: 0 | F3: 0 | G3: 0 | H3: =SUM(F3:G3) -> 0 | I3: =SUM(B3:G3) -> 15.45 | O3: Mass [Mio t] | P3: 22.071429 | Q3: 2.1666667 | R3: 2.526 | S3: 0.90125
A4: Tofu Production | B4: 0 | C4: 1.03 | D4: 1.03 | E4: 1.03 | F4: 3.41 | G4: 0 | H4: =SUM(F4:G4) -> 3.41 | I4: =SUM(B4:G4) -> 6.5 | O4: GHG Emmisons [Mio t] | P4: 6.6214286 | Q4: 0.43333333 | R4: 47.994 | S4: 0.90125
A5: Cow Farming | B5: 1.03 | C5: 0 | D5: 2.06 | E5: 7.21 | F5: 0 | G5: 2.33 | H5: =SUM(F5:G5) -> 2.33 | I5: =SUM(B5:G5) -> 12.63 | P5: Soy Agriculture | Q5: Tofu Production | R5: Cow Farming | S5: Beef Processing
A6: Beef Processing | B6: 0 | C6: 0 | D6: 0 | E6: 3.09 | F6: 11.33 | G6: 0 | H6: =SUM(F6:G6) -> 11.33 | I6: =SUM(B6:G6) -> 14.42
A7: Value Added | B7: =I3-B8 -> 11.33 | C7: =I4-C8 -> 1.35 | D7: =I5-D8 -> 1.3 | E7: =I6-E8 -> 3.09 | F7: =SUM(B7:E7) -> 17.07 | G7: GDP
A8: Sum Inter Industry Input | B8: =SUM(B2:B6) -> 4.12 | C8: =SUM(C2:C6) -> 5.15 | D8: =SUM(D2:D6) -> 11.33 | E8: =SUM(E2:E6) -> 11.33
A9: X_Total_Industry_Input | B9: =SUM(B3:B7) -> 15.45 | C9: =SUM(C3:C7) -> 6.5 | D9: =SUM(D3:D7) -> 12.63 | E9: =SUM(E3:E7) -> 14.42
B10: Environmental Multiplyers
A11: Mass Multiplyer [$/kg] | B11: 0.7 | C11: 3 | D11: 5 | E11: 16
A12: GHG Multiplyer [CO2e kg /kg] | B12: 0.3 | C12: 0.2 | D12: 19 | E12: 1
A13: Land Use Multiplyer [m^2*year/kg] | B13: 0.9 | C13: 2.6 | D13: 35 | E13: 57
B14: Environmental Extensions (scope 1) - M Matrix
A15: Mass [Mio t] | B15: =B9/B11 -> 22.071429 | C15: =C9/C11 -> 2.1666667 | D15: =D9/D11 -> 2.526 | E15: =E9/E11 -> 0.90125
A16: GHG Emmisons [Mio t] | B16: =B15*B12 -> 6.6214286 | C16: =C15*C12 -> 0.43333333 | D16: =D15*D12 -> 47.994 | E16: =E15*E12 -> 0.90125
A17: Land Use [Mio m^2*year] | B17: =B15*B13 -> 19.864286 | C17: =C15*C13 -> 5.6333333 | D17: =D15*D13 -> 88.41 | E17: =E15*E13 -> 51.37125
B18: Soy Agriculture | C18: Tofu Production | D18: Cow Farming | E18: Beef Processing
B22: 1/x hat Matrix [1/ Mio $]
B23: =1/I3 -> 0.064724919 | C23: 0 | D23: 0 | E23: 0
B24: 0 | C24: =1/I4 -> 0.15384615 | D24: 0 | E24: 0
B25: 0 | C25: 0 | D25: =1/I5 -> 0.079176564 | E25: 0
B26: 0 | C26: 0 | D26: 0 | E26: =1/I6 -> 0.069348128
B27: Technical Coeficient Matrix A [no dim]
B28: {=MMULT(B3:E6, B23:E26)} -> 0.2 | C28: 0.63384615 | D28: 0.65241489 | E28: 0
B29: 0 | C29: 0.15846154 | D29: 0.081551861 | E29: 0.071428571
B30: 0.066666667 | C30: 0 | D30: 0.16310372 | E30: 0.5
B31: 0 | C31: 0 | D31: 0 | E31: 0.21428571
B32: Leonthief Inverse Matrix L [no dim]
B33: {=MINVERSE(G42:J45)} -> 1.3456488 | C33: 1.0135417 | D33: 1.1477856 | E33: 0.82254919
B34: 0.010387923 | C34: 1.196124 | D34: 0.12465508 | E34: 0.18806451
B35: 0.10719359 | C35: 0.080738137 | D35: 1.2863231 | E35: 0.8259091
B36: 0 | C36: 0 | D36: 0 | E36: 1.2727273 | G36: Identity Matrix 1
B37: Environmental Coeficient Matrix F [mio (t,t,m^2)/ mio $] | G37: 1 | H37: 0 | I37: 0 | J37: 0
A38: Mass [Mio t/ mio $] | B38: {=MMULT(B15:E17, B23:E26)} -> 1.4285714 | C38: 0.33333333 | D38: 0.2 | E38: 0.0625 | G38: 0 | H38: 1 | I38: 0 | J38: 0
A39: GHG Emmisons [Mio t/ mio$] | B39: 0.42857143 | C39: 0.066666667 | D39: 3.8 | E39: 0.0625 | G39: 0 | H39: 0 | I39: 1 | J39: 0
A40: Land Use [Mio m^2*year/ mio$] | B40: 1.2857143 | C40: 0.86666667 | D40: 7 | E40: 3.5625 | G40: 0 | H40: 0 | I40: 0 | J40: 1
B41: Environmental Footprint (F*L*y-hat) | G41: 1-A
A42: Mass [Mio t] | B42: {=MMULT(MMULT(B38:E40, B33:E36),G47:J50)} -> 0 | C42: 6.3520536 | D42: 4.5167285 | E42: 16.796563 | G42: =G37-B28 -> 0.8 | H42: =H37-C28 -> -0.63384615 | I42: =I37-D28 -> -0.65241489 | J42: =J37-E28 -> 0
A43: GHG Emmisons [Mio t] | B43: 0 | C43: 2.7993424 | D43: 12.554614 | E43: 40.596055 | G43: =G38-B29 -> 0 | H43: =H38-C29 -> 0.84153846 | I43: =I38-D29 -> -0.081551861 | J43: =J38-E29 -> -0.071428571
A44: Land Use [Mio m^2*year] | B44: 0 | C44: 9.9058208 | D44: 24.670088 | E44: 130.70296 | G44: =G39-B30 -> -0.066666667 | H44: =H39-C30 -> 0 | I44: =I39-D30 -> 0.83689628 | J44: =J39-E30 -> -0.5
B45: Soy Agriculture | C45: Tofu Production | D45: Cow Farming | E45: Beef Processing | G45: =G40-B31 -> 0 | H45: =H40-C31 -> 0 | I45: =I40-D31 -> 0 | J45: =J40-E31 -> 0.78571429
G46: y-hat Matrix [1/ Mio $]
G47: =H3 -> 0 | H47: 0 | I47: 0 | J47: 0
G48: 0 | H48: =H4 -> 3.41 | I48: 0 | J48: 0
G49: 0 | H49: 0 | I49: =H5 -> 2.33 | J49: 0
G50: 0 | H50: 0 | I50: 0 | J50: =H6 -> 11.33
G51: v-hat Matrix [Mio $]
G52: =B7 -> 11.33 | H52: 0 | I52: 0 | J52: 0
A53: V= (v) hat * (1/x) hat * L * (y) hat | B53: Value Added Flow Matrix V | G53: 0 | H53: =C7 -> 1.35 | I53: 0 | J53: 0
B54: Soy Agriculture | C54: Tofu Production | D54: Cow Farming | E54: Beef Processing | F54: Sum | G54: 0 | H54: 0 | I54: =D7 -> 1.3 | J54: 0
A55: Soy Agriculture | B55: {=MMULT(MMULT(G52:J55,B23:E26), MMULT(B33:E36, G47:J50))} -> 0 | C55: 2.5345299 | D55: 1.961183 | E55: 6.834287 | F55: =Sum(B55:E55) -> 11.33 | G55: 0 | H55: 0 | I55: 0 | J55: =E7 -> 3.09
A56: Tofu Production | B56: 0 | C56: 0.84713182 | D56: 0.06032347 | E56: 0.44254471 | F56: =Sum(B56:E56) -> 1.35
A57: Cow Farming | B57: 0 | C57: 0.028338255 | D57: 0.30849349 | E57: 0.96316826 | F57: =Sum(B57:E57) -> 1.3
A58: Beef Processing | B58: 0 | C58: 0 | D58: 0 | E58: 3.09 | F58: =Sum(B58:E58) -> 3.09
B59: Soy Agriculture | C59: Tofu Production | D59: Cow Farming | E59: Beef Processing | F59: =SUM(F54:F58) -> 17.07
A60: Value Added Footprint (sum column) | B60: =SUM(B55:B58) -> 0 | C60: =SUM(C55:C58) -> 3.41 | D60: =SUM(D55:D58) -> 2.33 | E60: =SUM(E55:E58) -> 11.33 | F60: =SUM(B60:E60) -> 17.07
G61: v-hat/x Matrix 2
G62: =B7/I3 -> 0.73333333 | H62: 0 | I62: 0 | J62: 0
G63: 0 | H63: =C7/I4 -> 0.20769231 | I63: 0 | J63: 0
G64: 0 | H64: 0 | I64: =D7/I5 -> 0.10292953 | J64: 0
G65: 0 | H65: 0 | I65: 0 | J65: =E7/I6 -> 0.21428571

Sheet 1992
B1: Input-Output Table
A2: 1992 [Mio $] | B2: Soy Agriculture | C2: Tofu Production | D2: Cow Farming | E2: Beef Processing | F2: Y_Houshold | G2: Y_Government | H2: Y_Total_Demand | I2: X_Total Output
A3: Soy Agriculture | B3: 3.18 | C3: 4.24 | D3: 8.48 | E3: 0 | F3: 0 | G3: 0 | H3: =SUM(F3:G3) -> 0 | I3: =SUM(B3:G3) -> 15.9
A4: Tofu Production | B4: 0 | C4: 1.06 | D4: 1.06 | E4: 1.06 | F4: 3.76 | G4: 0 | H4: =SUM(F4:G4) -> 3.76 | I4: =SUM(B4:G4) -> 6.94
A5: Cow Farming | B5: 1.06 | C5: 0 | D5: 2.12 | E5: 7.42 | F5: 0 | G5: 2.71 | H5: =SUM(F5:G5) -> 2.71 | I5: =SUM(B5:G5) -> 13.31
A6: Beef Processing | B6: 0 | C6: 0 | D6: 0 | E6: 3.18 | F6: 11.66 | G6: 0 | H6: =SUM(F6:G6) -> 11.66 | I6: =SUM(B6:G6) -> 14.84
A7: Value Added | B7: =I3-B8 -> 11.66 | C7: =I4-C8 -> 1.64 | D7: =I5-D8 -> 1.65 | E7: =I6-E8 -> 3.18 | F7: =SUM(B7:E7) -> 18.13 | G7: GDP
A8: Sum Inter Industry Input | B8: =SUM(B2:B6) -> 4.24 | C8: =SUM(C2:C6) -> 5.3 | D8: =SUM(D2:D6) -> 11.66 | E8: =SUM(E2:E6) -> 11.66
A9: X_Total_Industry_Input | B9: =SUM(B3:B7) -> 15.9 | C9: =SUM(C3:C7) -> 6.94 | D9: =SUM(D3:D7) -> 13.31 | E9: =SUM(E3:E7) -> 14.84
B10: Environmental Multiplyers
A11: Mass Multiplyer [$/kg] | B11: 0.7 | C11: 3 | D11: 5 | E11: 16
A12: GHG Multiplyer [CO2e kg /kg] | B12: 0.3 | C12: 0.2 | D12: 19 | E12: 1
A13: Land Use Multiplyer [m^2*year/kg] | B13: 0.9 | C13: 2.6 | D13: 35 | E13: 57
B14: Environmental Extensions (scope 1) - M Matrix
A15: Mass [Mio t] | B15: =B9/B11 -> 22.714286 | C15: =C9/C11 -> 2.3133333 | D15: =D9/D11 -> 2.662 | E15: =E9/E11 -> 0.9275
A16: GHG Emmisons [Mio t] | B16: =B15*B12 -> 6.8142857 | C16: =C15*C12 -> 0.46266667 | D16: =D15*D12 -> 50.578 | E16: =E15*E12 -> 0.9275
A17: Land Use [Mio m^2*year] | B17: =B15*B13 -> 20.442857 | C17: =C15*C13 -> 6.0146667 | D17: =D15*D13 -> 93.17 | E17: =E15*E13 -> 52.8675
B18: Soy Agriculture | C18: Tofu Production | D18: Cow Farming | E18: Beef Processing
B22: 1/x hat Matrix [1/ Mio $]
B23: =1/I3 -> 0.062893082 | C23: 0 | D23: 0 | E23: 0
B24: 0 | C24: =1/I4 -> 0.14409222 | D24: 0 | E24: 0
B25: 0 | C25: 0 | D25: =1/I5 -> 0.07513148 | E25: 0
B26: 0 | C26: 0 | D26: 0 | E26: =1/I6 -> 0.067385445
B27: Technical Coeficient Matrix A [no dim]
B28: {=MMULT(B3:E6, B23:E26)} -> 0.2 | C28: 0.61095101 | D28: 0.63711495 | E28: 0
B29: 0 | C29: 0.15273775 | D29: 0.079639369 | E29: 0.071428571
B30: 0.066666667 | C30: 0 | D30: 0.15927874 | E30: 0.5
B31: 0 | C31: 0 | D31: 0 | E31: 0.21428571
B32: Leonthief Inverse Matrix L [no dim]
B33: {=MINVERSE(G42:J45)} -> 1.3424172 | C33: 0.96800151 | D33: 1.1090062 | E33: 0.79373135
B34: 0.010005854 | C34: 1.1874872 | D34: 0.12007025 | E34: 0.18436172
B35: 0.10644964 | C35: 0.076759607 | D35: 1.2773957 | E35: 0.81986633
B36: 0 | C36: 0 | D36: 0 | E36: 1.2727273 | G36: Identity Matrix 1
B37: Environmental Coeficient Matrix F [mio (t,t,m^2)/ mio $] | G37: 1 | H37: 0 | I37: 0 | J37: 0
A38: Mass [Mio t/ mio $] | B38: {=MMULT(B15:E17, B23:E26)} -> 1.4285714 | C38: 0.33333333 | D38: 0.2 | E38: 0.0625 | G38: 0 | H38: 1 | I38: 0 | J38: 0
A39: GHG Emmisons [Mio t/ mio$] | B39: 0.42857143 | C39: 0.066666667 | D39: 3.8 | E39: 0.0625 | G39: 0 | H39: 0 | I39: 1 | J39: 0
A40: Land Use [Mio m^2*year/ mio$] | B40: 1.2857143 | C40: 0.86666667 | D40: 7 | E40: 3.5625 | G40: 0 | H40: 0 | I40: 0 | J40: 1
B41: Environmental Footprint (F*L*y-hat) | G41: 1-A
A42: Mass [Mio t] | B42: {=MMULT(MMULT(B38:E40, B33:E36),G47:J50)} -> 0 | C42: 6.7455915 | D42: 5.0942502 | E42: 16.777277 | G42: =G37-B28 -> 0.8 | H42: =H37-C28 -> -0.61095101 | I42: =I37-D28 -> -0.63711495 | J42: =J37-E28 -> 0
A43: GHG Emmisons [Mio t] | B43: 0 | C43: 2.95427 | D43: 14.464345 | E43: 41.363837 | G43: =G38-B29 -> 0 | H43: =H38-C29 -> 0.84726225 | I43: =I38-D29 -> -0.079639369 | J43: =J38-E29 -> -0.071428571
A44: Land Use [Mio m^2*year] | B44: 0 | C44: 10.569534 | D44: 28.378296 | E44: 133.54719 | G44: =G39-B30 -> -0.066666667 | H44: =H39-C30 -> 0 | I44: =I39-D30 -> 0.84072126 | J44: =J39-E30 -> -0.5
B45: Soy Agriculture | C45: Tofu Production | D45: Cow Farming | E45: Beef Processing | G45: =G40-B31 -> 0 | H45: =H40-C31 -> 0 | I45: =I40-D31 -> 0 | J45: =J40-E31 -> 0.78571429
G46: y-hat Matrix [1/ Mio $]
G47: =H3 -> 0 | H47: 0 | I47: 0 | J47: 0
G48: 0 | H48: =H4 -> 3.76 | I48: 0 | J48: 0
G49: 0 | H49: 0 | I49: =H5 -> 2.71 | J49: 0
G50: 0 | H50: 0 | I50: 0 | J50: =H6 -> 11.66
G51: v-hat Matrix [Mio $]
G52: =B7 -> 11.66 | H52: 0 | I52: 0 | J52: 0
A53: V= (v) hat * (1/x) hat * L * (y) hat | B53: Value Added Flow Matrix V | G53: 0 | H53: =C7 -> 1.64 | I53: 0 | J53: 0
B54: Soy Agriculture | C54: Tofu Production | D54: Cow Farming | E54: Beef Processing | F54: Sum | G54: 0 | H54: 0 | I54: =D7 -> 1.65 | J54: 0
A55: Soy Agriculture | B55: {=MMULT(MMULT(G52:J55,B23:E26), MMULT(B33:E36, G47:J50))} -> 0 | C55: 2.6691028 | D55: 2.203965 | E55: 6.7869322 | F55: =Sum(B55:E55) -> 11.66 | G55: 0 | H55: 0 | I55: 0 | J55: =E7 -> 3.18
A56: Tofu Production | B56: 0 | C56: 1.0551183 | D56: 0.076893403 | E56: 0.50798827 | F56: =Sum(B56:E56) -> 1.64
A57: Cow Farming | B57: 0 | C57: 0.035778858 | D57: 0.42914162 | E57: 1.1850795 | F57: =Sum(B57:E57) -> 1.65
A58: Beef Processing | B58: 0 | C58: 0 | D58: 0 | E58: 3.18 | F58: =Sum(B58:E58) -> 3.18
B59: Soy Agriculture | C59: Tofu Production | D59: Cow Farming | E59: Beef Processing | F59: =SUM(F54:F58) -> 18.13
A60: Value Added Footprint (sum column) | B60: =SUM(B55:B58) -> 0 | C60: =SUM(C55:C58) -> 3.76 | D60: =SUM(D55:D58) -> 2.71 | E60: =SUM(E55:E58) -> 11.66 | F60: =SUM(B60:E60) -> 18.13
G61: v-hat/x Matrix 2
G62: =B7/I3 -> 0.73333333 | H62: 0 | I62: 0 | J62: 0
G63: 0 | H63: =C7/I4 -> 0.23631124 | I63: 0 | J63: 0
G64: 0 | H64: 0 | I64: =D7/I5 -> 0.12396694 | J64: 0
G65: 0 | H65: 0 | I65: 0 | J65: =E7/I6 -> 0.21428571

Sheet 1993
B1: Input-Output Table
A2: 1993 [Mio $] | B2: Soy Agriculture | C2: Tofu Production | D2: Cow Farming | E2: Beef Processing | F2: Y_Houshold | G2: Y_Government | H2: Y_Total_Demand | I2: X_Total Output
A3: Soy Agriculture | B3: 3.27 | C3: 4.36 | D3: 8.72 | E3: 0 | F3: 0 | G3: 0 | H3: =SUM(F3:G3) -> 0 | I3: =SUM(B3:G3) -> 16.35
A4: Tofu Production | B4: 0 | C4: 1.09 | D4: 1.09 | E4: 1.09 | F4: 4.03 | G4: 0 | H4: =SUM(F4:G4) -> 4.03 | I4: =SUM(B4:G4) -> 7.3
A5: Cow Farming | B5: 1.09 | C5: 0 | D5: 2.18 | E5: 7.63 | F5: 0 | G5: 3.05 | H5: =SUM(F5:G5) -> 3.05 | I5: =SUM(B5:G5) -> 13.95
A6: Beef Processing | B6: 0 | C6: 0 | D6: 0 | E6: 3.27 | F6: 11.99 | G6: 0 | H6: =SUM(F6:G6) -> 11.99 | I6: =SUM(B6:G6) -> 15.26
A7: Value Added | B7: =I3-B8 -> 11.99 | C7: =I4-C8 -> 1.85 | D7: =I5-D8 -> 1.96 | E7: =I6-E8 -> 3.27 | F7: =SUM(B7:E7) -> 19.07 | G7: GDP
A8: Sum Inter Industry Input | B8: =SUM(B2:B6) -> 4.36 | C8: =SUM(C2:C6) -> 5.45 | D8: =SUM(D2:D6) -> 11.99 | E8: =SUM(E2:E6) -> 11.99
A9: X_Total_Industry_Input | B9: =SUM(B3:B7) -> 16.35 | C9: =SUM(C3:C7) -> 7.3 | D9: =SUM(D3:D7) -> 13.95 | E9: =SUM(E3:E7) -> 15.26
B10: Environmental Multiplyers
A11: Mass Multiplyer [$/kg] | B11: 0.7 | C11: 3 | D11: 5 | E11: 16
A12: GHG Multiplyer [CO2e kg /kg] | B12: 0.3 | C12: 0.2 | D12: 19 | E12: 1
A13: Land Use Multiplyer [m^2*year/kg] | B13: 0.9 | C13: 2.6 | D13: 35 | E13: 57
B14: Environmental Extensions (scope 1) - M Matrix
A15: Mass [Mio t] | B15: =B9/B11 -> 23.357143 | C15: =C9/C11 -> 2.4333333 | D15: =D9/D11 -> 2.79 | E15: =E9/E11 -> 0.95375
A16: GHG Emmisons [Mio t] | B16: =B15*B12 -> 7.0071429 | C16: =C15*C12 -> 0.48666667 | D16: =D15*D12 -> 53.01 | E16: =E15*E12 -> 0.95375
A17: Land Use [Mio m^2*year] | B17: =B15*B13 -> 21.021429 | C17: =C15*C13 -> 6.3266667 | D17: =D15*D13 -> 97.65 | E17: =E15*E13 -> 54.36375
B18: Soy Agriculture | C18: Tofu Production | D18: Cow Farming | E18: Beef Processing
B22: 1/x hat Matrix [1/ Mio $]
B23: =1/I3 -> 0.06116208 | C23: 0 | D23: 0 | E23: 0
B24: 0 | C24: =1/I4 -> 0.1369863 | D24: 0 | E24: 0
B25: 0 | C25: 0 | D25: =1/I5 -> 0.071684588 | E25: 0
B26: 0 | C26: 0 | D26: 0 | E26: =1/I6 -> 0.065530799
B27: Technical Coeficient Matrix A [no dim]
B28: {=MMULT(B3:E6, B23:E26)} -> 0.2 | C28: 0.59726027 | D28: 0.62508961 | E28: 0
B29: 0 | C29: 0.14931507 | D29: 0.078136201 | E29: 0.071428571
B30: 0.066666667 | C30: 0 | D30: 0.1562724 | E30: 0.5
B31: 0 | C31: 0 | D31: 0 | E31: 0.21428571
B32: Leonthief Inverse Matrix L [no dim]
B33: {=MINVERSE(G42:J45)} -> 1.33999 | C33: 0.94079811 | D33: 1.0798796 | E33: 0.77272318
B34: 0.0097250441 | C34: 1.1823512 | D34: 0.11670053 | E34: 0.18175045
B35: 0.10587856 | C35: 0.074336639 | D35: 1.2705427 | E35: 0.81528507
B36: 0 | C36: 0 | D36: 0 | E36: 1.2727273 | G36: Identity Matrix 1
B37: Environmental Coeficient Matrix F [mio (t,t,m^2)/ mio $] | G37: 1 | H37: 0 | I37: 0 | J37: 0
A38: Mass [Mio t/ mio $] | B38: {=MMULT(B15:E17, B23:E26)} -> 1.4285714 | C38: 0.33333333 | D38: 0.2 | E38: 0.0625 | G38: 0 | H38: 1 | I38: 0 | J38: 0
A39: GHG Emmisons [Mio t/ mio$] | B39: 0.42857143 | C39: 0.066666667 | D39: 3.8 | E39: 0.0625 | G39: 0 | H39: 0 | I39: 1 | J39: 0
A40: Land Use [Mio m^2*year/ mio$] | B40: 1.2857143 | C40: 0.86666667 | D40: 7 | E40: 3.5625 | G40: 0 | H40: 0 | I40: 0 | J40: 1
B41: Environmental Footprint (F*L*y-hat) | G41: 1-A
A42: Mass [Mio t] | B42: {=MMULT(MMULT(B38:E40, B33:E36),G47:J50)} -> 0 | C42: 7.0645163 | D42: 5.5988661 | E42: 16.870844 | G42: =G37-B28 -> 0.8 | H42: =H37-C28 -> -0.59726027 | I42: =I37-D28 -> -0.62508961 | J42: =J37-E28 -> 0
A43: GHG Emmisons [Mio t] | B43: 0 | C43: 3.0809424 | D43: 16.160876 | E43: 42.215741 | G43: =G38-B29 -> 0 | H43: =H38-C29 -> 0.85068493 | I43: =I38-D29 -> -0.078136201 | J43: =J38-E29 -> -0.071428571
A44: Land Use [Mio m^2*year] | B44: 0 | C44: 11.101274 | D44: 31.669236 | E44: 136.59134 | G44: =G39-B30 -> -0.066666667 | H44: =H39-C30 -> 0 | I44: =I39-D30 -> 0.8437276 | J44: =J39-E30 -> -0.5
B45: Soy Agriculture | C45: Tofu Production | D45: Cow Farming | E45: Beef Processing | G45: =G40-B31 -> 0 | H45: =H40-C31 -> 0 | I45: =I40-D31 -> 0 | J45: =J40-E31 -> 0.78571429
G46: y-hat Matrix [1/ Mio $]
G47: =H3 -> 0 | H47: 0 | I47: 0 | J47: 0
G48: 0 | H48: =H4 -> 4.03 | I48: 0 | J48: 0
G49: 0 | H49: 0 | I49: =H5 -> 3.05 | J49: 0
G50: 0 | H50: 0 | I50: 0 | J50: =H6 -> 11.99
G51: v-hat Matrix [Mio $]
G52: =B7 -> 11.99 | H52: 0 | I52: 0 | J52: 0
A53: V= (v) hat * (1/x) hat * L * (y) hat | B53: Value Added Flow Matrix V | G53: 0 | H53: =C7 -> 1.85 | I53: 0 | J53: 0
B54: Soy Agriculture | C54: Tofu Production | D54: Cow Farming | E54: Beef Processing | F54: Sum | G54: 0 | H54: 0 | I54: =D7 -> 1.96 | J54: 0
A55: Soy Agriculture | B55: {=MMULT(MMULT(G52:J55,B23:E26), MMULT(B33:E36, G47:J50))} -> 0 | C55: 2.780372 | D55: 2.4153306 | E55: 6.7942974 | F55: =Sum(B55:E55) -> 11.99 | G55: 0 | H55: 0 | I55: 0 | J55: =E7 -> 3.27
A56: Tofu Production | B56: 0 | C56: 1.2075369 | D56: 0.090203115 | E56: 0.55225995 | F56: =Sum(B56:E56) -> 1.85
A57: Cow Farming | B57: 0 | C57: 0.042091057 | D57: 0.54446627 | E57: 1.3734427 | F57: =Sum(B57:E57) -> 1.96
A58: Beef Processing | B58: 0 | C58: 0 | D58: 0 | E58: 3.27 | F58: =Sum(B58:E58) -> 3.27
B59: Soy Agriculture | C59: Tofu Production | D59: Cow Farming | E59: Beef Processing | F59: =SUM(F54:F58) -> 19.07
A60: Value Added Footprint (sum column) | B60: =SUM(B55:B58) -> 0 | C60: =SUM(C55:C58) -> 4.03 | D60: =SUM(D55:D58) -> 3.05 | E60: =SUM(E55:E58) -> 11.99 | F60: =SUM(B60:E60) -> 19.07
G61: v-hat/x Matrix 2
G62: =B7/I3 -> 0.73333333 | H62: 0 | I62: 0 | J62: 0
G63: 0 | H63: =C7/I4 -> 0.25342466 | I63: 0 | J63: 0
G64: 0 | H64: 0 | I64: =D7/I5 -> 0.14050179 | J64: 0
G65: 0 | H65: 0 | I65: 0 | J65: =E7/I6 -> 0.21428571

Sheet 1994
B1: Input-Output Table
A2: 1994 [Mio $] | B2: Soy Agriculture | C2: Tofu Production | D2: Cow Farming | E2: Beef Processing | F2: Y_Houshold | G2: Y_Government | H2: Y_Total_Demand | I2: X_Total Output
A3: Soy Agriculture | B3: 3.42 | C3: 4.56 | D3: 9.12 | E3: 0 | F3: 0 | G3: 0 | H3: =SUM(F3:G3) -> 0 | I3: =SUM(B3:G3) -> 17.1
A4: Tofu Production | B4: 0 | C4: 1.14 | D4: 1.14 | E4: 1.14 | F4: 4.56 | G4: 0 | H4: =SUM(F4:G4) -> 4.56 | I4: =SUM(B4:G4) -> 7.98
A5: Cow Farming | B5: 1.14 | C5: 0 | D5: 2.28 | E5: 7.98 | F5: 0 | G5: 3.33 | H5: =SUM(F5:G5) -> 3.33 | I5: =SUM(B5:G5) -> 14.73
A6: Beef Processing | B6: 0 | C6: 0 | D6: 0 | E6: 3.42 | F6: 12.54 | G6: 0 | H6: =SUM(F6:G6) -> 12.54 | I6: =SUM(B6:G6) -> 15.96
A7: Value Added | B7: =I3-B8 -> 12.54 | C7: =I4-C8 -> 2.28 | D7: =I5-D8 -> 2.19 | E7: =I6-E8 -> 3.42 | F7: =SUM(B7:E7) -> 20.43 | G7: GDP
A8: Sum Inter Industry Input | B8: =SUM(B2:B6) -> 4.56 | C8: =SUM(C2:C6) -> 5.7 | D8: =SUM(D2:D6) -> 12.54 | E8: =SUM(E2:E6) -> 12.54
A9: X_Total_Industry_Input | B9: =SUM(B3:B7) -> 17.1 | C9: =SUM(C3:C7) -> 7.98 | D9: =SUM(D3:D7) -> 14.73 | E9: =SUM(E3:E7) -> 15.96
B10: Environmental Multiplyers
A11: Mass Multiplyer [$/kg] | B11: 0.7 | C11: 3 | D11: 5 | E11: 16
A12: GHG Multiplyer [CO2e kg /kg] | B12: 0.3 | C12: 0.2 | D12: 19 | E12: 1
A13: Land Use Multiplyer [m^2*year/kg] | B13: 0.9 | C13: 2.6 | D13: 35 | E13: 57
B14: Environmental Extensions (scope 1) - M Matrix
A15: Mass [Mio t] | B15: =B9/B11 -> 24.428571 | C15: =C9/C11 -> 2.66 | D15: =D9/D11 -> 2.946 | E15: =E9/E11 -> 0.9975
A16: GHG Emmisons [Mio t] | B16: =B15*B12 -> 7.3285714 | C16: =C15*C12 -> 0.532 | D16: =D15*D12 -> 55.974 | E16: =E15*E12 -> 0.9975
A17: Land Use [Mio m^2*year] | B17: =B15*B13 -> 21.985714 | C17: =C15*C13 -> 6.916 | D17: =D15*D13 -> 103.11 | E17: =E15*E13 -> 56.8575
B18: Soy Agriculture | C18: Tofu Production | D18: Cow Farming | E18: Beef Processing
B22: 1/x hat Matrix [1/ Mio $]
B23: =1/I3 -> 0.058479532 | C23: 0 | D23: 0 | E23: 0
B24: 0 | C24: =1/I4 -> 0.12531328 | D24: 0 | E24: 0
B25: 0 | C25: 0 | D25: =1/I5 -> 0.067888663 | E25: 0
B26: 0 | C26: 0 | D26: 0 | E26: =1/I6 -> 0.062656642
B27: Technical Coeficient Matrix A [no dim]
B28: {=MMULT(B3:E6, B23:E26)} -> 0.2 | C28: 0.57142857 | D28: 0.6191446 | E28: 0
B29: 0 | C29: 0.14285714 | D29: 0.077393075 | E29: 0.071428571
B30: 0.066666667 | C30: 0 | D30: 0.15478615 | E30: 0.5
B31: 0 | C31: 0 | D31: 0 | E31: 0.21428571
B32: Leonthief Inverse Matrix L [no dim]
B33: {=MINVERSE(G42:J45)} -> 1.3385178 | C33: 0.89234518 | D33: 1.0622133 | E33: 0.75707621
B34: 0.0095326835 | C34: 1.1730218 | D34: 0.1143922 | E34: 0.17943338
B35: 0.10557626 | C35: 0.070384174 | D35: 1.2669151 | E35: 0.81261729
B36: 0 | C36: 0 | D36: 0 | E36: 1.2727273 | G36: Identity Matrix 1
B37: Environmental Coeficient Matrix F [mio (t,t,m^2)/ mio $] | G37: 1 | H37: 0 | I37: 0 | J37: 0
A38: Mass [Mio t/ mio $] | B38: {=MMULT(B15:E17, B23:E26)} -> 1.4285714 | C38: 0.33333333 | D38: 0.2 | E38: 0.0625 | G38: 0 | H38: 1 | I38: 0 | J38: 0
A39: GHG Emmisons [Mio t/ mio$] | B39: 0.42857143 | C39: 0.066666667 | D39: 3.8 | E39: 0.0625 | G39: 0 | H39: 0 | I39: 1 | J39: 0
A40: Land Use [Mio m^2*year/ mio$] | B40: 1.2857143 | C40: 0.86666667 | D40: 7 | E40: 3.5625 | G40: 0 | H40: 0 | I40: 0 | J40: 1
B41: Environmental Footprint (F*L*y-hat) | G41: 1-A
A42: Mass [Mio t] | B42: {=MMULT(MMULT(B38:E40, B33:E36),G47:J50)} -> 0 | C42: 7.660175 | D42: 6.0238413 | E42: 17.348055 | G42: =G37-B28 -> 0.8 | H42: =H37-C28 -> -0.57142857 | I42: =I37-D28 -> -0.6191446 | J42: =J37-E28 -> 0
A43: GHG Emmisons [Mio t] | B43: 0 | C43: 3.320113 | D43: 17.572869 | E43: 43.939089 | G43: =G38-B29 -> 0 | H43: =H38-C29 -> 0.85714286 | I43: =I38-D29 -> -0.077393075 | J43: =J38-E29 -> -0.071428571
A44: Land Use [Mio m^2*year] | B44: 0 | C44: 12.114137 | D44: 34.409718 | E44: 142.34536 | G44: =G39-B30 -> -0.066666667 | H44: =H39-C30 -> 0 | I44: =I39-D30 -> 0.84521385 | J44: =J39-E30 -> -0.5
B45: Soy Agriculture | C45: Tofu Production | D45: Cow Farming | E45: Beef Processing | G45: =G40-B31 -> 0 | H45: =H40-C31 -> 0 | I45: =I40-D31 -> 0 | J45: =J40-E31 -> 0.78571429
G46: y-hat Matrix [1/ Mio $]
G47: =H3 -> 0 | H47: 0 | I47: 0 | J47: 0
G48: 0 | H48: =H4 -> 4.56 | I48: 0 | J48: 0
G49: 0 | H49: 0 | I49: =H5 -> 3.33 | J49: 0
G50: 0 | H50: 0 | I50: 0 | J50: =H6 -> 12.54
G51: v-hat Matrix [Mio $]
G52: =B7 -> 12.54 | H52: 0 | I52: 0 | J52: 0
A53: V= (v) hat * (1/x) hat * L * (y) hat | B53: Value Added Flow Matrix V | G53: 0 | H53: =C7 -> 2.28 | I53: 0 | J53: 0
B54: Soy Agriculture | C54: Tofu Production | D54: Cow Farming | E54: Beef Processing | F54: Sum | G54: 0 | H54: 0 | I54: =D7 -> 2.19 | J54: 0
A55: Soy Agriculture | B55: {=MMULT(MMULT(G52:J55,B23:E26), MMULT(B33:E36, G47:J50))} -> 0 | C55: 2.9840023 | D55: 2.5939249 | E55: 6.9620728 | F55: =Sum(B55:E55) -> 12.54 | G55: 0 | H55: 0 | I55: 0 | J55: =E7 -> 3.42
A56: Tofu Production | B56: 0 | C56: 1.5282798 | D56: 0.10883601 | E56: 0.64288417 | F56: =Sum(B56:E56) -> 2.28
A57: Cow Farming | B57: 0 | C57: 0.04771789 | D57: 0.62723911 | E57: 1.515043 | F57: =Sum(B57:E57) -> 2.19
A58: Beef Processing | B58: 0 | C58: 0 | D58: 0 | E58: 3.42 | F58: =Sum(B58:E58) -> 3.42
B59: Soy Agriculture | C59: Tofu Production | D59: Cow Farming | E59: Beef Processing | F59: =SUM(F54:F58) -> 20.43
A60: Value Added Footprint (sum column) | B60: =SUM(B55:B58) -> 0 | C60: =SUM(C55:C58) -> 4.56 | D60: =SUM(D55:D58) -> 3.33 | E60: =SUM(E55:E58) -> 12.54 | F60: =SUM(B60:E60) -> 20.43
G61: v-hat/x Matrix 2
G62: =B7/I3 -> 0.73333333 | H62: 0 | I62: 0 | J62: 0
G63: 0 | H63: =C7/I4 -> 0.28571429 | I63: 0 | J63: 0
G64: 0 | H64: 0 | I64: =D7/I5 -> 0.14867617 | J64: 0
G65: 0 | H65: 0 | I65: 0 | J65: =E7/I6 -> 0.21428571

Sheet 1995
B1: Input-Output Table
A2: 1995 [Mio $] | B2: Soy Agriculture | C2: Tofu Production | D2: Cow Farming | E2: Beef Processing | F2: Y_Houshold | G2: Y_Government | H2: Y_Total_Demand | I2: X_Total Output
A3: Soy Agriculture | B3: 3.6 | C3: 4.8 | D3: 9.6 | E3: 0 | F3: 0 | G3: 0 | H3: =SUM(F3:G3) -> 0 | I3: =SUM(B3:G3) -> 18
A4: Tofu Production | B4: 0 | C4: 1.2 | D4: 1.2 | E4: 1.2 | F4: 4.98 | G4: 0 | H4: =SUM(F4:G4) -> 4.98 | I4: =SUM(B4:G4) -> 8.58
A5: Cow Farming | B5: 1.2 | C5: 0 | D5: 2.4 | E5: 8.4 | F5: 0 | G5: 3.69 | H5: =SUM(F5:G5) -> 3.69 | I5: =SUM(B5:G5) -> 15.69
A6: Beef Processing | B6: 0 | C6: 0 | D6: 0 | E6: 3.6 | F6: 13.2 | G6: 0 | H6: =SUM(F6:G6) -> 13.2 | I6: =SUM(B6:G6) -> 16.8
A7: Value Added | B7: =I3-B8 -> 13.2 | C7: =I4-C8 -> 2.58 | D7: =I5-D8 -> 2.49 | E7: =I6-E8 -> 3.6 | F7: =SUM(B7:E7) -> 21.87 | G7: GDP
A8: Sum Inter Industry Input | B8: =SUM(B2:B6) -> 4.8 | C8: =SUM(C2:C6) -> 6 | D8: =SUM(D2:D6) -> 13.2 | E8: =SUM(E2:E6) -> 13.2
A9: X_Total_Industry_Input | B9: =SUM(B3:B7) -> 18 | C9: =SUM(C3:C7) -> 8.58 | D9: =SUM(D3:D7) -> 15.69 | E9: =SUM(E3:E7) -> 16.8
B10: Environmental Multiplyers
A11: Mass Multiplyer [$/kg] | B11: 0.7 | C11: 3 | D11: 5 | E11: 16
A12: GHG Multiplyer [CO2e kg /kg] | B12: 0.3 | C12: 0.2 | D12: 19 | E12: 1
A13: Land Use Multiplyer [m^2*year/kg] | B13: 0.9 | C13: 2.6 | D13: 35 | E13: 57
B14: Environmental Extensions (scope 1) - M Matrix
A15: Mass [Mio t] | B15: =B9/B11 -> 25.714286 | C15: =C9/C11 -> 2.86 | D15: =D9/D11 -> 3.138 | E15: =E9/E11 -> 1.05
A16: GHG Emmisons [Mio t] | B16: =B15*B12 -> 7.7142857 | C16: =C15*C12 -> 0.572 | D16: =D15*D12 -> 59.622 | E16: =E15*E12 -> 1.05
A17: Land Use [Mio m^2*year] | B17: =B15*B13 -> 23.142857 | C17: =C15*C13 -> 7.436 | D17: =D15*D13 -> 109.83 | E17: =E15*E13 -> 59.85
B18: Soy Agriculture | C18: Tofu Production | D18: Cow Farming | E18: Beef Processing
B22: 1/x hat Matrix [1/ Mio $]
B23: =1/I3 -> 0.055555556 | C23: 0 | D23: 0 | E23: 0
B24: 0 | C24: =1/I4 -> 0.11655012 | D24: 0 | E24: 0
B25: 0 | C25: 0 | D25: =1/I5 -> 0.063734863 | E25: 0
B26: 0 | C26: 0 | D26: 0 | E26: =1/I6 -> 0.05952381
B27: Technical Coeficient Matrix A [no dim]
B28: {=MMULT(B3:E6, B23:E26)} -> 0.2 | C28: 0.55944056 | D28: 0.61185468 | E28: 0
B29: 0 | C29: 0.13986014 | D29: 0.076481836 | E29: 0.071428571
B30: 0.066666667 | C30: 0 | D30: 0.15296367 | E30: 0.5
B31: 0 | C31: 0 | D31: 0 | E31: 0.21428571
B32: Leonthief Inverse Matrix L [no dim]
B33: {=MINVERSE(G42:J45)} -> 1.3370265 | C33: 0.86961074 | D33: 1.0443181 | E33: 0.74362158
B34: 0.0093569853 | C34: 1.1686875 | D34: 0.11228382 | E34: 0.17769766
B35: 0.10523173 | C35: 0.068443403 | D35: 1.2627808 | E35: 0.8098099
B36: 0 | C36: 0 | D36: 0 | E36: 1.2727273 | G36: Identity Matrix 1
B37: Environmental Coeficient Matrix F [mio (t,t,m^2)/ mio $] | G37: 1 | H37: 0 | I37: 0 | J37: 0
A38: Mass [Mio t/ mio $] | B38: {=MMULT(B15:E17, B23:E26)} -> 1.4285714 | C38: 0.33333333 | D38: 0.2 | E38: 0.0625 | G38: 0 | H38: 1 | I38: 0 | J38: 0
A39: GHG Emmisons [Mio t/ mio$] | B39: 0.42857143 | C39: 0.066666667 | D39: 3.8 | E39: 0.0625 | G39: 0 | H39: 0 | I39: 1 | J39: 0
A40: Land Use [Mio m^2*year/ mio$] | B40: 1.2857143 | C40: 0.86666667 | D40: 7 | E40: 3.5625 | G40: 0 | H40: 0 | I40: 0 | J40: 1
B41: Environmental Footprint (F*L*y-hat) | G41: 1-A
A42: Mass [Mio t] | B42: {=MMULT(MMULT(B38:E40, B33:E36),G47:J50)} -> 0 | C42: 8.1948501 | D42: 6.5750895 | E42: 17.992346 | G42: =G37-B28 -> 0.8 | H42: =H37-C28 -> -0.55944056 | I42: =I37-D28 -> -0.61185468 | J42: =J37-E28 -> 0
A43: GHG Emmisons [Mio t] | B43: 0 | C43: 3.539225 | D43: 19.385849 | E43: 46.033212 | G43: =G38-B29 -> 0 | H43: =H38-C29 -> 0.86013986 | I43: =I38-D29 -> -0.076481836 | J43: =J38-E29 -> -0.071428571
A44: Land Use [Mio m^2*year] | B44: 0 | C44: 12.997985 | D44: 37.931255 | E44: 149.32962 | G44: =G39-B30 -> -0.066666667 | H44: =H39-C30 -> 0 | I44: =I39-D30 -> 0.84703633 | J44: =J39-E30 -> -0.5
B45: Soy Agriculture | C45: Tofu Production | D45: Cow Farming | E45: Beef Processing | G45: =G40-B31 -> 0 | H45: =H40-C31 -> 0 | I45: =I40-D31 -> 0 | J45: =J40-E31 -> 0.78571429
G46: y-hat Matrix [1/ Mio $]
G47: =H3 -> 0 | H47: 0 | I47: 0 | J47: 0
G48: 0 | H48: =H4 -> 4.98 | I48: 0 | J48: 0
G49: 0 | H49: 0 | I49: =H5 -> 3.69 | J49: 0
G50: 0 | H50: 0 | I50: 0 | J50: =H6 -> 13.2
G51: v-hat Matrix [Mio $]
G52: =B7 -> 13.2 | H52: 0 | I52: 0 | J52: 0
A53: V= (v) hat * (1/x) hat * L * (y) hat | B53: Value Added Flow Matrix V | G53: 0 | H53: =C7 -> 2.58 | I53: 0 | J53: 0
B54: Soy Agriculture | C54: Tofu Production | D54: Cow Farming | E54: Beef Processing | F54: Sum | G54: 0 | H54: 0 | I54: =D7 -> 2.49 | J54: 0
A55: Soy Agriculture | B55: {=MMULT(MMULT(G52:J55,B23:E26), MMULT(B33:E36, G47:J50))} -> 0 | C55: 3.1758184 | D55: 2.8259247 | E55: 7.1982569 | F55: =Sum(B55:E55) -> 13.2 | G55: 0 | H55: 0 | I55: 0 | J55: =E7 -> 3.6
A56: Tofu Production | B56: 0 | C56: 1.7500891 | D56: 0.12458793 | E56: 0.70532301 | F56: =Sum(B56:E56) -> 2.58
A57: Cow Farming | B57: 0 | C57: 0.054092536 | D57: 0.73948733 | E57: 1.6964201 | F57: =Sum(B57:E57) -> 2.49
A58: Beef Processing | B58: 0 | C58: 0 | D58: 0 | E58: 3.6 | F58: =Sum(B58:E58) -> 3.6
B59: Soy Agriculture | C59: Tofu Production | D59: Cow Farming | E59: Beef Processing | F59: =SUM(F54:F58) -> 21.87
A60: Value Added Footprint (sum column) | B60: =SUM(B55:B58) -> 0 | C60: =SUM(C55:C58) -> 4.98 | D60: =SUM(D55:D58) -> 3.69 | E60: =SUM(E55:E58) -> 13.2 | F60: =SUM(B60:E60) -> 21.87
G61: v-hat/x Matrix 2
G62: =B7/I3 -> 0.73333333 | H62: 0 | I62: 0 | J62: 0
G63: 0 | H63: =C7/I4 -> 0.3006993 | I63: 0 | J63: 0
G64: 0 | H64: 0 | I64: =D7/I5 -> 0.15869981 | J64: 0
G65: 0 | H65: 0 | I65: 0 | J65: =E7/I6 -> 0.21428571

Sheet 1996
B1: Input-Output Table
A2: 1996 [Mio $] | B2: Soy Agriculture | C2: Tofu Production | D2: Cow Farming | E2: Beef Processing | F2: Y_Houshold | G2: Y_Government | H2: Y_Total_Demand | I2: X_Total Output
A3: Soy Agriculture | B3: 3.81 | C3: 5.08 | D3: 10.16 | E3: 0 | F3: 0 | G3: 0 | H3: =SUM(F3:G3) -> 0 | I3: =SUM(B3:G3) -> 19.05
A4: Tofu Production | B4: 0 | C4: 1.27 | D4: 1.27 | E4: 1.27 | F4: 5.23 | G4: 0 | H4: =SUM(F4:G4) -> 5.23 | I4: =SUM(B4:G4) -> 9.04
A5: Cow Farming | B5: 1.27 | C5: 0 | D5: 2.54 | E5: 8.89 | F5: 0 | G5: 4.02 | H5: =SUM(F5:G5) -> 4.02 | I5: =SUM(B5:G5) -> 16.72
A6: Beef Processing | B6: 0 | C6: 0 | D6: 0 | E6: 3.81 | F6: 13.97 | G6: 0 | H6: =SUM(F6:G6) -> 13.97 | I6: =SUM(B6:G6) -> 17.78
A7: Value Added | B7: =I3-B8 -> 13.97 | C7: =I4-C8 -> 2.69 | D7: =I5-D8 -> 2.75 | E7: =I6-E8 -> 3.81 | F7: =SUM(B7:E7) -> 23.22 | G7: GDP
A8: Sum Inter Industry Input | B8: =SUM(B2:B6) -> 5.08 | C8: =SUM(C2:C6) -> 6.35 | D8: =SUM(D2:D6) -> 13.97 | E8: =SUM(E2:E6) -> 13.97
A9: X_Total_Industry_Input | B9: =SUM(B3:B7) -> 19.05 | C9: =SUM(C3:C7) -> 9.04 | D9: =SUM(D3:D7) -> 16.72 | E9: =SUM(E3:E7) -> 17.78
B10: Environmental Multiplyers
A11: Mass Multiplyer [$/kg] | B11: 0.7 | C11: 3 | D11: 5 | E11: 16
A12: GHG Multiplyer [CO2e kg /kg] | B12: 0.3 | C12: 0.2 | D12: 19 | E12: 1
A13: Land Use Multiplyer [m^2*year/kg] | B13: 0.9 | C13: 2.6 | D13: 35 | E13: 57
B14: Environmental Extensions (scope 1) - M Matrix
A15: Mass [Mio t] | B15: =B9/B11 -> 27.214286 | C15: =C9/C11 -> 3.0133333 | D15: =D9/D11 -> 3.344 | E15: =E9/E11 -> 1.11125
A16: GHG Emmisons [Mio t] | B16: =B15*B12 -> 8.1642857 | C16: =C15*C12 -> 0.60266667 | D16: =D15*D12 -> 63.536 | E16: =E15*E12 -> 1.11125
A17: Land Use [Mio m^2*year] | B17: =B15*B13 -> 24.492857 | C17: =C15*C13 -> 7.8346667 | D17: =D15*D13 -> 117.04 | E17: =E15*E13 -> 63.34125
B18: Soy Agriculture | C18: Tofu Production | D18: Cow Farming | E18: Beef Processing
B22: 1/x hat Matrix [1/ Mio $]
B23: =1/I3 -> 0.052493438 | C23: 0 | D23: 0 | E23: 0
B24: 0 | C24: =1/I4 -> 0.11061947 | D24: 0 | E24: 0
B25: 0 | C25: 0 | D25: =1/I5 -> 0.059808612 | E25: 0
B26: 0 | C26: 0 | D26: 0 | E26: =1/I6 -> 0.05624297
B27: Technical Coeficient Matrix A [no dim]
B28: {=MMULT(B3:E6, B23:E26)} -> 0.2 | C28: 0.5619469 | D28: 0.6076555 | E28: 0
B29: 0 | C29: 0.14048673 | D29: 0.075956938 | E29: 0.071428571
B30: 0.066666667 | C30: 0 | D30: 0.15191388 | E30: 0.5
B31: 0 | C31: 0 | D31: 0 | E31: 0.21428571
B32: Leonthief Inverse Matrix L [no dim]
B33: {=MINVERSE(G42:J45)} -> 1.3363098 | C33: 0.87367487 | D33: 1.0357175 | E33: 0.73851796
B34: 0.0092830522 | C34: 1.1695184 | D34: 0.11139663 | E34: 0.17720862
B35: 0.10504513 | C35: 0.068678156 | D35: 1.2605416 | E35: 0.8084063
B36: 0 | C36: 0 | D36: 0 | E36: 1.2727273 | G36: Identity Matrix 1
B37: Environmental Coeficient Matrix F [mio (t,t,m^2)/ mio $] | G37: 1 | H37: 0 | I37: 0 | J37: 0
A38: Mass [Mio t/ mio $] | B38: {=MMULT(B15:E17, B23:E26)} -> 1.4285714 | C38: 0.33333333 | D38: 0.2 | E38: 0.0625 | G38: 0 | H38: 1 | I38: 0 | J38: 0
A39: GHG Emmisons [Mio t/ mio$] | B39: 0.42857143 | C39: 0.066666667 | D39: 3.8 | E39: 0.0625 | G39: 0 | H39: 0 | I39: 1 | J39: 0
A40: Land Use [Mio m^2*year/ mio$] | B40: 1.2857143 | C40: 0.86666667 | D40: 7 | E40: 3.5625 | G40: 0 | H40: 0 | I40: 0 | J40: 1
B41: Environmental Footprint (F*L*y-hat) | G41: 1-A
A42: Mass [Mio t] | B42: {=MMULT(MMULT(B38:E40, B33:E36),G47:J50)} -> 0 | C42: 8.6382971 | D42: 7.1107247 | E42: 18.933847 | G42: =G37-B28 -> 0.8 | H42: =H37-C28 -> -0.5619469 | I42: =I37-D28 -> -0.6076555 | J42: =J37-E28 -> 0
A43: GHG Emmisons [Mio t] | B43: 0 | C43: 3.7309616 | D43: 21.070281 | E43: 48.61296 | G43: =G38-B29 -> 0 | H43: =H38-C29 -> 0.85951327 | I43: =I38-D29 -> -0.075956938 | J43: =J38-E29 -> -0.071428571
A44: Land Use [Mio m^2*year] | B44: 0 | C44: 13.690184 | D44: 41.212926 | E44: 157.80566 | G44: =G39-B30 -> -0.066666667 | H44: =H39-C30 -> 0 | I44: =I39-D30 -> 0.84808612 | J44: =J39-E30 -> -0.5
B45: Soy Agriculture | C45: Tofu Production | D45: Cow Farming | E45: Beef Processing | G45: =G40-B31 -> 0 | H45: =H40-C31 -> 0 | I45: =I40-D31 -> 0 | J45: =J40-E31 -> 0.78571429
G46: y-hat Matrix [1/ Mio $]
G47: =H3 -> 0 | H47: 0 | I47: 0 | J47: 0
G48: 0 | H48: =H4 -> 5.23 | I48: 0 | J48: 0
G49: 0 | H49: 0 | I49: =H5 -> 4.02 | J49: 0
G50: 0 | H50: 0 | I50: 0 | J50: =H6 -> 13.97
G51: v-hat Matrix [Mio $]
G52: =B7 -> 13.97 | H52: 0 | I52: 0 | J52: 0
A53: V= (v) hat * (1/x) hat * L * (y) hat | B53: Value Added Flow Matrix V | G53: 0 | H53: =C7 -> 2.69 | I53: 0 | J53: 0
B54: Soy Agriculture | C54: Tofu Production | D54: Cow Farming | E54: Beef Processing | F54: Sum | G54: 0 | H54: 0 | I54: =D7 -> 2.75 | J54: 0
A55: Soy Agriculture | B55: {=MMULT(MMULT(G52:J55,B23:E26), MMULT(B33:E36, G47:J50))} -> 0 | C55: 3.3508344 | D55: 3.0532953 | E55: 7.5658704 | F55: =Sum(B55:E55) -> 13.97 | G55: 0 | H55: 0 | I55: 0 | J55: =E7 -> 3.81
A56: Tofu Production | B56: 0 | C56: 1.8200889 | D56: 0.13325452 | E56: 0.73665661 | F56: =Sum(B56:E56) -> 2.69
A57: Cow Farming | B57: 0 | C57: 0.059076769 | D57: 0.8334502 | E57: 1.857473 | F57: =Sum(B57:E57) -> 2.75
A58: Beef Processing | B58: 0 | C58: 0 | D58: 0 | E58: 3.81 | F58: =Sum(B58:E58) -> 3.81
B59: Soy Agriculture | C59: Tofu Production | D59: Cow Farming | E59: Beef Processing | F59: =SUM(F54:F58) -> 23.22
A60: Value Added Footprint (sum column) | B60: =SUM(B55:B58) -> 0 | C60: =SUM(C55:C58) -> 5.23 | D60: =SUM(D55:D58) -> 4.02 | E60: =SUM(E55:E58) -> 13.97 | F60: =SUM(B60:E60) -> 23.22
G61: v-hat/x Matrix 2
G62: =B7/I3 -> 0.73333333 | H62: 0 | I62: 0 | J62: 0
G63: 0 | H63: =C7/I4 -> 0.29756637 | I63: 0 | J63: 0
G64: 0 | H64: 0 | I64: =D7/I5 -> 0.16447368 | J64: 0
G65: 0 | H65: 0 | I65: 0 | J65: =E7/I6 -> 0.21428571

Sheet 1997
B1: Input-Output Table
A2: 1997 [Mio $] | B2: Soy Agriculture | C2: Tofu Production | D2: Cow Farming | E2: Beef Processing | F2: Y_Houshold | G2: Y_Government | H2: Y_Total_Demand | I2: X_Total Output
A3: Soy Agriculture | B3: 4.05 | C3: 5.4 | D3: 10.8 | E3: 0 | F3: 0 | G3: 0 | H3: =SUM(F3:G3) -> 0 | I3: =SUM(B3:G3) -> 20.25
A4: Tofu Production | B4: 0 | C4: 1.35 | D4: 1.35 | E4: 1.35 | F4: 5.88 | G4: 0 | H4: =SUM(F4:G4) -> 5.88 | I4: =SUM(B4:G4) -> 9.93
A5: Cow Farming | B5: 1.35 | C5: 0 | D5: 2.7 | E5: 9.45 | F5: 0 | G5: 4.44 | H5: =SUM(F5:G5) -> 4.44 | I5: =SUM(B5:G5) -> 17.94
A6: Beef Processing | B6: 0 | C6: 0 | D6: 0 | E6: 4.05 | F6: 14.85 | G6: 0 | H6: =SUM(F6:G6) -> 14.85 | I6: =SUM(B6:G6) -> 18.9
A7: Value Added | B7: =I3-B8 -> 14.85 | C7: =I4-C8 -> 3.18 | D7: =I5-D8 -> 3.09 | E7: =I6-E8 -> 4.05 | F7: =SUM(B7:E7) -> 25.17 | G7: GDP
A8: Sum Inter Industry Input | B8: =SUM(B2:B6) -> 5.4 | C8: =SUM(C2:C6) -> 6.75 | D8: =SUM(D2:D6) -> 14.85 | E8: =SUM(E2:E6) -> 14.85
A9: X_Total_Industry_Input | B9: =SUM(B3:B7) -> 20.25 | C9: =SUM(C3:C7) -> 9.93 | D9: =SUM(D3:D7) -> 17.94 | E9: =SUM(E3:E7) -> 18.9
B10: Environmental Multiplyers
A11: Mass Multiplyer [$/kg] | B11: 0.7 | C11: 3 | D11: 5 | E11: 16
A12: GHG Multiplyer [CO2e kg /kg] | B12: 0.3 | C12: 0.2 | D12: 19 | E12: 1
A13: Land Use Multiplyer [m^2*year/kg] | B13: 0.9 | C13: 2.6 | D13: 35 | E13: 57
B14: Environmental Extensions (scope 1) - M Matrix
A15: Mass [Mio t] | B15: =B9/B11 -> 28.928571 | C15: =C9/C11 -> 3.31 | D15: =D9/D11 -> 3.588 | E15: =E9/E11 -> 1.18125
A16: GHG Emmisons [Mio t] | B16: =B15*B12 -> 8.6785714 | C16: =C15*C12 -> 0.662 | D16: =D15*D12 -> 68.172 | E16: =E15*E12 -> 1.18125
A17: Land Use [Mio m^2*year] | B17: =B15*B13 -> 26.035714 | C17: =C15*C13 -> 8.606 | D17: =D15*D13 -> 125.58 | E17: =E15*E13 -> 67.33125
B18: Soy Agriculture | C18: Tofu Production | D18: Cow Farming | E18: Beef Processing
B22: 1/x hat Matrix [1/ Mio $]
B23: =1/I3 -> 0.049382716 | C23: 0 | D23: 0 | E23: 0
B24: 0 | C24: =1/I4 -> 0.10070493 | D24: 0 | E24: 0
B25: 0 | C25: 0 | D25: =1/I5 -> 0.05574136 | E25: 0
B26: 0 | C26: 0 | D26: 0 | E26: =1/I6 -> 0.052910053
B27: Technical Coeficient Matrix A [no dim]
B28: {=MMULT(B3:E6, B23:E26)} -> 0.2 | C28: 0.54380665 | D28: 0.60200669 | E28: 0
B29: 0 | C29: 0.13595166 | D29: 0.075250836 | E29: 0.071428571
B30: 0.066666667 | C30: 0 | D30: 0.15050167 | E30: 0.5
B31: 0 | C31: 0 | D31: 0 | E31: 0.21428571
B32: Leonthief Inverse Matrix L [no dim]
B33: {=MINVERSE(G42:J45)} -> 1.3350437 | C33: 0.8402373 | D33: 1.0205244 | E33: 0.72580985
B34: 0.0091246242 | C34: 1.1630854 | D34: 0.10949549 | E34: 0.17541399
B35: 0.10477115 | C35: 0.065939882 | D35: 1.2572538 | E35: 0.80606511
B36: 0 | C36: 0 | D36: 0 | E36: 1.2727273 | G36: Identity Matrix 1
B37: Environmental Coeficient Matrix F [mio (t,t,m^2)/ mio $] | G37: 1 | H37: 0 | I37: 0 | J37: 0
A38: Mass [Mio t/ mio $] | B38: {=MMULT(B15:E17, B23:E26)} -> 1.4285714 | C38: 0.33333333 | D38: 0.2 | E38: 0.0625 | G38: 0 | H38: 1 | I38: 0 | J38: 0
A39: GHG Emmisons [Mio t/ mio$] | B39: 0.42857143 | C39: 0.066666667 | D39: 3.8 | E39: 0.0625 | G39: 0 | H39: 0 | I39: 1 | J39: 0
A40: Land Use [Mio m^2*year/ mio$] | B40: 1.2857143 | C40: 0.86666667 | D40: 7 | E40: 3.5625 | G40: 0 | H40: 0 | I40: 0 | J40: 1
B41: Environmental Footprint (F*L*y-hat) | G41: 1-A
A42: Mass [Mio t] | B42: {=MMULT(MMULT(B38:E40, B33:E36),G47:J50)} -> 0 | C42: 9.415186 | D42: 7.7515353 | E42: 19.8411 | G42: =G37-B28 -> 0.8 | H42: =H37-C28 -> -0.54380665 | I42: =I37-D28 -> -0.60200669 | J42: =J37-E28 -> 0
A43: GHG Emmisons [Mio t] | B43: 0 | C43: 4.0466882 | D43: 23.186708 | E43: 51.460425 | G43: =G38-B29 -> 0 | H43: =H38-C29 -> 0.86404834 | I43: =I38-D29 -> -0.075250836 | J43: =J38-E29 -> -0.071428571
A44: Land Use [Mio m^2*year] | B44: 0 | C44: 14.993363 | D44: 45.322522 | E44: 167.23708 | G44: =G39-B30 -> -0.066666667 | H44: =H39-C30 -> 0 | I44: =I39-D30 -> 0.84949833 | J44: =J39-E30 -> -0.5
B45: Soy Agriculture | C45: Tofu Production | D45: Cow Farming | E45: Beef Processing | G45: =G40-B31 -> 0 | H45: =H40-C31 -> 0 | I45: =I40-D31 -> 0 | J45: =J40-E31 -> 0.78571429
G46: y-hat Matrix [1/ Mio $]
G47: =H3 -> 0 | H47: 0 | I47: 0 | J47: 0
G48: 0 | H48: =H4 -> 5.88 | I48: 0 | J48: 0
G49: 0 | H49: 0 | I49: =H5 -> 4.44 | J49: 0
G50: 0 | H50: 0 | I50: 0 | J50: =H6 -> 14.85
G51: v-hat Matrix [Mio $]
G52: =B7 -> 14.85 | H52: 0 | I52: 0 | J52: 0
A53: V= (v) hat * (1/x) hat * L * (y) hat | B53: Value Added Flow Matrix V | G53: 0 | H53: =C7 -> 3.18 | I53: 0 | J53: 0
B54: Soy Agriculture | C54: Tofu Production | D54: Cow Farming | E54: Beef Processing | F54: Sum | G54: 0 | H54: 0 | I54: =D7 -> 3.09 | J54: 0
A55: Soy Agriculture | B55: {=MMULT(MMULT(G52:J55,B23:E26), MMULT(B33:E36, G47:J50))} -> 0 | C55: 3.6231032 | D55: 3.3228275 | E55: 7.9040692 | F55: =Sum(B55:E55) -> 14.85 | G55: 0 | H55: 0 | I55: 0 | J55: =E7 -> 4.05
A56: Tofu Production | B56: 0 | C56: 2.1901145 | D56: 0.15568869 | E56: 0.83419685 | F56: =Sum(B56:E56) -> 3.18
A57: Cow Farming | B57: 0 | C57: 0.066782325 | D57: 0.96148376 | E57: 2.0617339 | F57: =Sum(B57:E57) -> 3.09
A58: Beef Processing | B58: 0 | C58: 0 | D58: 0 | E58: 4.05 | F58: =Sum(B58:E58) -> 4.05
B59: Soy Agriculture | C59: Tofu Production | D59: Cow Farming | E59: Beef Processing | F59: =SUM(F54:F58) -> 25.17
A60: Value Added Footprint (sum column) | B60: =SUM(B55:B58) -> 0 | C60: =SUM(C55:C58) -> 5.88 | D60: =SUM(D55:D58) -> 4.44 | E60: =SUM(E55:E58) -> 14.85 | F60: =SUM(B60:E60) -> 25.17
G61: v-hat/x Matrix 2
G62: =B7/I3 -> 0.73333333 | H62: 0 | I62: 0 | J62: 0
G63: 0 | H63: =C7/I4 -> 0.32024169 | I63: 0 | J63: 0
G64: 0 | H64: 0 | I64: =D7/I5 -> 0.1722408 | J64: 0
G65: 0 | H65: 0 | I65: 0 | J65: =E7/I6 -> 0.21428571

Sheet 1998
B1: Input-Output Table
A2: 1998 [Mio $] | B2: Soy Agriculture | C2: Tofu Production | D2: Cow Farming | E2: Beef Processing | F2: Y_Houshold | G2: Y_Government | H2: Y_Total_Demand | I2: X_Total Output
A3: Soy Agriculture | B3: 4.29 | C3: 5.72 | D3: 11.44 | E3: 0 | F3: 0 | G3: 0 | H3: =SUM(F3:G3) -> 0 | I3: =SUM(B3:G3) -> 21.45
A4: Tofu Production | B4: 0 | C4: 1.43 | D4: 1.43 | E4: 1.43 | F4: 6.06 | G4: 0 | H4: =SUM(F4:G4) -> 6.06 | I4: =SUM(B4:G4) -> 10.35
A5: Cow Farming | B5: 1.43 | C5: 0 | D5: 2.86 | E5: 10.01 | F5: 0 | G5: 4.93 | H5: =SUM(F5:G5) -> 4.93 | I5: =SUM(B5:G5) -> 19.23
A6: Beef Processing | B6: 0 | C6: 0 | D6: 0 | E6: 4.29 | F6: 15.73 | G6: 0 | H6: =SUM(F6:G6) -> 15.73 | I6: =SUM(B6:G6) -> 20.02
A7: Value Added | B7: =I3-B8 -> 15.73 | C7: =I4-C8 -> 3.2 | D7: =I5-D8 -> 3.5 | E7: =I6-E8 -> 4.29 | F7: =SUM(B7:E7) -> 26.72 | G7: GDP
A8: Sum Inter Industry Input | B8: =SUM(B2:B6) -> 5.72 | C8: =SUM(C2:C6) -> 7.15 | D8: =SUM(D2:D6) -> 15.73 | E8: =SUM(E2:E6) -> 15.73
A9: X_Total_Industry_Input | B9: =SUM(B3:B7) -> 21.45 | C9: =SUM(C3:C7) -> 10.35 | D9: =SUM(D3:D7) -> 19.23 | E9: =SUM(E3:E7) -> 20.02
B10: Environmental Multiplyers
A11: Mass Multiplyer [$/kg] | B11: 0.7 | C11: 3 | D11: 5 | E11: 16
A12: GHG Multiplyer [CO2e kg /kg] | B12: 0.3 | C12: 0.2 | D12: 19 | E12: 1
A13: Land Use Multiplyer [m^2*year/kg] | B13: 0.9 | C13: 2.6 | D13: 35 | E13: 57
B14: Environmental Extensions (scope 1) - M Matrix
A15: Mass [Mio t] | B15: =B9/B11 -> 30.642857 | C15: =C9/C11 -> 3.45 | D15: =D9/D11 -> 3.846 | E15: =E9/E11 -> 1.25125
A16: GHG Emmisons [Mio t] | B16: =B15*B12 -> 9.1928571 | C16: =C15*C12 -> 0.69 | D16: =D15*D12 -> 73.074 | E16: =E15*E12 -> 1.25125
A17: Land Use [Mio m^2*year] | B17: =B15*B13 -> 27.578571 | C17: =C15*C13 -> 8.97 | D17: =D15*D13 -> 134.61 | E17: =E15*E13 -> 71.32125
B18: Soy Agriculture | C18: Tofu Production | D18: Cow Farming | E18: Beef Processing
B22: 1/x hat Matrix [1/ Mio $]
B23: =1/I3 -> 0.046620047 | C23: 0 | D23: 0 | E23: 0
B24: 0 | C24: =1/I4 -> 0.096618357 | D24: 0 | E24: 0
B25: 0 | C25: 0 | D25: =1/I5 -> 0.05200208 | E25: 0
B26: 0 | C26: 0 | D26: 0 | E26: =1/I6 -> 0.04995005
B27: Technical Coeficient Matrix A [no dim]
B28: {=MMULT(B3:E6, B23:E26)} -> 0.2 | C28: 0.552657 | D28: 0.5949038 | E28: 0
B29: 0 | C29: 0.13816425 | D29: 0.074362975 | E29: 0.071428571
B30: 0.066666667 | C30: 0 | D30: 0.14872595 | E30: 0.5
B31: 0 | C31: 0 | D31: 0 | E31: 0.21428571
B32: Leonthief Inverse Matrix L [no dim]
B33: {=MINVERSE(G42:J45)} -> 1.3339091 | C33: 0.85537671 | D33: 1.0069095 | E33: 0.71852213
B34: 0.0090135908 | C34: 1.1660939 | D34: 0.10816309 | E34: 0.1748396
B35: 0.10446374 | C35: 0.066987962 | D35: 1.2535649 | E35: 0.80381296
B36: 0 | C36: 0 | D36: 0 | E36: 1.2727273 | G36: Identity Matrix 1
B37: Environmental Coeficient Matrix F [mio (t,t,m^2)/ mio $] | G37: 1 | H37: 0 | I37: 0 | J37: 0
A38: Mass [Mio t/ mio $] | B38: {=MMULT(B15:E17, B23:E26)} -> 1.4285714 | C38: 0.33333333 | D38: 0.2 | E38: 0.0625 | G38: 0 | H38: 1 | I38: 0 | J38: 0
A39: GHG Emmisons [Mio t/ mio$] | B39: 0.42857143 | C39: 0.066666667 | D39: 3.8 | E39: 0.0625 | G39: 0 | H39: 0 | I39: 1 | J39: 0
A40: Land Use [Mio m^2*year/ mio$] | B40: 1.2857143 | C40: 0.86666667 | D40: 7 | E40: 3.5625 | G40: 0 | H40: 0 | I40: 0 | J40: 1
B41: Environmental Footprint (F*L*y-hat) | G41: 1-A
A42: Mass [Mio t] | B42: {=MMULT(MMULT(B38:E40, B33:E36),G47:J50)} -> 0 | C42: 9.8418175 | D42: 8.5052831 | E42: 20.843007 | G42: =G37-B28 -> 0.8 | H42: =H37-C28 -> -0.552657 | I42: =I37-D28 -> -0.5949038 | J42: =J37-E28 -> 0
A43: GHG Emmisons [Mio t] | B43: 0 | C43: 4.2352362 | D43: 25.647291 | E43: 54.32558 | G43: =G38-B29 -> 0 | H43: =H38-C29 -> 0.86183575 | I43: =I38-D29 -> -0.074362975 | J43: =J38-E29 -> -0.071428571
A44: Land Use [Mio m^2*year] | B44: 0 | C44: 15.630561 | D44: 50.105039 | E44: 176.74422 | G44: =G39-B30 -> -0.066666667 | H44: =H39-C30 -> 0 | I44: =I39-D30 -> 0.85127405 | J44: =J39-E30 -> -0.5
B45: Soy Agriculture | C45: Tofu Production | D45: Cow Farming | E45: Beef Processing | G45: =G40-B31 -> 0 | H45: =H40-C31 -> 0 | I45: =I40-D31 -> 0 | J45: =J40-E31 -> 0.78571429
G46: y-hat Matrix [1/ Mio $]
G47: =H3 -> 0 | H47: 0 | I47: 0 | J47: 0
G48: 0 | H48: =H4 -> 6.06 | I48: 0 | J48: 0
G49: 0 | H49: 0 | I49: =H5 -> 4.93 | J49: 0
G50: 0 | H50: 0 | I50: 0 | J50: =H6 -> 15.73
G51: v-hat Matrix [Mio $]
G52: =B7 -> 15.73 | H52: 0 | I52: 0 | J52: 0
A53: V= (v) hat * (1/x) hat * L * (y) hat | B53: Value Added Flow Matrix V | G53: 0 | H53: =C7 -> 3.2 | I53: 0 | J53: 0
B54: Soy Agriculture | C54: Tofu Production | D54: Cow Farming | E54: Beef Processing | F54: Sum | G54: 0 | H54: 0 | I54: =D7 -> 3.5 | J54: 0
A55: Soy Agriculture | B55: {=MMULT(MMULT(G52:J55,B23:E26), MMULT(B33:E36, G47:J50))} -> 0 | C55: 3.8012941 | D55: 3.6403136 | E55: 8.2883923 | F55: =Sum(B55:E55) -> 15.73 | G55: 0 | H55: 0 | I55: 0 | J55: =E7 -> 4.29
A56: Tofu Production | B56: 0 | C56: 2.1848206 | D56: 0.16486772 | E56: 0.85031168 | F56: =Sum(B56:E56) -> 3.2
A57: Cow Farming | B57: 0 | C57: 0.073885318 | D57: 1.1248187 | E57: 2.301296 | F57: =Sum(B57:E57) -> 3.5
A58: Beef Processing | B58: 0 | C58: 0 | D58: 0 | E58: 4.29 | F58: =Sum(B58:E58) -> 4.29
B59: Soy Agriculture | C59: Tofu Production | D59: Cow Farming | E59: Beef Processing | F59: =SUM(F54:F58) -> 26.72
A60: Value Added Footprint (sum column) | B60: =SUM(B55:B58) -> 0 | C60: =SUM(C55:C58) -> 6.06 | D60: =SUM(D55:D58) -> 4.93 | E60: =SUM(E55:E58) -> 15.73 | F60: =SUM(B60:E60) -> 26.72
G61: v-hat/x Matrix 2
G62: =B7/I3 -> 0.73333333 | H62: 0 | I62: 0 | J62: 0
G63: 0 | H63: =C7/I4 -> 0.30917874 | I63: 0 | J63: 0
G64: 0 | H64: 0 | I64: =D7/I5 -> 0.18200728 | J64: 0
G65: 0 | H65: 0 | I65: 0 | J65: =E7/I6 -> 0.21428571

Sheet 1999
B1: Input-Output Table
A2: 1999 [Mio $] | B2: Soy Agriculture | C2: Tofu Production | D2: Cow Farming | E2: Beef Processing | F2: Y_Houshold | G2: Y_Government | H2: Y_Total_Demand | I2: X_Total Output
A3: Soy Agriculture | B3: 4.53 | C3: 6.04 | D3: 12.08 | E3: 0 | F3: 0 | G3: 0 | H3: =SUM(F3:G3) -> 0 | I3: =SUM(B3:G3) -> 22.65
A4: Tofu Production | B4: 0 | C4: 1.51 | D4: 1.51 | E4: 1.51 | F4: 6.95 | G4: 0 | H4: =SUM(F4:G4) -> 6.95 | I4: =SUM(B4:G4) -> 11.48
A5: Cow Farming | B5: 1.51 | C5: 0 | D5: 3.02 | E5: 10.57 | F5: 0 | G5: 5.15 | H5: =SUM(F5:G5) -> 5.15 | I5: =SUM(B5:G5) -> 20.25
A6: Beef Processing | B6: 0 | C6: 0 | D6: 0 | E6: 4.53 | F6: 16.61 | G6: 0 | H6: =SUM(F6:G6) -> 16.61 | I6: =SUM(B6:G6) -> 21.14
A7: Value Added | B7: =I3-B8 -> 16.61 | C7: =I4-C8 -> 3.93 | D7: =I5-D8 -> 3.64 | E7: =I6-E8 -> 4.53 | F7: =SUM(B7:E7) -> 28.71 | G7: GDP
A8: Sum Inter Industry Input | B8: =SUM(B2:B6) -> 6.04 | C8: =SUM(C2:C6) -> 7.55 | D8: =SUM(D2:D6) -> 16.61 | E8: =SUM(E2:E6) -> 16.61
A9: X_Total_Industry_Input | B9: =SUM(B3:B7) -> 22.65 | C9: =SUM(C3:C7) -> 11.48 | D9: =SUM(D3:D7) -> 20.25 | E9: =SUM(E3:E7) -> 21.14
B10: Environmental Multiplyers
A11: Mass Multiplyer [$/kg] | B11: 0.7 | C11: 3 | D11: 5 | E11: 16
A12: GHG Multiplyer [CO2e kg /kg] | B12: 0.3 | C12: 0.2 | D12: 19 | E12: 1
A13: Land Use Multiplyer [m^2*year/kg] | B13: 0.9 | C13: 2.6 | D13: 35 | E13: 57
B14: Environmental Extensions (scope 1) - M Matrix
A15: Mass [Mio t] | B15: =B9/B11 -> 32.357143 | C15: =C9/C11 -> 3.8266667 | D15: =D9/D11 -> 4.05 | E15: =E9/E11 -> 1.32125
A16: GHG Emmisons [Mio t] | B16: =B15*B12 -> 9.7071429 | C16: =C15*C12 -> 0.76533333 | D16: =D15*D12 -> 76.95 | E16: =E15*E12 -> 1.32125
A17: Land Use [Mio m^2*year] | B17: =B15*B13 -> 29.121429 | C17: =C15*C13 -> 9.9493333 | D17: =D15*D13 -> 141.75 | E17: =E15*E13 -> 75.31125
B18: Soy Agriculture | C18: Tofu Production | D18: Cow Farming | E18: Beef Processing
B22: 1/x hat Matrix [1/ Mio $]
B23: =1/I3 -> 0.04415011 | C23: 0 | D23: 0 | E23: 0
B24: 0 | C24: =1/I4 -> 0.087108014 | D24: 0 | E24: 0
B25: 0 | C25: 0 | D25: =1/I5 -> 0.049382716 | E25: 0
B26: 0 | C26: 0 | D26: 0 | E26: =1/I6 -> 0.04730369
B27: Technical Coeficient Matrix A [no dim]
B28: {=MMULT(B3:E6, B23:E26)} -> 0.2 | C28: 0.5261324 | D28: 0.59654321 | E28: 0
B29: 0 | C29: 0.1315331 | D29: 0.074567901 | E29: 0.071428571
B30: 0.066666667 | C30: 0 | D30: 0.1491358 | E30: 0.5
B31: 0 | C31: 0 | D31: 0 | E31: 0.21428571
B32: Leonthief Inverse Matrix L [no dim]
B33: {=MINVERSE(G42:J45)} -> 1.3338307 | C33: 0.80805794 | D33: 1.0059688 | E33: 0.71362179
B34: 0.0089732106 | C34: 1.1568905 | D34: 0.10767853 | E34: 0.17369456
B35: 0.10450792 | C35: 0.063312723 | D35: 1.2540951 | E35: 0.8038162
B36: 0 | C36: 0 | D36: 0 | E36: 1.2727273 | G36: Identity Matrix 1
B37: Environmental Coeficient Matrix F [mio (t,t,m^2)/ mio $] | G37: 1 | H37: 0 | I37: 0 | J37: 0
A38: Mass [Mio t/ mio $] | B38: {=MMULT(B15:E17, B23:E26)} -> 1.4285714 | C38: 0.33333333 | D38: 0.2 | E38: 0.0625 | G38: 0 | H38: 1 | I38: 0 | J38: 0
A39: GHG Emmisons [Mio t/ mio$] | B39: 0.42857143 | C39: 0.066666667 | D39: 3.8 | E39: 0.0625 | G39: 0 | H39: 0 | I39: 1 | J39: 0
A40: Land Use [Mio m^2*year/ mio$] | B40: 1.2857143 | C40: 0.86666667 | D40: 7 | E40: 3.5625 | G40: 0 | H40: 0 | I40: 0 | J40: 1
B41: Environmental Footprint (F*L*y-hat) | G41: 1-A
A42: Mass [Mio t] | B42: {=MMULT(MMULT(B38:E40, B33:E36),G47:J50)} -> 0 | C42: 10.790995 | D42: 8.8776224 | E42: 21.886442 | G42: =G37-B28 -> 0.8 | H42: =H37-C28 -> -0.5261324 | I42: =I37-D28 -> -0.59654321 | J42: =J37-E28 -> 0
A43: GHG Emmisons [Mio t] | B43: 0 | C43: 4.6149732 | D43: 26.799927 | E43: 57.328826 | G43: =G38-B29 -> 0 | H43: =H38-C29 -> 0.8684669 | I43: =I38-D29 -> -0.074567901 | J43: =J38-E29 -> -0.071428571
A44: Land Use [Mio m^2*year] | B44: 0 | C44: 17.269076 | D44: 52.351683 | E44: 186.51125 | G44: =G39-B30 -> -0.066666667 | H44: =H39-C30 -> 0 | I44: =I39-D30 -> 0.8508642 | J44: =J39-E30 -> -0.5
B45: Soy Agriculture | C45: Tofu Production | D45: Cow Farming | E45: Beef Processing | G45: =G40-B31 -> 0 | H45: =H40-C31 -> 0 | I45: =I40-D31 -> 0 | J45: =J40-E31 -> 0.78571429
G46: y-hat Matrix [1/ Mio $]
G47: =H3 -> 0 | H47: 0 | I47: 0 | J47: 0
G48: 0 | H48: =H4 -> 6.95 | I48: 0 | J48: 0
G49: 0 | H49: 0 | I49: =H5 -> 5.15 | J49: 0
G50: 0 | H50: 0 | I50: 0 | J50: =H6 -> 16.61
G51: v-hat Matrix [Mio $]
G52: =B7 -> 16.61 | H52: 0 | I52: 0 | J52: 0
A53: V= (v) hat * (1/x) hat * L * (y) hat | B53: Value Added Flow Matrix V | G53: 0 | H53: =C7 -> 3.93 | I53: 0 | J53: 0
B54: Soy Agriculture | C54: Tofu Production | D54: Cow Farming | E54: Beef Processing | F54: Sum | G54: 0 | H54: 0 | I54: =D7 -> 3.64 | J54: 0
A55: Soy Agriculture | B55: {=MMULT(MMULT(G52:J55,B23:E26), MMULT(B33:E36, G47:J50))} -> 0 | C55: 4.118402 | D55: 3.7992089 | E55: 8.6923891 | F55: =Sum(B55:E55) -> 16.61 | G55: 0 | H55: 0 | I55: 0 | J55: =E7 -> 4.53
A56: Tofu Production | B56: 0 | C56: 2.7525025 | D56: 0.18983968 | E56: 0.98765784 | F56: =Sum(B56:E56) -> 3.93
A57: Cow Farming | B57: 0 | C57: 0.079095569 | D57: 1.1609514 | E57: 2.399953 | F57: =Sum(B57:E57) -> 3.64
A58: Beef Processing | B58: 0 | C58: 0 | D58: 0 | E58: 4.53 | F58: =Sum(B58:E58) -> 4.53
B59: Soy Agriculture | C59: Tofu Production | D59: Cow Farming | E59: Beef Processing | F59: =SUM(F54:F58) -> 28.71
A60: Value Added Footprint (sum column) | B60: =SUM(B55:B58) -> 0 | C60: =SUM(C55:C58) -> 6.95 | D60: =SUM(D55:D58) -> 5.15 | E60: =SUM(E55:E58) -> 16.61 | F60: =SUM(B60:E60) -> 28.71
G61: v-hat/x Matrix 2
G62: =B7/I3 -> 0.73333333 | H62: 0 | I62: 0 | J62: 0
G63: 0 | H63: =C7/I4 -> 0.34233449 | I63: 0 | J63: 0
G64: 0 | H64: 0 | I64: =D7/I5 -> 0.17975309 | J64: 0
G65: 0 | H65: 0 | I65: 0 | J65: =E7/I6 -> 0.21428571

Sheet 2000
B1: Input-Output Table
A2: 2000 [Mio $] | B2: Soy Agriculture | C2: Tofu Production | D2: Cow Farming | E2: Beef Processing | F2: Y_Houshold | G2: Y_Government | H2: Y_Total_Demand | I2: X_Total Output
A3: Soy Agriculture | B3: 4.74 | C3: 6.32 | D3: 12.64 | E3: 0 | F3: 0 | G3: 0 | H3: =SUM(F3:G3) -> 0 | I3: =SUM(B3:G3) -> 23.7
A4: Tofu Production | B4: 0 | C4: 1.58 | D4: 1.58 | E4: 1.58 | F4: 7.88 | G4: 0 | H4: =SUM(F4:G4) -> 7.88 | I4: =SUM(B4:G4) -> 12.62
A5: Cow Farming | B5: 1.58 | C5: 0 | D5: 3.16 | E5: 11.06 | F5: 0 | G5: 5.65 | H5: =SUM(F5:G5) -> 5.65 | I5: =SUM(B5:G5) -> 21.45
A6: Beef Processing | B6: 0 | C6: 0 | D6: 0 | E6: 4.74 | F6: 17.38 | G6: 0 | H6: =SUM(F6:G6) -> 17.38 | I6: =SUM(B6:G6) -> 22.12
A7: Value Added | B7: =I3-B8 -> 17.38 | C7: =I4-C8 -> 4.72 | D7: =I5-D8 -> 4.07 | E7: =I6-E8 -> 4.74 | F7: =SUM(B7:E7) -> 30.91 | G7: GDP
A8: Sum Inter Industry Input | B8: =SUM(B2:B6) -> 6.32 | C8: =SUM(C2:C6) -> 7.9 | D8: =SUM(D2:D6) -> 17.38 | E8: =SUM(E2:E6) -> 17.38
A9: X_Total_Industry_Input | B9: =SUM(B3:B7) -> 23.7 | C9: =SUM(C3:C7) -> 12.62 | D9: =SUM(D3:D7) -> 21.45 | E9: =SUM(E3:E7) -> 22.12
B10: Environmental Multiplyers
A11: Mass Multiplyer [$/kg] | B11: 0.7 | C11: 3 | D11: 5 | E11: 16
A12: GHG Multiplyer [CO2e kg /kg] | B12: 0.3 | C12: 0.2 | D12: 19 | E12: 1
A13: Land Use Multiplyer [m^2*year/kg] | B13: 0.9 | C13: 2.6 | D13: 35 | E13: 57
B14: Environmental Extensions (scope 1) - M Matrix
A15: Mass [Mio t] | B15: =B9/B11 -> 33.857143 | C15: =C9/C11 -> 4.2066667 | D15: =D9/D11 -> 4.29 | E15: =E9/E11 -> 1.3825
A16: GHG Emmisons [Mio t] | B16: =B15*B12 -> 10.157143 | C16: =C15*C12 -> 0.84133333 | D16: =D15*D12 -> 81.51 | E16: =E15*E12 -> 1.3825
A17: Land Use [Mio m^2*year] | B17: =B15*B13 -> 30.471429 | C17: =C15*C13 -> 10.937333 | D17: =D15*D13 -> 150.15 | E17: =E15*E13 -> 78.8025
B18: Soy Agriculture | C18: Tofu Production | D18: Cow Farming | E18: Beef Processing
B22: 1/x hat Matrix [1/ Mio $]
B23: =1/I3 -> 0.042194093 | C23: 0 | D23: 0 | E23: 0
B24: 0 | C24: =1/I4 -> 0.079239303 | D24: 0 | E24: 0
B25: 0 | C25: 0 | D25: =1/I5 -> 0.046620047 | E25: 0
B26: 0 | C26: 0 | D26: 0 | E26: =1/I6 -> 0.045207957
B27: Technical Coeficient Matrix A [no dim]
B28: {=MMULT(B3:E6, B23:E26)} -> 0.2 | C28: 0.50079239 | D28: 0.58927739 | E28: 0
B29: 0 | C29: 0.1251981 | D29: 0.073659674 | E29: 0.071428571
B30: 0.066666667 | C30: 0 | D30: 0.14731935 | E30: 0.5
B31: 0 | C31: 0 | D31: 0 | E31: 0.21428571
B32: Leonthief Inverse Matrix L [no dim]
B33: {=MINVERSE(G42:J45)} -> 1.3322132 | C33: 0.76264379 | D33: 0.98655834 | E33: 0.6971411
B34: 0.008770334 | C34: 1.1481366 | D34: 0.10524401 | E34: 0.17134952
B35: 0.10415882 | C35: 0.059627152 | D35: 1.2499059 | E35: 0.8008153
B36: 0 | C36: 0 | D36: 0 | E36: 1.2727273 | G36: Identity Matrix 1
B37: Environmental Coeficient Matrix F [mio (t,t,m^2)/ mio $] | G37: 1 | H37: 0 | I37: 0 | J37: 0
A38: Mass [Mio t/ mio $] | B38: {=MMULT(B15:E17, B23:E26)} -> 1.4285714 | C38: 0.33333333 | D38: 0.2 | E38: 0.0625 | G38: 0 | H38: 1 | I38: 0 | J38: 0
A39: GHG Emmisons [Mio t/ mio$] | B39: 0.42857143 | C39: 0.066666667 | D39: 3.8 | E39: 0.0625 | G39: 0 | H39: 0 | I39: 1 | J39: 0
A40: Land Use [Mio m^2*year/ mio$] | B40: 1.2857143 | C40: 0.86666667 | D40: 7 | E40: 3.5625 | G40: 0 | H40: 0 | I40: 0 | J40: 1
B41: Environmental Footprint (F*L*y-hat) | G41: 1-A
A42: Mass [Mio t] | B42: {=MMULT(MMULT(B38:E40, B33:E36),G47:J50)} -> 0 | C42: 11.694935 | D42: 9.5735383 | E42: 22.467837 | G42: =G37-B28 -> 0.8 | H42: =H37-C28 -> -0.50079239 | I42: =I37-D28 -> -0.58927739 | J42: =J37-E28 -> 0
A43: GHG Emmisons [Mio t] | B43: 0 | C43: 4.9641869 | D43: 29.264002 | E43: 59.662788 | G43: =G38-B29 -> 0 | H43: =H38-C29 -> 0.8748019 | I43: =I38-D29 -> -0.073659674 | J43: =J38-E29 -> -0.071428571
A44: Land Use [Mio m^2*year] | B44: 0 | C44: 18.856713 | D44: 57.115764 | E44: 194.38879 | G44: =G39-B30 -> -0.066666667 | H44: =H39-C30 -> 0 | I44: =I39-D30 -> 0.85268065 | J44: =J39-E30 -> -0.5
B45: Soy Agriculture | C45: Tofu Production | D45: Cow Farming | E45: Beef Processing | G45: =G40-B31 -> 0 | H45: =H40-C31 -> 0 | I45: =I40-D31 -> 0 | J45: =J40-E31 -> 0.78571429
G46: y-hat Matrix [1/ Mio $]
G47: =H3 -> 0 | H47: 0 | I47: 0 | J47: 0
G48: 0 | H48: =H4 -> 7.88 | I48: 0 | J48: 0
G49: 0 | H49: 0 | I49: =H5 -> 5.65 | J49: 0
G50: 0 | H50: 0 | I50: 0 | J50: =H6 -> 17.38
G51: v-hat Matrix [Mio $]
G52: =B7 -> 17.38 | H52: 0 | I52: 0 | J52: 0
A53: V= (v) hat * (1/x) hat * L * (y) hat | B53: Value Added Flow Matrix V | G53: 0 | H53: =C7 -> 4.72 | I53: 0 | J53: 0
B54: Soy Agriculture | C54: Tofu Production | D54: Cow Farming | E54: Beef Processing | F54: Sum | G54: 0 | H54: 0 | I54: =D7 -> 4.07 | J54: 0
A55: Soy Agriculture | B55: {=MMULT(MMULT(G52:J55,B23:E26), MMULT(B33:E36, G47:J50))} -> 0 | C55: 4.4070642 | D55: 4.08764 | E55: 8.8852957 | F55: =Sum(B55:E55) -> 17.38 | G55: 0 | H55: 0 | I55: 0 | J55: =E7 -> 4.74
A56: Tofu Production | B56: 0 | C56: 3.3837825 | D56: 0.22239677 | E56: 1.1138207 | F56: =Sum(B56:E56) -> 4.72
A57: Cow Farming | B57: 0 | C57: 0.089153295 | D57: 1.3399632 | E57: 2.6408835 | F57: =Sum(B57:E57) -> 4.07
A58: Beef Processing | B58: 0 | C58: 0 | D58: 0 | E58: 4.74 | F58: =Sum(B58:E58) -> 4.74
B59: Soy Agriculture | C59: Tofu Production | D59: Cow Farming | E59: Beef Processing | F59: =SUM(F54:F58) -> 30.91
A60: Value Added Footprint (sum column) | B60: =SUM(B55:B58) -> 0 | C60: =SUM(C55:C58) -> 7.88 | D60: =SUM(D55:D58) -> 5.65 | E60: =SUM(E55:E58) -> 17.38 | F60: =SUM(B60:E60) -> 30.91
G61: v-hat/x Matrix 2
G62: =B7/I3 -> 0.73333333 | H62: 0 | I62: 0 | J62: 0
G63: 0 | H63: =C7/I4 -> 0.37400951 | I63: 0 | J63: 0
G64: 0 | H64: 0 | I64: =D7/I5 -> 0.18974359 | J64: 0
G65: 0 | H65: 0 | I65: 0 | J65: =E7/I6 -> 0.21428571

Sheet 2001
B1: Input-Output Table
A2: 2001 [Mio $] | B2: Soy Agriculture | C2: Tofu Production | D2: Cow Farming | E2: Beef Processing | F2: Y_Houshold | G2: Y_Government | H2: Y_Total_Demand | I2: X_Total Output
A3: Soy Agriculture | B3: 4.86 | C3: 6.48 | D3: 12.96 | E3: 0 | F3: 0 | G3: 0 | H3: =SUM(F3:G3) -> 0 | I3: =SUM(B3:G3) -> 24.3
A4: Tofu Production | B4: 0 | C4: 1.62 | D4: 1.62 | E4: 1.62 | F4: 8.76 | G4: 0 | H4: =SUM(F4:G4) -> 8.76 | I4: =SUM(B4:G4) -> 13.62
A5: Cow Farming | B5: 1.62 | C5: 0 | D5: 3.24 | E5: 11.34 | F5: 0 | G5: 6.03 | H5: =SUM(F5:G5) -> 6.03 | I5: =SUM(B5:G5) -> 22.23
A6: Beef Processing | B6: 0 | C6: 0 | D6: 0 | E6: 4.86 | F6: 17.82 | G6: 0 | H6: =SUM(F6:G6) -> 17.82 | I6: =SUM(B6:G6) -> 22.68
A7: Value Added | B7: =I3-B8 -> 17.82 | C7: =I4-C8 -> 5.52 | D7: =I5-D8 -> 4.41 | E7: =I6-E8 -> 4.86 | F7: =SUM(B7:E7) -> 32.61 | G7: GDP
A8: Sum Inter Industry Input | B8: =SUM(B2:B6) -> 6.48 | C8: =SUM(C2:C6) -> 8.1 | D8: =SUM(D2:D6) -> 17.82 | E8: =SUM(E2:E6) -> 17.82
A9: X_Total_Industry_Input | B9: =SUM(B3:B7) -> 24.3 | C9: =SUM(C3:C7) -> 13.62 | D9: =SUM(D3:D7) -> 22.23 | E9: =SUM(E3:E7) -> 22.68
B10: Environmental Multiplyers
A11: Mass Multiplyer [$/kg] | B11: 0.7 | C11: 3 | D11: 5 | E11: 16
A12: GHG Multiplyer [CO2e kg /kg] | B12: 0.3 | C12: 0.2 | D12: 19 | E12: 1
A13: Land Use Multiplyer [m^2*year/kg] | B13: 0.9 | C13: 2.6 | D13: 35 | E13: 57
B14: Environmental Extensions (scope 1) - M Matrix
A15: Mass [Mio t] | B15: =B9/B11 -> 34.714286 | C15: =C9/C11 -> 4.54 | D15: =D9/D11 -> 4.446 | E15: =E9/E11 -> 1.4175
A16: GHG Emmisons [Mio t] | B16: =B15*B12 -> 10.414286 | C16: =C15*C12 -> 0.908 | D16: =D15*D12 -> 84.474 | E16: =E15*E12 -> 1.4175
A17: Land Use [Mio m^2*year] | B17: =B15*B13 -> 31.242857 | C17: =C15*C13 -> 11.804 | D17: =D15*D13 -> 155.61 | E17: =E15*E13 -> 80.7975
B18: Soy Agriculture | C18: Tofu Production | D18: Cow Farming | E18: Beef Processing
B22: 1/x hat Matrix [1/ Mio $]
B23: =1/I3 -> 0.041152263 | C23: 0 | D23: 0 | E23: 0
B24: 0 | C24: =1/I4 -> 0.073421439 | D24: 0 | E24: 0
B25: 0 | C25: 0 | D25: =1/I5 -> 0.044984256 | E25: 0
B26: 0 | C26: 0 | D26: 0 | E26: =1/I6 -> 0.044091711
B27: Technical Coeficient Matrix A [no dim]
B28: {=MMULT(B3:E6, B23:E26)} -> 0.2 | C28: 0.47577093 | D28: 0.58299595 | E28: 0
B29: 0 | C29: 0.11894273 | D29: 0.072874494 | E29: 0.071428571
B30: 0.066666667 | C30: 0 | D30: 0.14574899 | E30: 0.5
B31: 0 | C31: 0 | D31: 0 | E31: 0.21428571
B32: Leonthief Inverse Matrix L [no dim]
B33: {=MINVERSE(G42:J45)} -> 1.3307937 | C33: 0.71862859 | D33: 0.96952419 | E33: 0.68229981
B34: 0.0085902417 | C34: 1.1396387 | D34: 0.1030829 | E34: 0.16920173
B35: 0.10385657 | C35: 0.056082547 | D35: 1.2462788 | E35: 0.79818494
B36: 0 | C36: 0 | D36: 0 | E36: 1.2727273 | G36: Identity Matrix 1
B37: Environmental Coeficient Matrix F [mio (t,t,m^2)/ mio $] | G37: 1 | H37: 0 | I37: 0 | J37: 0
A38: Mass [Mio t/ mio $] | B38: {=MMULT(B15:E17, B23:E26)} -> 1.4285714 | C38: 0.33333333 | D38: 0.2 | E38: 0.0625 | G38: 0 | H38: 1 | I38: 0 | J38: 0
A39: GHG Emmisons [Mio t/ mio$] | B39: 0.42857143 | C39: 0.066666667 | D39: 3.8 | E39: 0.0625 | G39: 0 | H39: 0 | I39: 1 | J39: 0
A40: Land Use [Mio m^2*year/ mio$] | B40: 1.2857143 | C40: 0.86666667 | D40: 7 | E40: 3.5625 | G40: 0 | H40: 0 | I40: 0 | J40: 1
B41: Environmental Footprint (F*L*y-hat) | G41: 1-A
A42: Mass [Mio t] | B42: {=MMULT(MMULT(B38:E40, B33:E36),G47:J50)} -> 0 | C42: 12.419125 | D42: 10.061967 | E42: 22.636693 | G42: =G37-B28 -> 0.8 | H42: =H37-C28 -> -0.47577093 | I42: =I37-D28 -> -0.58299595 | J42: =J37-E28 -> 0
A43: GHG Emmisons [Mio t] | B43: 0 | C43: 5.2303619 | D43: 31.1042 | E43: 60.879224 | G43: =G38-B29 -> 0 | H43: =H38-C29 -> 0.88105727 | I43: =I38-D29 -> -0.072874494 | J43: =J38-E29 -> -0.071428571
A44: Land Use [Mio m^2*year] | B44: 0 | C44: 20.18493 | D44: 60.660723 | E44: 198.6087 | G44: =G39-B30 -> -0.066666667 | H44: =H39-C30 -> 0 | I44: =I39-D30 -> 0.85425101 | J44: =J39-E30 -> -0.5
B45: Soy Agriculture | C45: Tofu Production | D45: Cow Farming | E45: Beef Processing | G45: =G40-B31 -> 0 | H45: =H40-C31 -> 0 | I45: =I40-D31 -> 0 | J45: =J40-E31 -> 0.78571429
G46: y-hat Matrix [1/ Mio $]
G47: =H3 -> 0 | H47: 0 | I47: 0 | J47: 0
G48: 0 | H48: =H4 -> 8.76 | I48: 0 | J48: 0
G49: 0 | H49: 0 | I49: =H5 -> 6.03 | J49: 0
G50: 0 | H50: 0 | I50: 0 | J50: =H6 -> 17.82
G51: v-hat Matrix [Mio $]
G52: =B7 -> 17.82 | H52: 0 | I52: 0 | J52: 0
A53: V= (v) hat * (1/x) hat * L * (y) hat | B53: Value Added Flow Matrix V | G53: 0 | H53: =C7 -> 5.52 | I53: 0 | J53: 0
B54: Soy Agriculture | C54: Tofu Production | D54: Cow Farming | E54: Beef Processing | F54: Sum | G54: 0 | H54: 0 | I54: =D7 -> 4.41 | J54: 0
A55: Soy Agriculture | B55: {=MMULT(MMULT(G52:J55,B23:E26), MMULT(B33:E36, G47:J50))} -> 0 | C55: 4.6164701 | D55: 4.287236 | E55: 8.916294 | F55: =Sum(B55:E55) -> 17.82 | G55: 0 | H55: 0 | I55: 0 | J55: =E7 -> 4.86
A56: Tofu Production | B56: 0 | C56: 4.0460689 | D56: 0.25192189 | E56: 1.2220092 | F56: =Sum(B56:E56) -> 5.52
A57: Cow Farming | B57: 0 | C57: 0.097461022 | D57: 1.4908421 | E57: 2.8216969 | F57: =Sum(B57:E57) -> 4.41
A58: Beef Processing | B58: 0 | C58: 0 | D58: 0 | E58: 4.86 | F58: =Sum(B58:E58) -> 4.86
B59: Soy Agriculture | C59: Tofu Production | D59: Cow Farming | E59: Beef Processing | F59: =SUM(F54:F58) -> 32.61
A60: Value Added Footprint (sum column) | B60: =SUM(B55:B58) -> 0 | C60: =SUM(C55:C58) -> 8.76 | D60: =SUM(D55:D58) -> 6.03 | E60: =SUM(E55:E58) -> 17.82 | F60: =SUM(B60:E60) -> 32.61
G61: v-hat/x Matrix 2
G62: =B7/I3 -> 0.73333333 | H62: 0 | I62: 0 | J62: 0
G63: 0 | H63: =C7/I4 -> 0.40528634 | I63: 0 | J63: 0
G64: 0 | H64: 0 | I64: =D7/I5 -> 0.19838057 | J64: 0
G65: 0 | H65: 0 | I65: 0 | J65: =E7/I6 -> 0.21428571

Sheet 2002
B1: Input-Output Table
A2: 2002 [Mio $] | B2: Soy Agriculture | C2: Tofu Production | D2: Cow Farming | E2: Beef Processing | F2: Y_Houshold | G2: Y_Government | H2: Y_Total_Demand | I2: X_Total Output
A3: Soy Agriculture | B3: 5.01 | C3: 6.68 | D3: 13.36 | E3: 0 | F3: 0 | G3: 0 | H3: =SUM(F3:G3) -> 0 | I3: =SUM(B3:G3) -> 25.05
A4: Tofu Production | B4: 0 | C4: 1.67 | D4: 1.67 | E4: 1.67 | F4: 9.45 | G4: 0 | H4: =SUM(F4:G4) -> 9.45 | I4: =SUM(B4:G4) -> 14.46
A5: Cow Farming | B5: 1.67 | C5: 0 | D5: 3.34 | E5: 11.69 | F5: 0 | G5: 6.54 | H5: =SUM(F5:G5) -> 6.54 | I5: =SUM(B5:G5) -> 23.24
A6: Beef Processing | B6: 0 | C6: 0 | D6: 0 | E6: 5.01 | F6: 18.37 | G6: 0 | H6: =SUM(F6:G6) -> 18.37 | I6: =SUM(B6:G6) -> 23.38
A7: Value Added | B7: =I3-B8 -> 18.37 | C7: =I4-C8 -> 6.11 | D7: =I5-D8 -> 4.87 | E7: =I6-E8 -> 5.01 | F7: =SUM(B7:E7) -> 34.36 | G7: GDP
A8: Sum Inter Industry Input | B8: =SUM(B2:B6) -> 6.68 | C8: =SUM(C2:C6) -> 8.35 | D8: =SUM(D2:D6) -> 18.37 | E8: =SUM(E2:E6) -> 18.37
A9: X_Total_Industry_Input | B9: =SUM(B3:B7) -> 25.05 | C9: =SUM(C3:C7) -> 14.46 | D9: =SUM(D3:D7) -> 23.24 | E9: =SUM(E3:E7) -> 23.38
B10: Environmental Multiplyers
A11: Mass Multiplyer [$/kg] | B11: 0.7 | C11: 3 | D11: 5 | E11: 16
A12: GHG Multiplyer [CO2e kg /kg] | B12: 0.3 | C12: 0.2 | D12: 19 | E12: 1
A13: Land Use Multiplyer [m^2*year/kg] | B13: 0.9 | C13: 2.6 | D13: 35 | E13: 57
B14: Environmental Extensions (scope 1) - M Matrix
A15: Mass [Mio t] | B15: =B9/B11 -> 35.785714 | C15: =C9/C11 -> 4.82 | D15: =D9/D11 -> 4.648 | E15: =E9/E11 -> 1.46125
A16: GHG Emmisons [Mio t] | B16: =B15*B12 -> 10.735714 | C16: =C15*C12 -> 0.964 | D16: =D15*D12 -> 88.312 | E16: =E15*E12 -> 1.46125
A17: Land Use [Mio m^2*year] | B17: =B15*B13 -> 32.207143 | C17: =C15*C13 -> 12.532 | D17: =D15*D13 -> 162.68 | E17: =E15*E13 -> 83.29125
B18: Soy Agriculture | C18: Tofu Production | D18: Cow Farming | E18: Beef Processing
B22: 1/x hat Matrix [1/ Mio $]
B23: =1/I3 -> 0.03992016 | C23: 0 | D23: 0 | E23: 0
B24: 0 | C24: =1/I4 -> 0.069156293 | D24: 0 | E24: 0
B25: 0 | C25: 0 | D25: =1/I5 -> 0.04302926 | E25: 0
B26: 0 | C26: 0 | D26: 0 | E26: =1/I6 -> 0.0427716
B27: Technical Coeficient Matrix A [no dim]
B28: {=MMULT(B3:E6, B23:E26)} -> 0.2 | C28: 0.46196404 | D28: 0.57487091 | E28: 0
B29: 0 | C29: 0.11549101 | D29: 0.071858864 | E29: 0.071428571
B30: 0.066666667 | C30: 0 | D30: 0.14371773 | E30: 0.5
B31: 0 | C31: 0 | D31: 0 | E31: 0.21428571
B32: Leonthief Inverse Matrix L [no dim]
B33: {=MINVERSE(G42:J45)} -> 1.32922 | C33: 0.69422907 | D33: 0.95064031 | E33: 0.66806466
B34: 0.0084074977 | C34: 1.1349619 | D34: 0.10088997 | E34: 0.16738106
B35: 0.10348768 | C35: 0.054049861 | D35: 1.2418522 | E35: 0.7951832
B36: 0 | C36: 0 | D36: 0 | E36: 1.2727273 | G36: Identity Matrix 1
B37: Environmental Coeficient Matrix F [mio (t,t,m^2)/ mio $] | G37: 1 | H37: 0 | I37: 0 | J37: 0
A38: Mass [Mio t/ mio $] | B38: {=MMULT(B15:E17, B23:E26)} -> 1.4285714 | C38: 0.33333333 | D38: 0.2 | E38: 0.0625 | G38: 0 | H38: 1 | I38: 0 | J38: 0
A39: GHG Emmisons [Mio t/ mio$] | B39: 0.42857143 | C39: 0.066666667 | D39: 3.8 | E39: 0.0625 | G39: 0 | H39: 0 | I39: 1 | J39: 0
A40: Land Use [Mio m^2*year/ mio$] | B40: 1.2857143 | C40: 0.86666667 | D40: 7 | E40: 3.5625 | G40: 0 | H40: 0 | I40: 0 | J40: 1
B41: Environmental Footprint (F*L*y-hat) | G41: 1-A
A42: Mass [Mio t] | B42: {=MMULT(MMULT(B38:E40, B33:E36),G47:J50)} -> 0 | C42: 13.049376 | D42: 10.725979 | E42: 22.939608 | G42: =G37-B28 -> 0.8 | H42: =H37-C28 -> -0.46196404 | I42: =I37-D28 -> -0.57487091 | J42: =J37-E28 -> 0
A43: GHG Emmisons [Mio t] | B43: 0 | C43: 5.4675842 | D43: 33.571008 | E43: 62.434372 | G43: =G38-B29 -> 0 | H43: =H38-C29 -> 0.88450899 | I43: =I38-D29 -> -0.071858864 | J43: =J38-E29 -> -0.071428571
A44: Land Use [Mio m^2*year] | B44: 0 | C44: 21.305619 | D44: 65.417365 | E44: 203.98741 | G44: =G39-B30 -> -0.066666667 | H44: =H39-C30 -> 0 | I44: =I39-D30 -> 0.85628227 | J44: =J39-E30 -> -0.5
B45: Soy Agriculture | C45: Tofu Production | D45: Cow Farming | E45: Beef Processing | G45: =G40-B31 -> 0 | H45: =H40-C31 -> 0 | I45: =I40-D31 -> 0 | J45: =J40-E31 -> 0.78571429
G46: y-hat Matrix [1/ Mio $]
G47: =H3 -> 0 | H47: 0 | I47: 0 | J47: 0
G48: 0 | H48: =H4 -> 9.45 | I48: 0 | J48: 0
G49: 0 | H49: 0 | I49: =H5 -> 6.54 | J49: 0
G50: 0 | H50: 0 | I50: 0 | J50: =H6 -> 18.37
G51: v-hat Matrix [Mio $]
G52: =B7 -> 18.37 | H52: 0 | I52: 0 | J52: 0
A53: V= (v) hat * (1/x) hat * L * (y) hat | B53: Value Added Flow Matrix V | G53: 0 | H53: =C7 -> 6.11 | I53: 0 | J53: 0
B54: Soy Agriculture | C54: Tofu Production | D54: Cow Farming | E54: Beef Processing | F54: Sum | G54: 0 | H54: 0 | I54: =D7 -> 4.87 | J54: 0
A55: Soy Agriculture | B55: {=MMULT(MMULT(G52:J55,B23:E26), MMULT(B33:E36, G47:J50))} -> 0 | C55: 4.8110074 | D55: 4.5592709 | E55: 8.9997217 | F55: =Sum(B55:E55) -> 18.37 | G55: 0 | H55: 0 | I55: 0 | J55: =E7 -> 5.01
A56: Tofu Production | B56: 0 | C56: 4.5319592 | D56: 0.27880379 | E56: 1.299237 | F56: =Sum(B56:E56) -> 6.11
A57: Cow Farming | B57: 0 | C57: 0.10703338 | D57: 1.7019253 | E57: 3.0610413 | F57: =Sum(B57:E57) -> 4.87
A58: Beef Processing | B58: 0 | C58: 0 | D58: 0 | E58: 5.01 | F58: =Sum(B58:E58) -> 5.01
B59: Soy Agriculture | C59: Tofu Production | D59: Cow Farming | E59: Beef Processing | F59: =SUM(F54:F58) -> 34.36
A60: Value Added Footprint (sum column) | B60: =SUM(B55:B58) -> 0 | C60: =SUM(C55:C58) -> 9.45 | D60: =SUM(D55:D58) -> 6.54 | E60: =SUM(E55:E58) -> 18.37 | F60: =SUM(B60:E60) -> 34.36
G61: v-hat/x Matrix 2
G62: =B7/I3 -> 0.73333333 | H62: 0 | I62: 0 | J62: 0
G63: 0 | H63: =C7/I4 -> 0.42254495 | I63: 0 | J63: 0
G64: 0 | H64: 0 | I64: =D7/I5 -> 0.2095525 | J64: 0
G65: 0 | H65: 0 | I65: 0 | J65: =E7/I6 -> 0.21428571

Sheet 2003
B1: Input-Output Table
A2: 2003 [Mio $] | B2: Soy Agriculture | C2: Tofu Production | D2: Cow Farming | E2: Beef Processing | F2: Y_Houshold | G2: Y_Government | H2: Y_Total_Demand | I2: X_Total Output
A3: Soy Agriculture | B3: 5.19 | C3: 6.92 | D3: 13.84 | E3: 0 | F3: 0 | G3: 0 | H3: =SUM(F3:G3) -> 0 | I3: =SUM(B3:G3) -> 25.95
A4: Tofu Production | B4: 0 | C4: 1.73 | D4: 1.73 | E4: 1.73 | F4: 10.63 | G4: 0 | H4: =SUM(F4:G4) -> 10.63 | I4: =SUM(B4:G4) -> 15.82
A5: Cow Farming | B5: 1.73 | C5: 0 | D5: 3.46 | E5: 12.11 | F5: 0 | G5: 6.99 | H5: =SUM(F5:G5) -> 6.99 | I5: =SUM(B5:G5) -> 24.29
A6: Beef Processing | B6: 0 | C6: 0 | D6: 0 | E6: 5.19 | F6: 19.03 | G6: 0 | H6: =SUM(F6:G6) -> 19.03 | I6: =SUM(B6:G6) -> 24.22
A7: Value Added | B7: =I3-B8 -> 19.03 | C7: =I4-C8 -> 7.17 | D7: =I5-D8 -> 5.26 | E7: =I6-E8 -> 5.19 | F7: =SUM(B7:E7) -> 36.65 | G7: GDP
A8: Sum Inter Industry Input | B8: =SUM(B2:B6) -> 6.92 | C8: =SUM(C2:C6) -> 8.65 | D8: =SUM(D2:D6) -> 19.03 | E8: =SUM(E2:E6) -> 19.03
A9: X_Total_Industry_Input | B9: =SUM(B3:B7) -> 25.95 | C9: =SUM(C3:C7) -> 15.82 | D9: =SUM(D3:D7) -> 24.29 | E9: =SUM(E3:E7) -> 24.22
B10: Environmental Multiplyers
A11: Mass Multiplyer [$/kg] | B11: 0.7 | C11: 3 | D11: 5 | E11: 16
A12: GHG Multiplyer [CO2e kg /kg] | B12: 0.3 | C12: 0.2 | D12: 19 | E12: 1
A13: Land Use Multiplyer [m^2*year/kg] | B13: 0.9 | C13: 2.6 | D13: 35 | E13: 57
B14: Environmental Extensions (scope 1) - M Matrix
A15: Mass [Mio t] | B15: =B9/B11 -> 37.071429 | C15: =C9/C11 -> 5.2733333 | D15: =D9/D11 -> 4.858 | E15: =E9/E11 -> 1.51375
A16: GHG Emmisons [Mio t] | B16: =B15*B12 -> 11.121429 | C16: =C15*C12 -> 1.0546667 | D16: =D15*D12 -> 92.302 | E16: =E15*E12 -> 1.51375
A17: Land Use [Mio m^2*year] | B17: =B15*B13 -> 33.364286 | C17: =C15*C13 -> 13.710667 | D17: =D15*D13 -> 170.03 | E17: =E15*E13 -> 86.28375
B18: Soy Agriculture | C18: Tofu Production | D18: Cow Farming | E18: Beef Processing
B22: 1/x hat Matrix [1/ Mio $]
B23: =1/I3 -> 0.038535645 | C23: 0 | D23: 0 | E23: 0
B24: 0 | C24: =1/I4 -> 0.063211125 | D24: 0 | E24: 0
B25: 0 | C25: 0 | D25: =1/I5 -> 0.041169205 | E25: 0
B26: 0 | C26: 0 | D26: 0 | E26: =1/I6 -> 0.041288192
B27: Technical Coeficient Matrix A [no dim]
B28: {=MMULT(B3:E6, B23:E26)} -> 0.2 | C28: 0.43742099 | D28: 0.5697818 | E28: 0
B29: 0 | C29: 0.10935525 | D29: 0.071222725 | E29: 0.071428571
B30: 0.066666667 | C30: 0 | D30: 0.14244545 | E30: 0.5
B31: 0 | C31: 0 | D31: 0 | E31: 0.21428571
B32: Leonthief Inverse Matrix L [no dim]
B33: {=MINVERSE(G42:J45)} -> 1.3280467 | C33: 0.65224151 | D33: 0.93655994 | E33: 0.65528737
B34: 0.0082560895 | C34: 1.1268369 | D34: 0.099073075 | E34: 0.16548622
B35: 0.10324293 | C35: 0.050705541 | D35: 1.2389152 | E35: 0.79301015
B36: 0 | C36: 0 | D36: 0 | E36: 1.2727273 | G36: Identity Matrix 1
B37: Environmental Coeficient Matrix F [mio (t,t,m^2)/ mio $] | G37: 1 | H37: 0 | I37: 0 | J37: 0
A38: Mass [Mio t/ mio $] | B38: {=MMULT(B15:E17, B23:E26)} -> 1.4285714 | C38: 0.33333333 | D38: 0.2 | E38: 0.0625 | G38: 0 | H38: 1 | I38: 0 | J38: 0
A39: GHG Emmisons [Mio t/ mio$] | B39: 0.42857143 | C39: 0.066666667 | D39: 3.8 | E39: 0.0625 | G39: 0 | H39: 0 | I39: 1 | J39: 0
A40: Land Use [Mio m^2*year/ mio$] | B40: 1.2857143 | C40: 0.86666667 | D40: 7 | E40: 3.5625 | G40: 0 | H40: 0 | I40: 0 | J40: 1
B41: Environmental Footprint (F*L*y-hat) | G41: 1-A
A42: Mass [Mio t] | B42: {=MMULT(MMULT(B38:E40, B33:E36),G47:J50)} -> 0 | C42: 14.005312 | D42: 11.315064 | E42: 23.396136 | G42: =G37-B28 -> 0.8 | H42: =H37-C28 -> -0.43742099 | I42: =I37-D28 -> -0.5697818 | J42: =J37-E28 -> 0
A43: GHG Emmisons [Mio t] | B43: 0 | C43: 5.8181774 | D43: 35.759898 | E43: 64.413769 | G43: =G38-B29 -> 0 | H43: =H38-C29 -> 0.89064475 | I43: =I38-D29 -> -0.071222725 | J43: =J38-E29 -> -0.071428571
A44: Land Use [Mio m^2*year] | B44: 0 | C44: 23.06845 | D44: 69.637301 | E44: 210.68295 | G44: =G39-B30 -> -0.066666667 | H44: =H39-C30 -> 0 | I44: =I39-D30 -> 0.85755455 | J44: =J39-E30 -> -0.5
B45: Soy Agriculture | C45: Tofu Production | D45: Cow Farming | E45: Beef Processing | G45: =G40-B31 -> 0 | H45: =H40-C31 -> 0 | I45: =I40-D31 -> 0 | J45: =J40-E31 -> 0.78571429
G46: y-hat Matrix [1/ Mio $]
G47: =H3 -> 0 | H47: 0 | I47: 0 | J47: 0
G48: 0 | H48: =H4 -> 10.63 | I48: 0 | J48: 0
G49: 0 | H49: 0 | I49: =H5 -> 6.99 | J49: 0
G50: 0 | H50: 0 | I50: 0 | J50: =H6 -> 19.03
G51: v-hat Matrix [Mio $]
G52: =B7 -> 19.03 | H52: 0 | I52: 0 | J52: 0
A53: V= (v) hat * (1/x) hat * L * (y) hat | B53: Value Added Flow Matrix V | G53: 0 | H53: =C7 -> 7.17 | I53: 0 | J53: 0
B54: Soy Agriculture | C54: Tofu Production | D54: Cow Farming | E54: Beef Processing | F54: Sum | G54: 0 | H54: 0 | I54: =D7 -> 5.26 | J54: 0
A55: Soy Agriculture | B55: {=MMULT(MMULT(G52:J55,B23:E26), MMULT(B33:E36, G47:J50))} -> 0 | C55: 5.08444 | D55: 4.8008063 | E55: 9.1447537 | F55: =Sum(B55:E55) -> 19.03 | G55: 0 | H55: 0 | I55: 0 | J55: =E7 -> 5.19
A56: Tofu Production | B56: 0 | C56: 5.4288396 | D56: 0.31386688 | E56: 1.4272936 | F56: =Sum(B56:E56) -> 7.17
A57: Cow Farming | B57: 0 | C57: 0.11672044 | D57: 1.8753268 | E57: 3.2679527 | F57: =Sum(B57:E57) -> 5.26
A58: Beef Processing | B58: 0 | C58: 0 | D58: 0 | E58: 5.19 | F58: =Sum(B58:E58) -> 5.19
B59: Soy Agriculture | C59: Tofu Production | D59: Cow Farming | E59: Beef Processing | F59: =SUM(F54:F58) -> 36.65
A60: Value Added Footprint (sum column) | B60: =SUM(B55:B58) -> 0 | C60: =SUM(C55:C58) -> 10.63 | D60: =SUM(D55:D58) -> 6.99 | E60: =SUM(E55:E58) -> 19.03 | F60: =SUM(B60:E60) -> 36.65
G61: v-hat/x Matrix 2
G62: =B7/I3 -> 0.73333333 | H62: 0 | I62: 0 | J62: 0
G63: 0 | H63: =C7/I4 -> 0.45322377 | I63: 0 | J63: 0
G64: 0 | H64: 0 | I64: =D7/I5 -> 0.21655002 | J64: 0
G65: 0 | H65: 0 | I65: 0 | J65: =E7/I6 -> 0.21428571

Sheet 2004
B1: Input-Output Table
A2: 2004 [Mio $] | B2: Soy Agriculture | C2: Tofu Production | D2: Cow Farming | E2: Beef Processing | F2: Y_Houshold | G2: Y_Government | H2: Y_Total_Demand | I2: X_Total Output
A3: Soy Agriculture | B3: 5.37 | C3: 7.16 | D3: 14.32 | E3: 0 | F3: 0 | G3: 0 | H3: =SUM(F3:G3) -> 0 | I3: =SUM(B3:G3) -> 26.85
A4: Tofu Production | B4: 0 | C4: 1.79 | D4: 1.79 | E4: 1.79 | F4: 12.04 | G4: 0 | H4: =SUM(F4:G4) -> 12.04 | I4: =SUM(B4:G4) -> 17.41
A5: Cow Farming | B5: 1.79 | C5: 0 | D5: 3.58 | E5: 12.53 | F5: 0 | G5: 7.66 | H5: =SUM(F5:G5) -> 7.66 | I5: =SUM(B5:G5) -> 25.56
A6: Beef Processing | B6: 0 | C6: 0 | D6: 0 | E6: 5.37 | F6: 19.69 | G6: 0 | H6: =SUM(F6:G6) -> 19.69 | I6: =SUM(B6:G6) -> 25.06
A7: Value Added | B7: =I3-B8 -> 19.69 | C7: =I4-C8 -> 8.46 | D7: =I5-D8 -> 5.87 | E7: =I6-E8 -> 5.37 | F7: =SUM(B7:E7) -> 39.39 | G7: GDP
A8: Sum Inter Industry Input | B8: =SUM(B2:B6) -> 7.16 | C8: =SUM(C2:C6) -> 8.95 | D8: =SUM(D2:D6) -> 19.69 | E8: =SUM(E2:E6) -> 19.69
A9: X_Total_Industry_Input | B9: =SUM(B3:B7) -> 26.85 | C9: =SUM(C3:C7) -> 17.41 | D9: =SUM(D3:D7) -> 25.56 | E9: =SUM(E3:E7) -> 25.06
B10: Environmental Multiplyers
A11: Mass Multiplyer [$/kg] | B11: 0.7 | C11: 3 | D11: 5 | E11: 16
A12: GHG Multiplyer [CO2e kg /kg] | B12: 0.3 | C12: 0.2 | D12: 19 | E12: 1
A13: Land Use Multiplyer [m^2*year/kg] | B13: 0.9 | C13: 2.6 | D13: 35 | E13: 57
B14: Environmental Extensions (scope 1) - M Matrix
A15: Mass [Mio t] | B15: =B9/B11 -> 38.357143 | C15: =C9/C11 -> 5.8033333 | D15: =D9/D11 -> 5.112 | E15: =E9/E11 -> 1.56625
A16: GHG Emmisons [Mio t] | B16: =B15*B12 -> 11.507143 | C16: =C15*C12 -> 1.1606667 | D16: =D15*D12 -> 97.128 | E16: =E15*E12 -> 1.56625
A17: Land Use [Mio m^2*year] | B17: =B15*B13 -> 34.521429 | C17: =C15*C13 -> 15.088667 | D17: =D15*D13 -> 178.92 | E17: =E15*E13 -> 89.27625
B18: Soy Agriculture | C18: Tofu Production | D18: Cow Farming | E18: Beef Processing
B22: 1/x hat Matrix [1/ Mio $]
B23: =1/I3 -> 0.037243948 | C23: 0 | D23: 0 | E23: 0
B24: 0 | C24: =1/I4 -> 0.057438254 | D24: 0 | E24: 0
B25: 0 | C25: 0 | D25: =1/I5 -> 0.039123631 | E25: 0
B26: 0 | C26: 0 | D26: 0 | E26: =1/I6 -> 0.03990423
B27: Technical Coeficient Matrix A [no dim]
B28: {=MMULT(B3:E6, B23:E26)} -> 0.2 | C28: 0.4112579 | D28: 0.56025039 | E28: 0
B29: 0 | C29: 0.10281447 | D29: 0.070031299 | E29: 0.071428571
B30: 0.066666667 | C30: 0 | D30: 0.1400626 | E30: 0.5
B31: 0 | C31: 0 | D31: 0 | E31: 0.21428571
B32: Leonthief Inverse Matrix L [no dim]
B33: {=MINVERSE(G42:J45)} -> 1.3261229 | C33: 0.60787709 | D33: 0.91347498 | E33: 0.63656382
B34: 0.0080248256 | C34: 1.1182751 | D34: 0.096297908 | E34: 0.16294186
B35: 0.10280771 | C35: 0.047125685 | D35: 1.2336925 | E35: 0.78936121
B36: 0 | C36: 0 | D36: 0 | E36: 1.2727273 | G36: Identity Matrix 1
B37: Environmental Coeficient Matrix F [mio (t,t,m^2)/ mio $] | G37: 1 | H37: 0 | I37: 0 | J37: 0
A38: Mass [Mio t/ mio $] | B38: {=MMULT(B15:E17, B23:E26)} -> 1.4285714 | C38: 0.33333333 | D38: 0.2 | E38: 0.0625 | G38: 0 | H38: 1 | I38: 0 | J38: 0
A39: GHG Emmisons [Mio t/ mio$] | B39: 0.42857143 | C39: 0.066666667 | D39: 3.8 | E39: 0.0625 | G39: 0 | H39: 0 | I39: 1 | J39: 0
A40: Land Use [Mio m^2*year/ mio$] | B40: 1.2857143 | C40: 0.86666667 | D40: 7 | E40: 3.5625 | G40: 0 | H40: 0 | I40: 0 | J40: 1
B41: Environmental Footprint (F*L*y-hat) | G41: 1-A
A42: Mass [Mio t] | B42: {=MMULT(MMULT(B38:E40, B33:E36),G47:J50)} -> 0 | C42: 15.056975 | D42: 12.131924 | E42: 23.649827 | G42: =G37-B28 -> 0.8 | H42: =H37-C28 -> -0.4112579 | I42: =I37-D28 -> -0.56025039 | J42: =J37-E28 -> 0
A43: GHG Emmisons [Mio t] | B43: 0 | C43: 6.1903423 | D43: 38.958306 | E43: 66.213412 | G43: =G38-B29 -> 0 | H43: =H38-C29 -> 0.89718553 | I43: =I38-D29 -> -0.070031299 | J43: =J38-E29 -> -0.071428571
A44: Land Use [Mio m^2*year] | B44: 0 | C44: 25.050518 | D44: 75.786306 | E44: 216.96952 | G44: =G39-B30 -> -0.066666667 | H44: =H39-C30 -> 0 | I44: =I39-D30 -> 0.8599374 | J44: =J39-E30 -> -0.5
B45: Soy Agriculture | C45: Tofu Production | D45: Cow Farming | E45: Beef Processing | G45: =G40-B31 -> 0 | H45: =H40-C31 -> 0 | I45: =I40-D31 -> 0 | J45: =J40-E31 -> 0.78571429
G46: y-hat Matrix [1/ Mio $]
G47: =H3 -> 0 | H47: 0 | I47: 0 | J47: 0
G48: 0 | H48: =H4 -> 12.04 | I48: 0 | J48: 0
G49: 0 | H49: 0 | I49: =H5 -> 7.66 | J49: 0
G50: 0 | H50: 0 | I50: 0 | J50: =H6 -> 19.69
G51: v-hat Matrix [Mio $]
G52: =B7 -> 19.69 | H52: 0 | I52: 0 | J52: 0
A53: V= (v) hat * (1/x) hat * L * (y) hat | B53: Value Added Flow Matrix V | G53: 0 | H53: =C7 -> 8.46 | I53: 0 | J53: 0
B54: Soy Agriculture | C54: Tofu Production | D54: Cow Farming | E54: Beef Processing | F54: Sum | G54: 0 | H54: 0 | I54: =D7 -> 5.87 | J54: 0
A55: Soy Agriculture | B55: {=MMULT(MMULT(G52:J55,B23:E26), MMULT(B33:E36, G47:J50))} -> 0 | C55: 5.3671494 | D55: 5.1312935 | E55: 9.1915571 | F55: =Sum(B55:E55) -> 19.69 | G55: 0 | H55: 0 | I55: 0 | J55: =E7 -> 5.37
A56: Tofu Production | B56: 0 | C56: 6.5425455 | D56: 0.35844061 | E56: 1.5590139 | F56: =Sum(B56:E56) -> 8.46
A57: Cow Farming | B57: 0 | C57: 0.1303051 | D57: 2.1702659 | E57: 3.569429 | F57: =Sum(B57:E57) -> 5.87
A58: Beef Processing | B58: 0 | C58: 0 | D58: 0 | E58: 5.37 | F58: =Sum(B58:E58) -> 5.37
B59: Soy Agriculture | C59: Tofu Production | D59: Cow Farming | E59: Beef Processing | F59: =SUM(F54:F58) -> 39.39
A60: Value Added Footprint (sum column) | B60: =SUM(B55:B58) -> 0 | C60: =SUM(C55:C58) -> 12.04 | D60: =SUM(D55:D58) -> 7.66 | E60: =SUM(E55:E58) -> 19.69 | F60: =SUM(B60:E60) -> 39.39
G61: v-hat/x Matrix 2
G62: =B7/I3 -> 0.73333333 | H62: 0 | I62: 0 | J62: 0
G63: 0 | H63: =C7/I4 -> 0.48592763 | I63: 0 | J63: 0
G64: 0 | H64: 0 | I64: =D7/I5 -> 0.22965571 | J64: 0
G65: 0 | H65: 0 | I65: 0 | J65: =E7/I6 -> 0.21428571

Sheet 2005
B1: Input-Output Table
A2: 2005 [Mio $] | B2: Soy Agriculture | C2: Tofu Production | D2: Cow Farming | E2: Beef Processing | F2: Y_Houshold | G2: Y_Government | H2: Y_Total_Demand | I2: X_Total Output
A3: Soy Agriculture | B3: 5.55 | C3: 7.4 | D3: 14.8 | E3: 0 | F3: 0 | G3: 0 | H3: =SUM(F3:G3) -> 0 | I3: =SUM(B3:G3) -> 27.75
A4: Tofu Production | B4: 0 | C4: 1.85 | D4: 1.85 | E4: 1.85 | F4: 13.25 | G4: 0 | H4: =SUM(F4:G4) -> 13.25 | I4: =SUM(B4:G4) -> 18.8
A5: Cow Farming | B5: 1.85 | C5: 0 | D5: 3.7 | E5: 12.95 | F5: 0 | G5: 7.33 | H5: =SUM(F5:G5) -> 7.33 | I5: =SUM(B5:G5) -> 25.83
A6: Beef Processing | B6: 0 | C6: 0 | D6: 0 | E6: 5.55 | F6: 20.35 | G6: 0 | H6: =SUM(F6:G6) -> 20.35 | I6: =SUM(B6:G6) -> 25.9
A7: Value Added | B7: =I3-B8 -> 20.35 | C7: =I4-C8 -> 9.55 | D7: =I5-D8 -> 5.48 | E7: =I6-E8 -> 5.55 | F7: =SUM(B7:E7) -> 40.93 | G7: GDP
A8: Sum Inter Industry Input | B8: =SUM(B2:B6) -> 7.4 | C8: =SUM(C2:C6) -> 9.25 | D8: =SUM(D2:D6) -> 20.35 | E8: =SUM(E2:E6) -> 20.35
A9: X_Total_Industry_Input | B9: =SUM(B3:B7) -> 27.75 | C9: =SUM(C3:C7) -> 18.8 | D9: =SUM(D3:D7) -> 25.83 | E9: =SUM(E3:E7) -> 25.9
B10: Environmental Multiplyers
A11: Mass Multiplyer [$/kg] | B11: 0.7 | C11: 3 | D11: 5 | E11: 16
A12: GHG Multiplyer [CO2e kg /kg] | B12: 0.3 | C12: 0.2 | D12: 19 | E12: 1
A13: Land Use Multiplyer [m^2*year/kg] | B13: 0.9 | C13: 2.6 | D13: 35 | E13: 57
B14: Environmental Extensions (scope 1) - M Matrix
A15: Mass [Mio t] | B15: =B9/B11 -> 39.642857 | C15: =C9/C11 -> 6.2666667 | D15: =D9/D11 -> 5.166 | E15: =E9/E11 -> 1.61875
A16: GHG Emmisons [Mio t] | B16: =B15*B12 -> 11.892857 | C16: =C15*C12 -> 1.2533333 | D16: =D15*D12 -> 98.154 | E16: =E15*E12 -> 1.61875
A17: Land Use [Mio m^2*year] | B17: =B15*B13 -> 35.678571 | C17: =C15*C13 -> 16.293333 | D17: =D15*D13 -> 180.81 | E17: =E15*E13 -> 92.26875
B18: Soy Agriculture | C18: Tofu Production | D18: Cow Farming | E18: Beef Processing
B22: 1/x hat Matrix [1/ Mio $]
B23: =1/I3 -> 0.036036036 | C23: 0 | D23: 0 | E23: 0
B24: 0 | C24: =1/I4 -> 0.053191489 | D24: 0 | E24: 0
B25: 0 | C25: 0 | D25: =1/I5 -> 0.038714673 | E25: 0
B26: 0 | C26: 0 | D26: 0 | E26: =1/I6 -> 0.038610039
B27: Technical Coeficient Matrix A [no dim]
B28: {=MMULT(B3:E6, B23:E26)} -> 0.2 | C28: 0.39361702 | D28: 0.57297716 | E28: 0
B29: 0 | C29: 0.098404255 | D29: 0.071622145 | E29: 0.071428571
B30: 0.066666667 | C30: 0 | D30: 0.14324429 | E30: 0.5
B31: 0 | C31: 0 | D31: 0 | E31: 0.21428571
B32: Leonthief Inverse Matrix L [no dim]
B33: {=MINVERSE(G42:J45)} -> 1.3280532 | C33: 0.57979905 | D33: 0.93663877 | E33: 0.64875186
B34: 0.0082092349 | C34: 1.1127285 | D34: 0.098510819 | E34: 0.16384584
B35: 0.1033397 | C35: 0.045115859 | D35: 1.2400765 | E35: 0.793241
B36: 0 | C36: 0 | D36: 0 | E36: 1.2727273 | G36: Identity Matrix 1
B37: Environmental Coeficient Matrix F [mio (t,t,m^2)/ mio $] | G37: 1 | H37: 0 | I37: 0 | J37: 0
A38: Mass [Mio t/ mio $] | B38: {=MMULT(B15:E17, B23:E26)} -> 1.4285714 | C38: 0.33333333 | D38: 0.2 | E38: 0.0625 | G38: 0 | H38: 1 | I38: 0 | J38: 0
A39: GHG Emmisons [Mio t/ mio$] | B39: 0.42857143 | C39: 0.066666667 | D39: 3.8 | E39: 0.0625 | G39: 0 | H39: 0 | I39: 1 | J39: 0
A40: Land Use [Mio m^2*year/ mio$] | B40: 1.2857143 | C40: 0.86666667 | D40: 7 | E40: 3.5625 | G40: 0 | H40: 0 | I40: 0 | J40: 1
B41: Environmental Footprint (F*L*y-hat) | G41: 1-A
A42: Mass [Mio t] | B42: {=MMULT(MMULT(B38:E40, B33:E36),G47:J50)} -> 0 | C42: 16.008876 | D42: 11.866593 | E42: 24.818805 | G42: =G37-B28 -> 0.8 | H42: =H37-C28 -> -0.39361702 | I42: =I37-D28 -> -0.57297716 | J42: =J37-E28 -> 0
A43: GHG Emmisons [Mio t] | B43: 0 | C43: 6.546924 | D43: 37.531612 | E43: 68.840404 | G43: =G38-B29 -> 0 | H43: =H38-C29 -> 0.90159574 | I43: =I38-D29 -> -0.071622145 | J43: =J38-E29 -> -0.071428571
A44: Land Use [Mio m^2*year] | B44: 0 | C44: 26.839619 | D44: 73.081281 | E44: 225.12975 | G44: =G39-B30 -> -0.066666667 | H44: =H39-C30 -> 0 | I44: =I39-D30 -> 0.85675571 | J44: =J39-E30 -> -0.5
B45: Soy Agriculture | C45: Tofu Production | D45: Cow Farming | E45: Beef Processing | G45: =G40-B31 -> 0 | H45: =H40-C31 -> 0 | I45: =I40-D31 -> 0 | J45: =J40-E31 -> 0.78571429
G46: y-hat Matrix [1/ Mio $]
G47: =H3 -> 0 | H47: 0 | I47: 0 | J47: 0
G48: 0 | H48: =H4 -> 13.25 | I48: 0 | J48: 0
G49: 0 | H49: 0 | I49: =H5 -> 7.33 | J49: 0
G50: 0 | H50: 0 | I50: 0 | J50: =H6 -> 20.35
G51: v-hat Matrix [Mio $]
G52: =B7 -> 20.35 | H52: 0 | I52: 0 | J52: 0
A53: V= (v) hat * (1/x) hat * L * (y) hat | B53: Value Added Flow Matrix V | G53: 0 | H53: =C7 -> 9.55 | I53: 0 | J53: 0
B54: Soy Agriculture | C54: Tofu Production | D54: Cow Farming | E54: Beef Processing | F54: Sum | G54: 0 | H54: 0 | I54: =D7 -> 5.48 | J54: 0
A55: Soy Agriculture | B55: {=MMULT(MMULT(G52:J55,B23:E26), MMULT(B33:E36, G47:J50))} -> 0 | C55: 5.6337141 | D55: 5.0347456 | E55: 9.6815403 | F55: =Sum(B55:E55) -> 20.35 | G55: 0 | H55: 0 | I55: 0 | J55: =E7 -> 5.55
A56: Tofu Production | B56: 0 | C56: 7.4894619 | D56: 0.36680346 | E56: 1.6937346 | F56: =Sum(B56:E56) -> 9.55
A57: Cow Farming | B57: 0 | C57: 0.12682395 | D57: 1.9284509 | E57: 3.4247251 | F57: =Sum(B57:E57) -> 5.48
A58: Beef Processing | B58: 0 | C58: 0 | D58: 0 | E58: 5.55 | F58: =Sum(B58:E58) -> 5.55
B59: Soy Agriculture | C59: Tofu Production | D59: Cow Farming | E59: Beef Processing | F59: =SUM(F54:F58) -> 40.93
A60: Value Added Footprint (sum column) | B60: =SUM(B55:B58) -> 0 | C60: =SUM(C55:C58) -> 13.25 | D60: =SUM(D55:D58) -> 7.33 | E60: =SUM(E55:E58) -> 20.35 | F60: =SUM(B60:E60) -> 40.93
G61: v-hat/x Matrix 2
G62: =B7/I3 -> 0.73333333 | H62: 0 | I62: 0 | J62: 0
G63: 0 | H63: =C7/I4 -> 0.50797872 | I63: 0 | J63: 0
G64: 0 | H64: 0 | I64: =D7/I5 -> 0.21215641 | J64: 0
G65: 0 | H65: 0 | I65: 0 | J65: =E7/I6 -> 0.21428571

Sheet 2006
B1: Input-Output Table
A2: 2006 [Mio $] | B2: Soy Agriculture | C2: Tofu Production | D2: Cow Farming | E2: Beef Processing | F2: Y_Houshold | G2: Y_Government | H2: Y_Total_Demand | I2: X_Total Output
A3: Soy Agriculture | B3: 5.76 | C3: 7.68 | D3: 15.36 | E3: 0 | F3: 0 | G3: 0 | H3: =SUM(F3:G3) -> 0 | I3: =SUM(B3:G3) -> 28.8
A4: Tofu Production | B4: 0 | C4: 1.92 | D4: 1.92 | E4: 1.92 | F4: 14.33 | G4: 0 | H4: =SUM(F4:G4) -> 14.33 | I4: =SUM(B4:G4) -> 20.09
A5: Cow Farming | B5: 1.92 | C5: 0 | D5: 3.84 | E5: 13.44 | F5: 0 | G5: 6.78 | H5: =SUM(F5:G5) -> 6.78 | I5: =SUM(B5:G5) -> 25.98
A6: Beef Processing | B6: 0 | C6: 0 | D6: 0 | E6: 5.76 | F6: 21.12 | G6: 0 | H6: =SUM(F6:G6) -> 21.12 | I6: =SUM(B6:G6) -> 26.88
A7: Value Added | B7: =I3-B8 -> 21.12 | C7: =I4-C8 -> 10.49 | D7: =I5-D8 -> 4.86 | E7: =I6-E8 -> 5.76 | F7: =SUM(B7:E7) -> 42.23 | G7: GDP
A8: Sum Inter Industry Input | B8: =SUM(B2:B6) -> 7.68 | C8: =SUM(C2:C6) -> 9.6 | D8: =SUM(D2:D6) -> 21.12 | E8: =SUM(E2:E6) -> 21.12
A9: X_Total_Industry_Input | B9: =SUM(B3:B7) -> 28.8 | C9: =SUM(C3:C7) -> 20.09 | D9: =SUM(D3:D7) -> 25.98 | E9: =SUM(E3:E7) -> 26.88
B10: Environmental Multiplyers
A11: Mass Multiplyer [$/kg] | B11: 0.7 | C11: 3 | D11: 5 | E11: 16
A12: GHG Multiplyer [CO2e kg /kg] | B12: 0.3 | C12: 0.2 | D12: 19 | E12: 1
A13: Land Use Multiplyer [m^2*year/kg] | B13: 0.9 | C13: 2.6 | D13: 35 | E13: 57
B14: Environmental Extensions (scope 1) - M Matrix
A15: Mass [Mio t] | B15: =B9/B11 -> 41.142857 | C15: =C9/C11 -> 6.6966667 | D15: =D9/D11 -> 5.196 | E15: =E9/E11 -> 1.68
A16: GHG Emmisons [Mio t] | B16: =B15*B12 -> 12.342857 | C16: =C15*C12 -> 1.3393333 | D16: =D15*D12 -> 98.724 | E16: =E15*E12 -> 1.68
A17: Land Use [Mio m^2*year] | B17: =B15*B13 -> 37.028571 | C17: =C15*C13 -> 17.411333 | D17: =D15*D13 -> 181.86 | E17: =E15*E13 -> 95.76
B18: Soy Agriculture | C18: Tofu Production | D18: Cow Farming | E18: Beef Processing
B22: 1/x hat Matrix [1/ Mio $]
B23: =1/I3 -> 0.034722222 | C23: 0 | D23: 0 | E23: 0
B24: 0 | C24: =1/I4 -> 0.049776008 | D24: 0 | E24: 0
B25: 0 | C25: 0 | D25: =1/I5 -> 0.038491147 | E25: 0
B26: 0 | C26: 0 | D26: 0 | E26: =1/I6 -> 0.037202381
B27: Technical Coeficient Matrix A [no dim]
B28: {=MMULT(B3:E6, B23:E26)} -> 0.2 | C28: 0.38227974 | D28: 0.59122402 | E28: 0
B29: 0 | C29: 0.095569935 | D29: 0.073903002 | E29: 0.071428571
B30: 0.066666667 | C30: 0 | D30: 0.147806 | E30: 0.5
B31: 0 | C31: 0 | D31: 0 | E31: 0.21428571
B32: Leonthief Inverse Matrix L [no dim]
B33: {=MINVERSE(G42:J45)} -> 1.331017 | C33: 0.56258725 | D33: 0.97220362 | E33: 0.66981933
B34: 0.008508264 | C34: 1.1092649 | D34: 0.10209917 | E34: 0.16581446
B35: 0.10412472 | C35: 0.04401089 | D35: 1.2494967 | E35: 0.79913525
B36: 0 | C36: 0 | D36: 0 | E36: 1.2727273 | G36: Identity Matrix 1
B37: Environmental Coeficient Matrix F [mio (t,t,m^2)/ mio $] | G37: 1 | H37: 0 | I37: 0 | J37: 0
A38: Mass [Mio t/ mio $] | B38: {=MMULT(B15:E17, B23:E26)} -> 1.4285714 | C38: 0.33333333 | D38: 0.2 | E38: 0.0625 | G38: 0 | H38: 1 | I38: 0 | J38: 0
A39: GHG Emmisons [Mio t/ mio$] | B39: 0.42857143 | C39: 0.066666667 | D39: 3.8 | E39: 0.0625 | G39: 0 | H39: 0 | I39: 1 | J39: 0
A40: Land Use [Mio m^2*year/ mio$] | B40: 1.2857143 | C40: 0.86666667 | D40: 7 | E40: 3.5625 | G40: 0 | H40: 0 | I40: 0 | J40: 1
B41: Environmental Footprint (F*L*y-hat) | G41: 1-A
A42: Mass [Mio t] | B42: {=MMULT(MMULT(B38:E40, B33:E36),G47:J50)} -> 0 | C42: 16.941689 | D42: 11.341548 | E42: 26.432287 | G42: =G37-B28 -> 0.8 | H42: =H37-C28 -> -0.38227974 | I42: =I37-D28 -> -0.59122402 | J42: =J37-E28 -> 0
A43: GHG Emmisons [Mio t] | B43: 0 | C43: 6.9113762 | D43: 35.063127 | E43: 72.111687 | G43: =G38-B29 -> 0 | H43: =H38-C29 -> 0.90443006 | I43: =I38-D29 -> -0.073903002 | J43: =J38-E29 -> -0.071428571
A44: Land Use [Mio m^2*year] | B44: 0 | C44: 28.556331 | D44: 68.375885 | E44: 235.12769 | G44: =G39-B30 -> -0.066666667 | H44: =H39-C30 -> 0 | I44: =I39-D30 -> 0.852194 | J44: =J39-E30 -> -0.5
B45: Soy Agriculture | C45: Tofu Production | D45: Cow Farming | E45: Beef Processing | G45: =G40-B31 -> 0 | H45: =H40-C31 -> 0 | I45: =I40-D31 -> 0 | J45: =J40-E31 -> 0.78571429
G46: y-hat Matrix [1/ Mio $]
G47: =H3 -> 0 | H47: 0 | I47: 0 | J47: 0
G48: 0 | H48: =H4 -> 14.33 | I48: 0 | J48: 0
G49: 0 | H49: 0 | I49: =H5 -> 6.78 | J49: 0
G50: 0 | H50: 0 | I50: 0 | J50: =H6 -> 21.12
G51: v-hat Matrix [Mio $]
G52: =B7 -> 21.12 | H52: 0 | I52: 0 | J52: 0
A53: V= (v) hat * (1/x) hat * L * (y) hat | B53: Value Added Flow Matrix V | G53: 0 | H53: =C7 -> 10.49 | I53: 0 | J53: 0
B54: Soy Agriculture | C54: Tofu Production | D54: Cow Farming | E54: Beef Processing | F54: Sum | G54: 0 | H54: 0 | I54: =D7 -> 4.86 | J54: 0
A55: Soy Agriculture | B55: {=MMULT(MMULT(G52:J55,B23:E26), MMULT(B33:E36, G47:J50))} -> 0 | C55: 5.9120419 | D55: 4.8337964 | E55: 10.374162 | F55: =Sum(B55:E55) -> 21.12 | G55: 0 | H55: 0 | I55: 0 | J55: =E7 -> 5.76
A56: Tofu Production | B56: 0 | C56: 8.2999795 | D56: 0.36144935 | E56: 1.8285712 | F56: =Sum(B56:E56) -> 10.49
A57: Cow Farming | B57: 0 | C57: 0.11797866 | D57: 1.5847543 | E57: 3.1572671 | F57: =Sum(B57:E57) -> 4.86
A58: Beef Processing | B58: 0 | C58: 0 | D58: 0 | E58: 5.76 | F58: =Sum(B58:E58) -> 5.76
B59: Soy Agriculture | C59: Tofu Production | D59: Cow Farming | E59: Beef Processing | F59: =SUM(F54:F58) -> 42.23
A60: Value Added Footprint (sum column) | B60: =SUM(B55:B58) -> 0 | C60: =SUM(C55:C58) -> 14.33 | D60: =SUM(D55:D58) -> 6.78 | E60: =SUM(E55:E58) -> 21.12 | F60: =SUM(B60:E60) -> 42.23
G61: v-hat/x Matrix 2
G62: =B7/I3 -> 0.73333333 | H62: 0 | I62: 0 | J62: 0
G63: 0 | H63: =C7/I4 -> 0.52215032 | I63: 0 | J63: 0
G64: 0 | H64: 0 | I64: =D7/I5 -> 0.18706697 | J64: 0
G65: 0 | H65: 0 | I65: 0 | J65: =E7/I6 -> 0.21428571

Sheet 2007
B1: Input-Output Table
A2: 2007 [Mio $] | B2: Soy Agriculture | C2: Tofu Production | D2: Cow Farming | E2: Beef Processing | F2: Y_Houshold | G2: Y_Government | H2: Y_Total_Demand | I2: X_Total Output
A3: Soy Agriculture | B3: 5.94 | C3: 7.92 | D3: 15.84 | E3: 0 | F3: 0 | G3: 0 | H3: =SUM(F3:G3) -> 0 | I3: =SUM(B3:G3) -> 29.7
A4: Tofu Production | B4: 0 | C4: 1.98 | D4: 1.98 | E4: 1.98 | F4: 15.47 | G4: 0 | H4: =SUM(F4:G4) -> 15.47 | I4: =SUM(B4:G4) -> 21.41
A5: Cow Farming | B5: 1.98 | C5: 0 | D5: 3.96 | E5: 13.86 | F5: 0 | G5: 6.22 | H5: =SUM(F5:G5) -> 6.22 | I5: =SUM(B5:G5) -> 26.02
A6: Beef Processing | B6: 0 | C6: 0 | D6: 0 | E6: 5.94 | F6: 21.78 | G6: 0 | H6: =SUM(F6:G6) -> 21.78 | I6: =SUM(B6:G6) -> 27.72
A7: Value Added | B7: =I3-B8 -> 21.78 | C7: =I4-C8 -> 11.51 | D7: =I5-D8 -> 4.24 | E7: =I6-E8 -> 5.94 | F7: =SUM(B7:E7) -> 43.47 | G7: GDP
A8: Sum Inter Industry Input | B8: =SUM(B2:B6) -> 7.92 | C8: =SUM(C2:C6) -> 9.9 | D8: =SUM(D2:D6) -> 21.78 | E8: =SUM(E2:E6) -> 21.78
A9: X_Total_Industry_Input | B9: =SUM(B3:B7) -> 29.7 | C9: =SUM(C3:C7) -> 21.41 | D9: =SUM(D3:D7) -> 26.02 | E9: =SUM(E3:E7) -> 27.72
B10: Environmental Multiplyers
A11: Mass Multiplyer [$/kg] | B11: 0.7 | C11: 3 | D11: 5 | E11: 16
A12: GHG Multiplyer [CO2e kg /kg] | B12: 0.3 | C12: 0.2 | D12: 19 | E12: 1
A13: Land Use Multiplyer [m^2*year/kg] | B13: 0.9 | C13: 2.6 | D13: 35 | E13: 57
B14: Environmental Extensions (scope 1) - M Matrix
A15: Mass [Mio t] | B15: =B9/B11 -> 42.428571 | C15: =C9/C11 -> 7.1366667 | D15: =D9/D11 -> 5.204 | E15: =E9/E11 -> 1.7325
A16: GHG Emmisons [Mio t] | B16: =B15*B12 -> 12.728571 | C16: =C15*C12 -> 1.4273333 | D16: =D15*D12 -> 98.876 | E16: =E15*E12 -> 1.7325
A17: Land Use [Mio m^2*year] | B17: =B15*B13 -> 38.185714 | C17: =C15*C13 -> 18.555333 | D17: =D15*D13 -> 182.14 | E17: =E15*E13 -> 98.7525
B18: Soy Agriculture | C18: Tofu Production | D18: Cow Farming | E18: Beef Processing
B22: 1/x hat Matrix [1/ Mio $]
B23: =1/I3 -> 0.033670034 | C23: 0 | D23: 0 | E23: 0
B24: 0 | C24: =1/I4 -> 0.046707146 | D24: 0 | E24: 0
B25: 0 | C25: 0 | D25: =1/I5 -> 0.038431975 | E25: 0
B26: 0 | C26: 0 | D26: 0 | E26: =1/I6 -> 0.036075036
B27: Technical Coeficient Matrix A [no dim]
B28: {=MMULT(B3:E6, B23:E26)} -> 0.2 | C28: 0.3699206 | D28: 0.60876249 | E28: 0
B29: 0 | C29: 0.092480149 | D29: 0.076095311 | E29: 0.071428571
B30: 0.066666667 | C30: 0 | D30: 0.15219062 | E30: 0.5
B31: 0 | C31: 0 | D31: 0 | E31: 0.21428571
B32: Leonthief Inverse Matrix L [no dim]
B33: {=MINVERSE(G42:J45)} -> 1.333882 | C33: 0.54371309 | D33: 1.006584 | E33: 0.68998191
B34: 0.0087948756 | C34: 1.1054892 | D34: 0.10553851 | E34: 0.16765989
B35: 0.10488852 | C35: 0.042754351 | D35: 1.2586622 | E35: 0.8048536
B36: 0 | C36: 0 | D36: 0 | E36: 1.2727273 | G36: Identity Matrix 1
B37: Environmental Coeficient Matrix F [mio (t,t,m^2)/ mio $] | G37: 1 | H37: 0 | I37: 0 | J37: 0
A38: Mass [Mio t/ mio $] | B38: {=MMULT(B15:E17, B23:E26)} -> 1.4285714 | C38: 0.33333333 | D38: 0.2 | E38: 0.0625 | G38: 0 | H38: 1 | I38: 0 | J38: 0
A39: GHG Emmisons [Mio t/ mio$] | B39: 0.42857143 | C39: 0.066666667 | D39: 3.8 | E39: 0.0625 | G39: 0 | H39: 0 | I39: 1 | J39: 0
A40: Land Use [Mio m^2*year/ mio$] | B40: 1.2857143 | C40: 0.86666667 | D40: 7 | E40: 3.5625 | G40: 0 | H40: 0 | I40: 0 | J40: 1
B41: Environmental Footprint (F*L*y-hat) | G41: 1-A
A42: Mass [Mio t] | B42: {=MMULT(MMULT(B38:E40, B33:E36),G47:J50)} -> 0 | C42: 17.848981 | D42: 10.72881 | E42: 27.923947 | G42: =G37-B28 -> 0.8 | H42: =H37-C28 -> -0.3699206 | I42: =I37-D28 -> -0.60876249 | J42: =J37-E28 -> 0
A43: GHG Emmisons [Mio t] | B43: 0 | C43: 7.258303 | D43: 32.476768 | E43: 75.029334 | G43: =G38-B29 -> 0 | H43: =H38-C29 -> 0.90751985 | I43: =I38-D29 -> -0.076095311 | J43: =J38-E29 -> -0.071428571
A44: Land Use [Mio m^2*year] | B44: 0 | C44: 30.265984 | D44: 63.42087 | E44: 243.94669 | G44: =G39-B30 -> -0.066666667 | H44: =H39-C30 -> 0 | I44: =I39-D30 -> 0.84780938 | J44: =J39-E30 -> -0.5
B45: Soy Agriculture | C45: Tofu Production | D45: Cow Farming | E45: Beef Processing | G45: =G40-B31 -> 0 | H45: =H40-C31 -> 0 | I45: =I40-D31 -> 0 | J45: =J40-E31 -> 0.78571429
G46: y-hat Matrix [1/ Mio $]
G47: =H3 -> 0 | H47: 0 | I47: 0 | J47: 0
G48: 0 | H48: =H4 -> 15.47 | I48: 0 | J48: 0
G49: 0 | H49: 0 | I49: =H5 -> 6.22 | J49: 0
G50: 0 | H50: 0 | I50: 0 | J50: =H6 -> 21.78
G51: v-hat Matrix [Mio $]
G52: =B7 -> 21.78 | H52: 0 | I52: 0 | J52: 0
A53: V= (v) hat * (1/x) hat * L * (y) hat | B53: Value Added Flow Matrix V | G53: 0 | H53: =C7 -> 11.51 | I53: 0 | J53: 0
B54: Soy Agriculture | C54: Tofu Production | D54: Cow Farming | E54: Beef Processing | F54: Sum | G54: 0 | H54: 0 | I54: =D7 -> 4.24 | J54: 0
A55: Soy Agriculture | B55: {=MMULT(MMULT(G52:J55,B23:E26), MMULT(B33:E36, G47:J50))} -> 0 | C55: 6.1682438 | D55: 4.5913651 | E55: 11.020391 | F55: =Sum(B55:E55) -> 21.78 | G55: 0 | H55: 0 | I55: 0 | J55: =E7 -> 5.94
A56: Tofu Production | B56: 0 | C56: 9.1939784 | D56: 0.35290677 | E56: 1.9631148 | F56: =Sum(B56:E56) -> 11.51
A57: Cow Farming | B57: 0 | C57: 0.10777777 | D57: 1.2757281 | E57: 2.8564941 | F57: =Sum(B57:E57) -> 4.24
A58: Beef Processing | B58: 0 | C58: 0 | D58: 0 | E58: 5.94 | F58: =Sum(B58:E58) -> 5.94
B59: Soy Agriculture | C59: Tofu Production | D59: Cow Farming | E59: Beef Processing | F59: =SUM(F54:F58) -> 43.47
A60: Value Added Footprint (sum column) | B60: =SUM(B55:B58) -> 0 | C60: =SUM(C55:C58) -> 15.47 | D60: =SUM(D55:D58) -> 6.22 | E60: =SUM(E55:E58) -> 21.78 | F60: =SUM(B60:E60) -> 43.47
G61: v-hat/x Matrix 2
G62: =B7/I3 -> 0.73333333 | H62: 0 | I62: 0 | J62: 0
G63: 0 | H63: =C7/I4 -> 0.53759925 | I63: 0 | J63: 0
G64: 0 | H64: 0 | I64: =D7/I5 -> 0.16295158 | J64: 0
G65: 0 | H65: 0 | I65: 0 | J65: =E7/I6 -> 0.21428571

Sheet 2008
B1: Input-Output Table
A2: 2008 [Mio $] | B2: Soy Agriculture | C2: Tofu Production | D2: Cow Farming | E2: Beef Processing | F2: Y_Houshold | G2: Y_Government | H2: Y_Total_Demand | I2: X_Total Output
A3: Soy Agriculture | B3: 6.12 | C3: 8.16 | D3: 16.32 | E3: 0 | F3: 0 | G3: 0 | H3: =SUM(F3:G3) -> 0 | I3: =SUM(B3:G3) -> 30.6
A4: Tofu Production | B4: 0 | C4: 2.04 | D4: 2.04 | E4: 2.04 | F4: 16.53 | G4: 0 | H4: =SUM(F4:G4) -> 16.53 | I4: =SUM(B4:G4) -> 22.65
A5: Cow Farming | B5: 2.04 | C5: 0 | D5: 4.08 | E5: 14.28 | F5: 0 | G5: 5.57 | H5: =SUM(F5:G5) -> 5.57 | I5: =SUM(B5:G5) -> 25.97
A6: Beef Processing | B6: 0 | C6: 0 | D6: 0 | E6: 6.12 | F6: 22.44 | G6: 0 | H6: =SUM(F6:G6) -> 22.44 | I6: =SUM(B6:G6) -> 28.56
A7: Value Added | B7: =I3-B8 -> 22.44 | C7: =I4-C8 -> 12.45 | D7: =I5-D8 -> 3.53 | E7: =I6-E8 -> 6.12 | F7: =SUM(B7:E7) -> 44.54 | G7: GDP
A8: Sum Inter Industry Input | B8: =SUM(B2:B6) -> 8.16 | C8: =SUM(C2:C6) -> 10.2 | D8: =SUM(D2:D6) -> 22.44 | E8: =SUM(E2:E6) -> 22.44
A9: X_Total_Industry_Input | B9: =SUM(B3:B7) -> 30.6 | C9: =SUM(C3:C7) -> 22.65 | D9: =SUM(D3:D7) -> 25.97 | E9: =SUM(E3:E7) -> 28.56
B10: Environmental Multiplyers
A11: Mass Multiplyer [$/kg] | B11: 0.7 | C11: 3 | D11: 5 | E11: 16
A12: GHG Multiplyer [CO2e kg /kg] | B12: 0.3 | C12: 0.2 | D12: 19 | E12: 1
A13: Land Use Multiplyer [m^2*year/kg] | B13: 0.9 | C13: 2.6 | D13: 35 | E13: 57
B14: Environmental Extensions (scope 1) - M Matrix
A15: Mass [Mio t] | B15: =B9/B11 -> 43.714286 | C15: =C9/C11 -> 7.55 | D15: =D9/D11 -> 5.194 | E15: =E9/E11 -> 1.785
A16: GHG Emmisons [Mio t] | B16: =B15*B12 -> 13.114286 | C16: =C15*C12 -> 1.51 | D16: =D15*D12 -> 98.686 | E16: =E15*E12 -> 1.785
A17: Land Use [Mio m^2*year] | B17: =B15*B13 -> 39.342857 | C17: =C15*C13 -> 19.63 | D17: =D15*D13 -> 181.79 | E17: =E15*E13 -> 101.745
B18: Soy Agriculture | C18: Tofu Production | D18: Cow Farming | E18: Beef Processing
B22: 1/x hat Matrix [1/ Mio $]
B23: =1/I3 -> 0.032679739 | C23: 0 | D23: 0 | E23: 0
B24: 0 | C24: =1/I4 -> 0.04415011 | D24: 0 | E24: 0
B25: 0 | C25: 0 | D25: =1/I5 -> 0.038505968 | E25: 0
B26: 0 | C26: 0 | D26: 0 | E26: =1/I6 -> 0.035014006
B27: Technical Coeficient Matrix A [no dim]
B28: {=MMULT(B3:E6, B23:E26)} -> 0.2 | C28: 0.3602649 | D28: 0.6284174 | E28: 0
B29: 0 | C29: 0.090066225 | D29: 0.078552176 | E29: 0.071428571
B30: 0.066666667 | C30: 0 | D30: 0.15710435 | E30: 0.5
B31: 0 | C31: 0 | D31: 0 | E31: 0.21428571
B32: Leonthief Inverse Matrix L [no dim]
B33: {=MINVERSE(G42:J45)} -> 1.3371896 | C33: 0.52942587 | D33: 1.0462751 | E33: 0.71394108
B34: 0.0091301172 | C34: 1.1025959 | D34: 0.10956141 | E34: 0.16995689
B35: 0.10576158 | C35: 0.041873579 | D35: 1.2691389 | E35: 0.81144055
B36: 0 | C36: 0 | D36: 0 | E36: 1.2727273 | G36: Identity Matrix 1
B37: Environmental Coeficient Matrix F [mio (t,t,m^2)/ mio $] | G37: 1 | H37: 0 | I37: 0 | J37: 0
A38: Mass [Mio t/ mio $] | B38: {=MMULT(B15:E17, B23:E26)} -> 1.4285714 | C38: 0.33333333 | D38: 0.2 | E38: 0.0625 | G38: 0 | H38: 1 | I38: 0 | J38: 0
A39: GHG Emmisons [Mio t/ mio$] | B39: 0.42857143 | C39: 0.066666667 | D39: 3.8 | E39: 0.0625 | G39: 0 | H39: 0 | I39: 1 | J39: 0
A40: Land Use [Mio m^2*year/ mio$] | B40: 1.2857143 | C40: 0.86666667 | D40: 7 | E40: 3.5625 | G40: 0 | H40: 0 | I40: 0 | J40: 1
B41: Environmental Footprint (F*L*y-hat) | G41: 1-A
A42: Mass [Mio t] | B42: {=MMULT(MMULT(B38:E40, B33:E36),G47:J50)} -> 0 | C42: 18.715751 | D42: 9.9426006 | E42: 29.584934 | G42: =G37-B28 -> 0.8 | H42: =H37-C28 -> -0.3602649 | I42: =I37-D28 -> -0.6284174 | J42: =J37-E28 -> 0
A43: GHG Emmisons [Mio t] | B43: 0 | C43: 7.5959118 | D43: 29.400887 | E43: 78.098487 | G43: =G38-B29 -> 0 | H43: =H38-C29 -> 0.90993377 | I43: =I38-D29 -> -0.078552176 | J43: =J38-E29 -> -0.071428571
A44: Land Use [Mio m^2*year] | B44: 0 | C44: 31.892793 | D44: 57.505441 | E44: 253.10962 | G44: =G39-B30 -> -0.066666667 | H44: =H39-C30 -> 0 | I44: =I39-D30 -> 0.84289565 | J44: =J39-E30 -> -0.5
B45: Soy Agriculture | C45: Tofu Production | D45: Cow Farming | E45: Beef Processing | G45: =G40-B31 -> 0 | H45: =H40-C31 -> 0 | I45: =I40-D31 -> 0 | J45: =J40-E31 -> 0.78571429
G46: y-hat Matrix [1/ Mio $]
G47: =H3 -> 0 | H47: 0 | I47: 0 | J47: 0
G48: 0 | H48: =H4 -> 16.53 | I48: 0 | J48: 0
G49: 0 | H49: 0 | I49: =H5 -> 5.57 | J49: 0
G50: 0 | H50: 0 | I50: 0 | J50: =H6 -> 22.44
G51: v-hat Matrix [Mio $]
G52: =B7 -> 22.44 | H52: 0 | I52: 0 | J52: 0
A53: V= (v) hat * (1/x) hat * L * (y) hat | B53: Value Added Flow Matrix V | G53: 0 | H53: =C7 -> 12.45 | I53: 0 | J53: 0
B54: Soy Agriculture | C54: Tofu Production | D54: Cow Farming | E54: Beef Processing | F54: Sum | G54: 0 | H54: 0 | I54: =D7 -> 3.53 | J54: 0
A55: Soy Agriculture | B55: {=MMULT(MMULT(G52:J55,B23:E26), MMULT(B33:E36, G47:J50))} -> 0 | C55: 6.4177003 | D55: 4.2736852 | E55: 11.748614 | F55: =Sum(B55:E55) -> 22.44 | G55: 0 | H55: 0 | I55: 0 | J55: =E7 -> 6.12
A56: Tofu Production | B56: 0 | C56: 10.018216 | D56: 0.33543929 | E56: 2.096345 | F56: =Sum(B56:E56) -> 12.45
A57: Cow Farming | B57: 0 | C57: 0.094083983 | D57: 0.96087549 | E57: 2.4750405 | F57: =Sum(B57:E57) -> 3.53
A58: Beef Processing | B58: 0 | C58: 0 | D58: 0 | E58: 6.12 | F58: =Sum(B58:E58) -> 6.12
B59: Soy Agriculture | C59: Tofu Production | D59: Cow Farming | E59: Beef Processing | F59: =SUM(F54:F58) -> 44.54
A60: Value Added Footprint (sum column) | B60: =SUM(B55:B58) -> 0 | C60: =SUM(C55:C58) -> 16.53 | D60: =SUM(D55:D58) -> 5.57 | E60: =SUM(E55:E58) -> 22.44 | F60: =SUM(B60:E60) -> 44.54
G61: v-hat/x Matrix 2
G62: =B7/I3 -> 0.73333333 | H62: 0 | I62: 0 | J62: 0
G63: 0 | H63: =C7/I4 -> 0.54966887 | I63: 0 | J63: 0
G64: 0 | H64: 0 | I64: =D7/I5 -> 0.13592607 | J64: 0
G65: 0 | H65: 0 | I65: 0 | J65: =E7/I6 -> 0.21428571

Sheet 2009
B1: Input-Output Table
A2: 2009 [Mio $] | B2: Soy Agriculture | C2: Tofu Production | D2: Cow Farming | E2: Beef Processing | F2: Y_Houshold | G2: Y_Government | H2: Y_Total_Demand | I2: X_Total Output
A3: Soy Agriculture | B3: 6.24 | C3: 8.32 | D3: 14 | E3: 0 | F3: 0 | G3: 0 | H3: =SUM(F3:G3) -> 0 | I3: =SUM(B3:G3) -> 28.56
A4: Tofu Production | B4: 0 | C4: 2.08 | D4: 2.08 | E4: 2.08 | F4: 15 | G4: 0 | H4: =SUM(F4:G4) -> 15 | I4: =SUM(B4:G4) -> 21.24
A5: Cow Farming | B5: 2.5 | C5: 0 | D5: 4.16 | E5: 14.56 | F5: 0 | G5: 3 | H5: =SUM(F5:G5) -> 3 | I5: =SUM(B5:G5) -> 24.22
A6: Beef Processing | B6: 0 | C6: 0 | D6: 0 | E6: 6.24 | F6: 21 | G6: 0 | H6: =SUM(F6:G6) -> 21 | I6: =SUM(B6:G6) -> 27.24
A7: Value Added | B7: =I3-B8 -> 19.82 | C7: =I4-C8 -> 10.84 | D7: =I5-D8 -> 3.98 | E7: =I6-E8 -> 4.36 | F7: =SUM(B7:E7) -> 39 | G7: GDP
A8: Sum Inter Industry Input | B8: =SUM(B2:B6) -> 8.74 | C8: =SUM(C2:C6) -> 10.4 | D8: =SUM(D2:D6) -> 20.24 | E8: =SUM(E2:E6) -> 22.88
A9: X_Total_Industry_Input | B9: =SUM(B3:B7) -> 28.56 | C9: =SUM(C3:C7) -> 21.24 | D9: =SUM(D3:D7) -> 24.22 | E9: =SUM(E3:E7) -> 27.24
B10: Environmental Multiplyers
A11: Mass Multiplyer [$/kg] | B11: 0.7 | C11: 3 | D11: 5 | E11: 16
A12: GHG Multiplyer [CO2e kg /kg] | B12: 0.3 | C12: 0.2 | D12: 19 | E12: 1
A13: Land Use Multiplyer [m^2*year/kg] | B13: 0.9 | C13: 2.6 | D13: 35 | E13: 57
B14: Environmental Extensions (scope 1) - M Matrix
A15: Mass [Mio t] | B15: =B9/B11 -> 40.8 | C15: =C9/C11 -> 7.08 | D15: =D9/D11 -> 4.844 | E15: =E9/E11 -> 1.7025
A16: GHG Emmisons [Mio t] | B16: =B15*B12 -> 12.24 | C16: =C15*C12 -> 1.416 | D16: =D15*D12 -> 92.036 | E16: =E15*E12 -> 1.7025
A17: Land Use [Mio m^2*year] | B17: =B15*B13 -> 36.72 | C17: =C15*C13 -> 18.408 | D17: =D15*D13 -> 169.54 | E17: =E15*E13 -> 97.0425
B18: Soy Agriculture | C18: Tofu Production | D18: Cow Farming | E18: Beef Processing
B22: 1/x hat Matrix [1/ Mio $]
B23: =1/I3 -> 0.035014006 | C23: 0 | D23: 0 | E23: 0
B24: 0 | C24: =1/I4 -> 0.047080979 | D24: 0 | E24: 0
B25: 0 | C25: 0 | D25: =1/I5 -> 0.041288192 | E25: 0
B26: 0 | C26: 0 | D26: 0 | E26: =1/I6 -> 0.03671072
B27: Technical Coeficient Matrix A [no dim]
B28: {=MMULT(B3:E6, B23:E26)} -> 0.2184874 | C28: 0.39171375 | D28: 0.57803468 | E28: 0
B29: 0 | C29: 0.097928437 | D29: 0.085879438 | E29: 0.076358297
B30: 0.087535014 | C30: 0 | D30: 0.17175888 | E30: 0.53450808
B31: 0 | C31: 0 | D31: 0 | E31: 0.22907489
B32: Leonthief Inverse Matrix L [no dim]
B33: {=MINVERSE(G42:J45)} -> 1.3957123 | C33: 0.6060713 | D33: 1.0369193 | E33: 0.7789606
B34: 0.014043298 | C34: 1.1146576 | D34: 0.12537857 | E34: 0.19733332
B35: 0.14750981 | C35: 0.064054366 | D35: 1.3169676 | E35: 0.91944198
B36: 0 | C36: 0 | D36: 0 | E36: 1.2971429 | G36: Identity Matrix 1
B37: Environmental Coeficient Matrix F [mio (t,t,m^2)/ mio $] | G37: 1 | H37: 0 | I37: 0 | J37: 0
A38: Mass [Mio t/ mio $] | B38: {=MMULT(B15:E17, B23:E26)} -> 1.4285714 | C38: 0.33333333 | D38: 0.2 | E38: 0.0625 | G38: 0 | H38: 1 | I38: 0 | J38: 0
A39: GHG Emmisons [Mio t/ mio$] | B39: 0.42857143 | C39: 0.066666667 | D39: 3.8 | E39: 0.0625 | G39: 0 | H39: 0 | I39: 1 | J39: 0
A40: Land Use [Mio m^2*year/ mio$] | B40: 1.2857143 | C40: 0.86666667 | D40: 7 | E40: 3.5625 | G40: 0 | H40: 0 | I40: 0 | J40: 1
B41: Environmental Footprint (F*L*y-hat) | G41: 1-A
A42: Mass [Mio t] | B42: {=MMULT(MMULT(B38:E40, B33:E36),G47:J50)} -> 0 | C42: 18.752693 | D42: 5.3594988 | E42: 30.314308 | G42: =G37-B28 -> 0.7815126 | H42: =H37-C28 -> -0.39171375 | I42: =I37-D28 -> -0.57803468 | J42: =J37-E28 -> 0
A43: GHG Emmisons [Mio t] | B43: 0 | C43: 8.6619292 | D43: 16.371688 | E43: 82.360882 | G43: =G38-B29 -> 0 | H43: =H38-C29 -> 0.90207156 | I43: =I38-D29 -> -0.085879438 | J43: =J38-E29 -> -0.076358297
A44: Land Use [Mio m^2*year] | B44: 0 | C44: 32.904776 | D44: 31.98185 | E44: 256.82387 | G44: =G39-B30 -> -0.087535014 | H44: =H39-C30 -> 0 | I44: =I39-D30 -> 0.82824112 | J44: =J39-E30 -> -0.53450808
B45: Soy Agriculture | C45: Tofu Production | D45: Cow Farming | E45: Beef Processing | G45: =G40-B31 -> 0 | H45: =H40-C31 -> 0 | I45: =I40-D31 -> 0 | J45: =J40-E31 -> 0.77092511
G46: y-hat Matrix [1/ Mio $]
G47: =H3 -> 0 | H47: 0 | I47: 0 | J47: 0
G48: 0 | H48: =H4 -> 15 | I48: 0 | J48: 0
G49: 0 | H49: 0 | I49: =H5 -> 3 | J49: 0
G50: 0 | H50: 0 | I50: 0 | J50: =H6 -> 21
G51: v-hat Matrix [Mio $]
G52: =B7 -> 19.82 | H52: 0 | I52: 0 | J52: 0
A53: V= (v) hat * (1/x) hat * L * (y) hat | B53: Value Added Flow Matrix V | G53: 0 | H53: =C7 -> 10.84 | I53: 0 | J53: 0
B54: Soy Agriculture | C54: Tofu Production | D54: Cow Farming | E54: Beef Processing | F54: Sum | G54: 0 | H54: 0 | I54: =D7 -> 3.98 | J54: 0
A55: Soy Agriculture | B55: {=MMULT(MMULT(G52:J55,B23:E26), MMULT(B33:E36, G47:J50))} -> 0 | C55: 6.3089986 | D55: 2.1587962 | E55: 11.352205 | F55: =Sum(B55:E55) -> 19.82 | G55: 0 | H55: 0 | I55: 0 | J55: =E7 -> 4.36
A56: Tofu Production | B56: 0 | C56: 8.5331135 | D56: 0.19196379 | E56: 2.1149227 | F56: =Sum(B56:E56) -> 10.84
A57: Cow Farming | B57: 0 | C57: 0.15788793 | D57: 0.64924002 | E57: 3.172872 | F57: =Sum(B57:E57) -> 3.98
A58: Beef Processing | B58: 0 | C58: 0 | D58: 0 | E58: 4.36 | F58: =Sum(B58:E58) -> 4.36
B59: Soy Agriculture | C59: Tofu Production | D59: Cow Farming | E59: Beef Processing | F59: =SUM(F54:F58) -> 39
A60: Value Added Footprint (sum column) | B60: =SUM(B55:B58) -> 0 | C60: =SUM(C55:C58) -> 15 | D60: =SUM(D55:D58) -> 3 | E60: =SUM(E55:E58) -> 21 | F60: =SUM(B60:E60) -> 39
G61: v-hat/x Matrix 2
G62: =B7/I3 -> 0.69397759 | H62: 0 | I62: 0 | J62: 0
G63: 0 | H63: =C7/I4 -> 0.51035782 | I63: 0 | J63: 0
G64: 0 | H64: 0 | I64: =D7/I5 -> 0.164327 | J64: 0
G65: 0 | H65: 0 | I65: 0 | J65: =E7/I6 -> 0.16005874

Sheet 2010
B1: Input-Output Table
A2: 2010 [Mio $] | B2: Soy Agriculture | C2: Tofu Production | D2: Cow Farming | E2: Beef Processing | F2: Y_Houshold | G2: Y_Government | H2: Y_Total_Demand | I2: X_Total Output
A3: Soy Agriculture | B3: 6.33 | C3: 8.44 | D3: 16.88 | E3: 0 | F3: 0 | G3: 0 | H3: =SUM(F3:G3) -> 0 | I3: =SUM(B3:G3) -> 31.65
A4: Tofu Production | B4: 0 | C4: 2.11 | D4: 2.11 | E4: 2.11 | F4: 18.89 | G4: 0 | H4: =SUM(F4:G4) -> 18.89 | I4: =SUM(B4:G4) -> 25.22
A5: Cow Farming | B5: 2.11 | C5: 0 | D5: 4.22 | E5: 14.77 | F5: 0 | G5: 4 | H5: =SUM(F5:G5) -> 4 | I5: =SUM(B5:G5) -> 25.1
A6: Beef Processing | B6: 0 | C6: 0 | D6: 0 | E6: 6.33 | F6: 22 | G6: 0 | H6: =SUM(F6:G6) -> 22 | I6: =SUM(B6:G6) -> 28.33
A7: Value Added | B7: =I3-B8 -> 23.21 | C7: =I4-C8 -> 14.67 | D7: =I5-D8 -> 1.89 | E7: =I6-E8 -> 5.12 | F7: =SUM(B7:E7) -> 44.89 | G7: GDP
A8: Sum Inter Industry Input | B8: =SUM(B2:B6) -> 8.44 | C8: =SUM(C2:C6) -> 10.55 | D8: =SUM(D2:D6) -> 23.21 | E8: =SUM(E2:E6) -> 23.21
A9: X_Total_Industry_Input | B9: =SUM(B3:B7) -> 31.65 | C9: =SUM(C3:C7) -> 25.22 | D9: =SUM(D3:D7) -> 25.1 | E9: =SUM(E3:E7) -> 28.33
B10: Environmental Multiplyers
A11: Mass Multiplyer [$/kg] | B11: 0.7 | C11: 3 | D11: 5 | E11: 16
A12: GHG Multiplyer [CO2e kg /kg] | B12: 0.3 | C12: 0.2 | D12: 19 | E12: 1
A13: Land Use Multiplyer [m^2*year/kg] | B13: 0.9 | C13: 2.6 | D13: 35 | E13: 57
B14: Environmental Extensions (scope 1) - M Matrix
A15: Mass [Mio t] | B15: =B9/B11 -> 45.214286 | C15: =C9/C11 -> 8.4066667 | D15: =D9/D11 -> 5.02 | E15: =E9/E11 -> 1.770625
A16: GHG Emmisons [Mio t] | B16: =B15*B12 -> 13.564286 | C16: =C15*C12 -> 1.6813333 | D16: =D15*D12 -> 95.38 | E16: =E15*E12 -> 1.770625
A17: Land Use [Mio m^2*year] | B17: =B15*B13 -> 40.692857 | C17: =C15*C13 -> 21.857333 | D17: =D15*D13 -> 175.7 | E17: =E15*E13 -> 100.92562
B18: Soy Agriculture | C18: Tofu Production | D18: Cow Farming | E18: Beef Processing
B22: 1/x hat Matrix [1/ Mio $]
B23: =1/I3 -> 0.031595577 | C23: 0 | D23: 0 | E23: 0
B24: 0 | C24: =1/I4 -> 0.039651071 | D24: 0 | E24: 0
B25: 0 | C25: 0 | D25: =1/I5 -> 0.039840637 | E25: 0
B26: 0 | C26: 0 | D26: 0 | E26: =1/I6 -> 0.03529827
B27: Technical Coeficient Matrix A [no dim]
B28: {=MMULT(B3:E6, B23:E26)} -> 0.2 | C28: 0.33465504 | D28: 0.67250996 | E28: 0
B29: 0 | C29: 0.083663759 | D29: 0.084063745 | E29: 0.074479351
B30: 0.066666667 | C30: 0 | D30: 0.16812749 | E30: 0.52135545
B31: 0 | C31: 0 | D31: 0 | E31: 0.22343805
B32: Leonthief Inverse Matrix L [no dim]
B33: {=MINVERSE(G42:J45)} -> 1.3447289 | C33: 0.49110824 | D33: 1.1367462 | E33: 0.81027183
B34: 0.0098864543 | C34: 1.0949131 | D34: 0.11863745 | E34: 0.18466099
B35: 0.10776722 | C35: 0.039357653 | D35: 1.2932067 | E35: 0.87198669
B36: 0 | C36: 0 | D36: 0 | E36: 1.2877273 | G36: Identity Matrix 1
B37: Environmental Coeficient Matrix F [mio (t,t,m^2)/ mio $] | G37: 1 | H37: 0 | I37: 0 | J37: 0
A38: Mass [Mio t/ mio $] | B38: {=MMULT(B15:E17, B23:E26)} -> 1.4285714 | C38: 0.33333333 | D38: 0.2 | E38: 0.0625 | G38: 0 | H38: 1 | I38: 0 | J38: 0
A39: GHG Emmisons [Mio t/ mio$] | B39: 0.42857143 | C39: 0.066666667 | D39: 3.8 | E39: 0.0625 | G39: 0 | H39: 0 | I39: 1 | J39: 0
A40: Land Use [Mio m^2*year/ mio$] | B40: 1.2857143 | C40: 0.86666667 | D40: 7 | E40: 3.5625 | G40: 0 | H40: 0 | I40: 0 | J40: 1
B41: Environmental Footprint (F*L*y-hat) | G41: 1-A
A42: Mass [Mio t] | B42: {=MMULT(MMULT(B38:E40, B33:E36),G47:J50)} -> 0 | C42: 20.295903 | D42: 7.6884414 | E42: 32.427233 | G42: =G37-B28 -> 0.8 | H42: =H37-C28 -> -0.33465504 | I42: =I37-D28 -> -0.67250996 | J42: =J37-E28 -> 0
A43: GHG Emmisons [Mio t] | B43: 0 | C43: 8.1799036 | D43: 21.637086 | E43: 82.579254 | G43: =G38-B29 -> 0 | H43: =H38-C29 -> 0.91633624 | I43: =I38-D29 -> -0.084063745 | J43: =J38-E29 -> -0.074479351
A44: Land Use [Mio m^2*year] | B44: 0 | C44: 35.057066 | D44: 42.467187 | E44: 261.65156 | G44: =G39-B30 -> -0.066666667 | H44: =H39-C30 -> 0 | I44: =I39-D30 -> 0.83187251 | J44: =J39-E30 -> -0.52135545
B45: Soy Agriculture | C45: Tofu Production | D45: Cow Farming | E45: Beef Processing | G45: =G40-B31 -> 0 | H45: =H40-C31 -> 0 | I45: =I40-D31 -> 0 | J45: =J40-E31 -> 0.77656195
G46: y-hat Matrix [1/ Mio $]
G47: =H3 -> 0 | H47: 0 | I47: 0 | J47: 0
G48: 0 | H48: =H4 -> 18.89 | I48: 0 | J48: 0
G49: 0 | H49: 0 | I49: =H5 -> 4 | J49: 0
G50: 0 | H50: 0 | I50: 0 | J50: =H6 -> 22
G51: v-hat Matrix [Mio $]
G52: =B7 -> 23.21 | H52: 0 | I52: 0 | J52: 0
A53: V= (v) hat * (1/x) hat * L * (y) hat | B53: Value Added Flow Matrix V | G53: 0 | H53: =C7 -> 14.67 | I53: 0 | J53: 0
B54: Soy Agriculture | C54: Tofu Production | D54: Cow Farming | E54: Beef Processing | F54: Sum | G54: 0 | H54: 0 | I54: =D7 -> 1.89 | J54: 0
A55: Soy Agriculture | B55: {=MMULT(MMULT(G52:J55,B23:E26), MMULT(B33:E36, G47:J50))} -> 0 | C55: 6.8031588 | D55: 3.3344556 | E55: 13.072386 | F55: =Sum(B55:E55) -> 23.21 | G55: 0 | H55: 0 | I55: 0 | J55: =E7 -> 5.12
A56: Tofu Production | B56: 0 | C56: 12.030859 | D56: 0.2760367 | E56: 2.3631042 | F56: =Sum(B56:E56) -> 14.67
A57: Cow Farming | B57: 0 | C57: 0.055982106 | D57: 0.38950767 | E57: 1.4445102 | F57: =Sum(B57:E57) -> 1.89
A58: Beef Processing | B58: 0 | C58: 0 | D58: 0 | E58: 5.12 | F58: =Sum(B58:E58) -> 5.12
B59: Soy Agriculture | C59: Tofu Production | D59: Cow Farming | E59: Beef Processing | F59: =SUM(F54:F58) -> 44.89
A60: Value Added Footprint (sum column) | B60: =SUM(B55:B58) -> 0 | C60: =SUM(C55:C58) -> 18.89 | D60: =SUM(D55:D58) -> 4 | E60: =SUM(E55:E58) -> 22 | F60: =SUM(B60:E60) -> 44.89
G61: v-hat/x Matrix 2
G62: =B7/I3 -> 0.73333333 | H62: 0 | I62: 0 | J62: 0
G63: 0 | H63: =C7/I4 -> 0.58168121 | I63: 0 | J63: 0
G64: 0 | H64: 0 | I64: =D7/I5 -> 0.075298805 | J64: 0
G65: 0 | H65: 0 | I65: 0 | J65: =E7/I6 -> 0.18072714

Sheet 2011
B1: Input-Output Table
A2: 2011 [Mio $] | B2: Soy Agriculture | C2: Tofu Production | D2: Cow Farming | E2: Beef Processing | F2: Y_Houshold | G2: Y_Government | H2: Y_Total_Demand | I2: X_Total Output
A3: Soy Agriculture | B3: 6.42 | C3: 8.56 | D3: 17.12 | E3: 0 | F3: 0 | G3: 0 | H3: =SUM(F3:G3) -> 0 | I3: =SUM(B3:G3) -> 32.1
A4: Tofu Production | B4: 0 | C4: 2.14 | D4: 2.14 | E4: 2.14 | F4: 20.02 | G4: 0 | H4: =SUM(F4:G4) -> 20.02 | I4: =SUM(B4:G4) -> 26.44
A5: Cow Farming | B5: 2.14 | C5: 0 | D5: 4.28 | E5: 14.98 | F5: 0 | G5: 4.53 | H5: =SUM(F5:G5) -> 4.53 | I5: =SUM(B5:G5) -> 25.93
A6: Beef Processing | B6: 0 | C6: 0 | D6: 0 | E6: 6.42 | F6: 23.54 | G6: 0 | H6: =SUM(F6:G6) -> 23.54 | I6: =SUM(B6:G6) -> 29.96
A7: Value Added | B7: =I3-B8 -> 23.54 | C7: =I4-C8 -> 15.74 | D7: =I5-D8 -> 2.39 | E7: =I6-E8 -> 6.42 | F7: =SUM(B7:E7) -> 48.09 | G7: GDP
A8: Sum Inter Industry Input | B8: =SUM(B2:B6) -> 8.56 | C8: =SUM(C2:C6) -> 10.7 | D8: =SUM(D2:D6) -> 23.54 | E8: =SUM(E2:E6) -> 23.54
A9: X_Total_Industry_Input | B9: =SUM(B3:B7) -> 32.1 | C9: =SUM(C3:C7) -> 26.44 | D9: =SUM(D3:D7) -> 25.93 | E9: =SUM(E3:E7) -> 29.96
B10: Environmental Multiplyers
A11: Mass Multiplyer [$/kg] | B11: 0.7 | C11: 3 | D11: 5 | E11: 16
A12: GHG Multiplyer [CO2e kg /kg] | B12: 0.3 | C12: 0.2 | D12: 19 | E12: 1
A13: Land Use Multiplyer [m^2*year/kg] | B13: 0.9 | C13: 2.6 | D13: 35 | E13: 57
B14: Environmental Extensions (scope 1) - M Matrix
A15: Mass [Mio t] | B15: =B9/B11 -> 45.857143 | C15: =C9/C11 -> 8.8133333 | D15: =D9/D11 -> 5.186 | E15: =E9/E11 -> 1.8725
A16: GHG Emmisons [Mio t] | B16: =B15*B12 -> 13.757143 | C16: =C15*C12 -> 1.7626667 | D16: =D15*D12 -> 98.534 | E16: =E15*E12 -> 1.8725
A17: Land Use [Mio m^2*year] | B17: =B15*B13 -> 41.271429 | C17: =C15*C13 -> 22.914667 | D17: =D15*D13 -> 181.51 | E17: =E15*E13 -> 106.7325
B18: Soy Agriculture | C18: Tofu Production | D18: Cow Farming | E18: Beef Processing
B22: 1/x hat Matrix [1/ Mio $]
B23: =1/I3 -> 0.031152648 | C23: 0 | D23: 0 | E23: 0
B24: 0 | C24: =1/I4 -> 0.037821483 | D24: 0 | E24: 0
B25: 0 | C25: 0 | D25: =1/I5 -> 0.038565368 | E25: 0
B26: 0 | C26: 0 | D26: 0 | E26: =1/I6 -> 0.033377837
B27: Technical Coeficient Matrix A [no dim]
B28: {=MMULT(B3:E6, B23:E26)} -> 0.2 | C28: 0.32375189 | D28: 0.66023911 | E28: 0
B29: 0 | C29: 0.080937973 | D29: 0.082529888 | E29: 0.071428571
B30: 0.066666667 | C30: 0 | D30: 0.16505978 | E30: 0.5
B31: 0 | C31: 0 | D31: 0 | E31: 0.21428571
B32: Leonthief Inverse Matrix L [no dim]
B33: {=MINVERSE(G42:J45)} -> 1.3423518 | C33: 0.47286136 | D33: 1.108221 | E33: 0.74821896
B34: 0.0096246761 | C34: 1.0914563 | D34: 0.11549611 | E34: 0.17272082
B35: 0.10718147 | C35: 0.037756105 | D35: 1.2861776 | E35: 0.82190902
B36: 0 | C36: 0 | D36: 0 | E36: 1.2727273 | G36: Identity Matrix 1
B37: Environmental Coeficient Matrix F [mio (t,t,m^2)/ mio $] | G37: 1 | H37: 0 | I37: 0 | J37: 0
A38: Mass [Mio t/ mio $] | B38: {=MMULT(B15:E17, B23:E26)} -> 1.4285714 | C38: 0.33333333 | D38: 0.2 | E38: 0.0625 | G38: 0 | H38: 1 | I38: 0 | J38: 0
A39: GHG Emmisons [Mio t/ mio$] | B39: 0.42857143 | C39: 0.066666667 | D39: 3.8 | E39: 0.0625 | G39: 0 | H39: 0 | I39: 1 | J39: 0
A40: Land Use [Mio m^2*year/ mio$] | B40: 1.2857143 | C40: 0.86666667 | D40: 7 | E40: 3.5625 | G40: 0 | H40: 0 | I40: 0 | J40: 1
B41: Environmental Footprint (F*L*y-hat) | G41: 1-A
A42: Mass [Mio t] | B42: {=MMULT(MMULT(B38:E40, B33:E36),G47:J50)} -> 0 | C42: 20.958662 | D42: 8.5114493 | E42: 32.258865 | G42: =G37-B28 -> 0.8 | H42: =H37-C28 -> -0.32375189 | I42: =I37-D28 -> -0.66023911 | J42: =J37-E28 -> 0
A43: GHG Emmisons [Mio t] | B43: 0 | C43: 8.3862142 | D43: 24.326673 | E43: 83.213423 | G43: =G38-B29 -> 0 | H43: =H38-C29 -> 0.91906203 | I43: =I38-D29 -> -0.082529888 | J43: =J38-E29 -> -0.071428571
A44: Land Use [Mio m^2*year] | B44: 0 | C44: 36.400086 | D44: 47.692725 | E44: 268.33578 | G44: =G39-B30 -> -0.066666667 | H44: =H39-C30 -> 0 | I44: =I39-D30 -> 0.83494022 | J44: =J39-E30 -> -0.5
B45: Soy Agriculture | C45: Tofu Production | D45: Cow Farming | E45: Beef Processing | G45: =G40-B31 -> 0 | H45: =H40-C31 -> 0 | I45: =I40-D31 -> 0 | J45: =J40-E31 -> 0.78571429
G46: y-hat Matrix [1/ Mio $]
G47: =H3 -> 0 | H47: 0 | I47: 0 | J47: 0
G48: 0 | H48: =H4 -> 20.02 | I48: 0 | J48: 0
G49: 0 | H49: 0 | I49: =H5 -> 4.53 | J49: 0
G50: 0 | H50: 0 | I50: 0 | J50: =H6 -> 23.54
G51: v-hat Matrix [Mio $]
G52: =B7 -> 23.54 | H52: 0 | I52: 0 | J52: 0
A53: V= (v) hat * (1/x) hat * L * (y) hat | B53: Value Added Flow Matrix V | G53: 0 | H53: =C7 -> 15.74 | I53: 0 | J53: 0
B54: Soy Agriculture | C54: Tofu Production | D54: Cow Farming | E54: Beef Processing | F54: Sum | G54: 0 | H54: 0 | I54: =D7 -> 2.39 | J54: 0
A55: Soy Agriculture | B55: {=MMULT(MMULT(G52:J55,B23:E26), MMULT(B33:E36, G47:J50))} -> 0 | C55: 6.9422352 | D55: 3.6815103 | E55: 12.916255 | F55: =Sum(B55:E55) -> 23.54 | G55: 0 | H55: 0 | I55: 0 | J55: =E7 -> 6.42
A56: Tofu Production | B56: 0 | C56: 13.008095 | D56: 0.31146471 | E56: 2.4204406 | F56: =Sum(B56:E56) -> 15.74
A57: Cow Farming | B57: 0 | C57: 0.069670133 | D57: 0.53702502 | E57: 1.7833048 | F57: =Sum(B57:E57) -> 2.39
A58: Beef Processing | B58: 0 | C58: 0 | D58: 0 | E58: 6.42 | F58: =Sum(B58:E58) -> 6.42
B59: Soy Agriculture | C59: Tofu Production | D59: Cow Farming | E59: Beef Processing | F59: =SUM(F54:F58) -> 48.09
A60: Value Added Footprint (sum column) | B60: =SUM(B55:B58) -> 0 | C60: =SUM(C55:C58) -> 20.02 | D60: =SUM(D55:D58) -> 4.53 | E60: =SUM(E55:E58) -> 23.54 | F60: =SUM(B60:E60) -> 48.09
G61: v-hat/x Matrix 2
G62: =B7/I3 -> 0.73333333 | H62: 0 | I62: 0 | J62: 0
G63: 0 | H63: =C7/I4 -> 0.59531014 | I63: 0 | J63: 0
G64: 0 | H64: 0 | I64: =D7/I5 -> 0.09217123 | J64: 0
G65: 0 | H65: 0 | I65: 0 | J65: =E7/I6 -> 0.21428571

Sheet 2012
B1: Input-Output Table
A2: 2012 [Mio $] | B2: Soy Agriculture | C2: Tofu Production | D2: Cow Farming | E2: Beef Processing | F2: Y_Houshold | G2: Y_Government | H2: Y_Total_Demand | I2: X_Total Output
A3: Soy Agriculture | B3: 6.6 | C3: 8.8 | D3: 17.6 | E3: 0 | F3: 0 | G3: 0 | H3: =SUM(F3:G3) -> 0 | I3: =SUM(B3:G3) -> 33
A4: Tofu Production | B4: 0 | C4: 2.2 | D4: 2.2 | E4: 2.2 | F4: 21.33 | G4: 0 | H4: =SUM(F4:G4) -> 21.33 | I4: =SUM(B4:G4) -> 27.93
A5: Cow Farming | B5: 2.2 | C5: 0 | D5: 4.4 | E5: 15.4 | F5: 0 | G5: 4.22 | H5: =SUM(F5:G5) -> 4.22 | I5: =SUM(B5:G5) -> 26.22
A6: Beef Processing | B6: 0 | C6: 0 | D6: 0 | E6: 6.6 | F6: 24.2 | G6: 0 | H6: =SUM(F6:G6) -> 24.2 | I6: =SUM(B6:G6) -> 30.8
A7: Value Added | B7: =I3-B8 -> 24.2 | C7: =I4-C8 -> 16.93 | D7: =I5-D8 -> 2.02 | E7: =I6-E8 -> 6.6 | F7: =SUM(B7:E7) -> 49.75 | G7: GDP
A8: Sum Inter Industry Input | B8: =SUM(B2:B6) -> 8.8 | C8: =SUM(C2:C6) -> 11 | D8: =SUM(D2:D6) -> 24.2 | E8: =SUM(E2:E6) -> 24.2
A9: X_Total_Industry_Input | B9: =SUM(B3:B7) -> 33 | C9: =SUM(C3:C7) -> 27.93 | D9: =SUM(D3:D7) -> 26.22 | E9: =SUM(E3:E7) -> 30.8
B10: Environmental Multiplyers
A11: Mass Multiplyer [$/kg] | B11: 0.7 | C11: 3 | D11: 5 | E11: 16
A12: GHG Multiplyer [CO2e kg /kg] | B12: 0.3 | C12: 0.2 | D12: 19 | E12: 1
A13: Land Use Multiplyer [m^2*year/kg] | B13: 0.9 | C13: 2.6 | D13: 35 | E13: 57
B14: Environmental Extensions (scope 1) - M Matrix
A15: Mass [Mio t] | B15: =B9/B11 -> 47.142857 | C15: =C9/C11 -> 9.31 | D15: =D9/D11 -> 5.244 | E15: =E9/E11 -> 1.925
A16: GHG Emmisons [Mio t] | B16: =B15*B12 -> 14.142857 | C16: =C15*C12 -> 1.862 | D16: =D15*D12 -> 99.636 | E16: =E15*E12 -> 1.925
A17: Land Use [Mio m^2*year] | B17: =B15*B13 -> 42.428571 | C17: =C15*C13 -> 24.206 | D17: =D15*D13 -> 183.54 | E17: =E15*E13 -> 109.725
B18: Soy Agriculture | C18: Tofu Production | D18: Cow Farming | E18: Beef Processing
B22: 1/x hat Matrix [1/ Mio $]
B23: =1/I3 -> 0.03030303 | C23: 0 | D23: 0 | E23: 0
B24: 0 | C24: =1/I4 -> 0.035803795 | D24: 0 | E24: 0
B25: 0 | C25: 0 | D25: =1/I5 -> 0.038138825 | E25: 0
B26: 0 | C26: 0 | D26: 0 | E26: =1/I6 -> 0.032467532
B27: Technical Coeficient Matrix A [no dim]
B28: {=MMULT(B3:E6, B23:E26)} -> 0.2 | C28: 0.3150734 | D28: 0.67124333 | E28: 0
B29: 0 | C29: 0.078768349 | D29: 0.083905416 | E29: 0.071428571
B30: 0.066666667 | C30: 0 | D30: 0.16781083 | E30: 0.5
B31: 0 | C31: 0 | D31: 0 | E31: 0.21428571
B32: Leonthief Inverse Matrix L [no dim]
B33: {=MINVERSE(G42:J45)} -> 1.3442165 | C33: 0.45973979 | D33: 1.1305975 | E33: 0.76126566
B34: 0.0098079227 | C34: 1.0888577 | D34: 0.11769507 | E34: 0.17388393
B35: 0.10768517 | C35: 0.03682975 | D35: 1.292222 | E35: 0.82567126
B36: 0 | C36: 0 | D36: 0 | E36: 1.2727273 | G36: Identity Matrix 1
B37: Environmental Coeficient Matrix F [mio (t,t,m^2)/ mio $] | G37: 1 | H37: 0 | I37: 0 | J37: 0
A38: Mass [Mio t/ mio $] | B38: {=MMULT(B15:E17, B23:E26)} -> 1.4285714 | C38: 0.33333333 | D38: 0.2 | E38: 0.0625 | G38: 0 | H38: 1 | I38: 0 | J38: 0
A39: GHG Emmisons [Mio t/ mio$] | B39: 0.42857143 | C39: 0.066666667 | D39: 3.8 | E39: 0.0625 | G39: 0 | H39: 0 | I39: 1 | J39: 0
A40: Land Use [Mio m^2*year/ mio$] | B40: 1.2857143 | C40: 0.86666667 | D40: 7 | E40: 3.5625 | G40: 0 | H40: 0 | I40: 0 | J40: 1
B41: Environmental Footprint (F*L*y-hat) | G41: 1-A
A42: Mass [Mio t] | B42: {=MMULT(MMULT(B38:E40, B33:E36),G47:J50)} -> 0 | C42: 21.907822 | D42: 8.0720808 | E42: 33.641954 | G42: =G37-B28 -> 0.8 | H42: =H37-C28 -> -0.3150734 | I42: =I37-D28 -> -0.67124333 | J42: =J37-E28 -> 0
A43: GHG Emmisons [Mio t] | B43: 0 | C43: 8.7362328 | D43: 22.79995 | E43: 86.029674 | G43: =G38-B29 -> 0 | H43: =H38-C29 -> 0.92123165 | I43: =I38-D29 -> -0.083905416 | J43: =J38-E29 -> -0.071428571
A44: Land Use [Mio m^2*year] | B44: 0 | C44: 38.23571 | D44: 44.736987 | E44: 276.92687 | G44: =G39-B30 -> -0.066666667 | H44: =H39-C30 -> 0 | I44: =I39-D30 -> 0.83218917 | J44: =J39-E30 -> -0.5
B45: Soy Agriculture | C45: Tofu Production | D45: Cow Farming | E45: Beef Processing | G45: =G40-B31 -> 0 | H45: =H40-C31 -> 0 | I45: =I40-D31 -> 0 | J45: =J40-E31 -> 0.78571429
G46: y-hat Matrix [1/ Mio $]
G47: =H3 -> 0 | H47: 0 | I47: 0 | J47: 0
G48: 0 | H48: =H4 -> 21.33 | I48: 0 | J48: 0
G49: 0 | H49: 0 | I49: =H5 -> 4.22 | J49: 0
G50: 0 | H50: 0 | I50: 0 | J50: =H6 -> 24.2
G51: v-hat Matrix [Mio $]
G52: =B7 -> 24.2 | H52: 0 | I52: 0 | J52: 0
A53: V= (v) hat * (1/x) hat * L * (y) hat | B53: Value Added Flow Matrix V | G53: 0 | H53: =C7 -> 16.93 | I53: 0 | J53: 0
B54: Soy Agriculture | C54: Tofu Production | D54: Cow Farming | E54: Beef Processing | F54: Sum | G54: 0 | H54: 0 | I54: =D7 -> 2.02 | J54: 0
A55: Soy Agriculture | B55: {=MMULT(MMULT(G52:J55,B23:E26), MMULT(B33:E36, G47:J50))} -> 0 | C55: 7.1912498 | D55: 3.4988224 | E55: 13.509928 | F55: =Sum(B55:E55) -> 24.2 | G55: 0 | H55: 0 | I55: 0 | J55: =E7 -> 6.6
A56: Tofu Production | B56: 0 | C56: 14.078229 | D56: 0.30106256 | E56: 2.5507086 | F56: =Sum(B56:E56) -> 16.93
A57: Cow Farming | B57: 0 | C57: 0.060521309 | D57: 0.42011508 | E57: 1.5393636 | F57: =Sum(B57:E57) -> 2.02
A58: Beef Processing | B58: 0 | C58: 0 | D58: 0 | E58: 6.6 | F58: =Sum(B58:E58) -> 6.6
B59: Soy Agriculture | C59: Tofu Production | D59: Cow Farming | E59: Beef Processing | F59: =SUM(F54:F58) -> 49.75
A60: Value Added Footprint (sum column) | B60: =SUM(B55:B58) -> 0 | C60: =SUM(C55:C58) -> 21.33 | D60: =SUM(D55:D58) -> 4.22 | E60: =SUM(E55:E58) -> 24.2 | F60: =SUM(B60:E60) -> 49.75
G61: v-hat/x Matrix 2
G62: =B7/I3 -> 0.73333333 | H62: 0 | I62: 0 | J62: 0
G63: 0 | H63: =C7/I4 -> 0.60615825 | I63: 0 | J63: 0
G64: 0 | H64: 0 | I64: =D7/I5 -> 0.077040427 | J64: 0
G65: 0 | H65: 0 | I65: 0 | J65: =E7/I6 -> 0.21428571

Sheet 2013
B1: Input-Output Table
A2: 2013 [Mio $] | B2: Soy Agriculture | C2: Tofu Production | D2: Cow Farming | E2: Beef Processing | F2: Y_Houshold | G2: Y_Government | H2: Y_Total_Demand | I2: X_Total Output
A3: Soy Agriculture | B3: 6.84 | C3: 9.12 | D3: 18.24 | E3: 0 | F3: 0 | G3: 0 | H3: =SUM(F3:G3) -> 0 | I3: =SUM(B3:G3) -> 34.2
A4: Tofu Production | B4: 0 | C4: 2.28 | D4: 2.28 | E4: 2.28 | F4: 22.85 | G4: 0 | H4: =SUM(F4:G4) -> 22.85 | I4: =SUM(B4:G4) -> 29.69
A5: Cow Farming | B5: 2.28 | C5: 0 | D5: 4.56 | E5: 15.96 | F5: 0 | G5: 4.11 | H5: =SUM(F5:G5) -> 4.11 | I5: =SUM(B5:G5) -> 26.91
A6: Beef Processing | B6: 0 | C6: 0 | D6: 0 | E6: 6.84 | F6: 25.08 | G6: 0 | H6: =SUM(F6:G6) -> 25.08 | I6: =SUM(B6:G6) -> 31.92
A7: Value Added | B7: =I3-B8 -> 25.08 | C7: =I4-C8 -> 18.29 | D7: =I5-D8 -> 1.83 | E7: =I6-E8 -> 6.84 | F7: =SUM(B7:E7) -> 52.04 | G7: GDP
A8: Sum Inter Industry Input | B8: =SUM(B2:B6) -> 9.12 | C8: =SUM(C2:C6) -> 11.4 | D8: =SUM(D2:D6) -> 25.08 | E8: =SUM(E2:E6) -> 25.08
A9: X_Total_Industry_Input | B9: =SUM(B3:B7) -> 34.2 | C9: =SUM(C3:C7) -> 29.69 | D9: =SUM(D3:D7) -> 26.91 | E9: =SUM(E3:E7) -> 31.92
B10: Environmental Multiplyers
A11: Mass Multiplyer [$/kg] | B11: 0.7 | C11: 3 | D11: 5 | E11: 16
A12: GHG Multiplyer [CO2e kg /kg] | B12: 0.3 | C12: 0.2 | D12: 19 | E12: 1
A13: Land Use Multiplyer [m^2*year/kg] | B13: 0.9 | C13: 2.6 | D13: 35 | E13: 57
B14: Environmental Extensions (scope 1) - M Matrix
A15: Mass [Mio t] | B15: =B9/B11 -> 48.857143 | C15: =C9/C11 -> 9.8966667 | D15: =D9/D11 -> 5.382 | E15: =E9/E11 -> 1.995
A16: GHG Emmisons [Mio t] | B16: =B15*B12 -> 14.657143 | C16: =C15*C12 -> 1.9793333 | D16: =D15*D12 -> 102.258 | E16: =E15*E12 -> 1.995
A17: Land Use [Mio m^2*year] | B17: =B15*B13 -> 43.971429 | C17: =C15*C13 -> 25.731333 | D17: =D15*D13 -> 188.37 | E17: =E15*E13 -> 113.715
B18: Soy Agriculture | C18: Tofu Production | D18: Cow Farming | E18: Beef Processing
B22: 1/x hat Matrix [1/ Mio $]
B23: =1/I3 -> 0.029239766 | C23: 0 | D23: 0 | E23: 0
B24: 0 | C24: =1/I4 -> 0.033681374 | D24: 0 | E24: 0
B25: 0 | C25: 0 | D25: =1/I5 -> 0.037160907 | E25: 0
B26: 0 | C26: 0 | D26: 0 | E26: =1/I6 -> 0.031328321
B27: Technical Coeficient Matrix A [no dim]
B28: {=MMULT(B3:E6, B23:E26)} -> 0.2 | C28: 0.30717413 | D28: 0.67781494 | E28: 0
B29: 0 | C29: 0.076793533 | D29: 0.084726867 | E29: 0.071428571
B30: 0.066666667 | C30: 0 | D30: 0.16945373 | E30: 0.5
B31: 0 | C31: 0 | D31: 0 | E31: 0.21428571
B32: Leonthief Inverse Matrix L [no dim]
B33: {=MINVERSE(G42:J45)} -> 1.3452975 | C33: 0.44761449 | D33: 1.1435699 | E33: 0.76841853
B34: 0.0099102716 | C34: 1.0864787 | D34: 0.11892326 | E34: 0.17444923
B35: 0.10798495 | C35: 0.035929324 | D35: 1.2958194 | E35: 0.82787867
B36: 0 | C36: 0 | D36: 0 | E36: 1.2727273 | G36: Identity Matrix 1
B37: Environmental Coeficient Matrix F [mio (t,t,m^2)/ mio $] | G37: 1 | H37: 0 | I37: 0 | J37: 0
A38: Mass [Mio t/ mio $] | B38: {=MMULT(B15:E17, B23:E26)} -> 1.4285714 | C38: 0.33333333 | D38: 0.2 | E38: 0.0625 | G38: 0 | H38: 1 | I38: 0 | J38: 0
A39: GHG Emmisons [Mio t/ mio$] | B39: 0.42857143 | C39: 0.066666667 | D39: 3.8 | E39: 0.0625 | G39: 0 | H39: 0 | I39: 1 | J39: 0
A40: Land Use [Mio m^2*year/ mio$] | B40: 1.2857143 | C40: 0.86666667 | D40: 7 | E40: 3.5625 | G40: 0 | H40: 0 | I40: 0 | J40: 1
B41: Environmental Footprint (F*L*y-hat) | G41: 1-A
A42: Mass [Mio t] | B42: {=MMULT(MMULT(B38:E40, B33:E36),G47:J50)} -> 0 | C42: 23.050959 | D42: 7.9424774 | E42: 35.137373 | G42: =G37-B28 -> 0.8 | H42: =H37-C28 -> -0.30717413 | I42: =I37-D28 -> -0.67781494 | J42: =J37-E28 -> 0
A43: GHG Emmisons [Mio t] | B43: 0 | C43: 9.1582372 | D43: 22.28501 | E43: 89.446229 | G43: =G38-B29 -> 0 | H43: =H38-C29 -> 0.92320647 | I43: =I38-D29 -> -0.084726867 | J43: =J38-E29 -> -0.071428571
A44: Land Use [Mio m^2*year] | B44: 0 | C44: 40.41307 | D44: 43.74728 | E44: 287.62741 | G44: =G39-B30 -> -0.066666667 | H44: =H39-C30 -> 0 | I44: =I39-D30 -> 0.83054627 | J44: =J39-E30 -> -0.5
B45: Soy Agriculture | C45: Tofu Production | D45: Cow Farming | E45: Beef Processing | G45: =G40-B31 -> 0 | H45: =H40-C31 -> 0 | I45: =I40-D31 -> 0 | J45: =J40-E31 -> 0.78571429
G46: y-hat Matrix [1/ Mio $]
G47: =H3 -> 0 | H47: 0 | I47: 0 | J47: 0
G48: 0 | H48: =H4 -> 22.85 | I48: 0 | J48: 0
G49: 0 | H49: 0 | I49: =H5 -> 4.11 | J49: 0
G50: 0 | H50: 0 | I50: 0 | J50: =H6 -> 25.08
G51: v-hat Matrix [Mio $]
G52: =B7 -> 25.08 | H52: 0 | I52: 0 | J52: 0
A53: V= (v) hat * (1/x) hat * L * (y) hat | B53: Value Added Flow Matrix V | G53: 0 | H53: =C7 -> 18.29 | I53: 0 | J53: 0
B54: Soy Agriculture | C54: Tofu Production | D54: Cow Farming | E54: Beef Processing | F54: Sum | G54: 0 | H54: 0 | I54: =D7 -> 1.83 | J54: 0
A55: Soy Agriculture | B55: {=MMULT(MMULT(G52:J55,B23:E26), MMULT(B33:E36, G47:J50))} -> 0 | C55: 7.5005268 | D55: 3.4467197 | E55: 14.132754 | F55: =Sum(B55:E55) -> 25.08 | G55: 0 | H55: 0 | I55: 0 | J55: =E7 -> 6.84
A56: Tofu Production | B56: 0 | C56: 15.293643 | D56: 0.30110095 | E56: 2.6952565 | F56: =Sum(B56:E56) -> 18.29
A57: Cow Farming | B57: 0 | C57: 0.055830645 | D57: 0.36217937 | E57: 1.41199 | F57: =Sum(B57:E57) -> 1.83
A58: Beef Processing | B58: 0 | C58: 0 | D58: 0 | E58: 6.84 | F58: =Sum(B58:E58) -> 6.84
B59: Soy Agriculture | C59: Tofu Production | D59: Cow Farming | E59: Beef Processing | F59: =SUM(F54:F58) -> 52.04
A60: Value Added Footprint (sum column) | B60: =SUM(B55:B58) -> 0 | C60: =SUM(C55:C58) -> 22.85 | D60: =SUM(D55:D58) -> 4.11 | E60: =SUM(E55:E58) -> 25.08 | F60: =SUM(B60:E60) -> 52.04
G61: v-hat/x Matrix 2
G62: =B7/I3 -> 0.73333333 | H62: 0 | I62: 0 | J62: 0
G63: 0 | H63: =C7/I4 -> 0.61603233 | I63: 0 | J63: 0
G64: 0 | H64: 0 | I64: =D7/I5 -> 0.068004459 | J64: 0
G65: 0 | H65: 0 | I65: 0 | J65: =E7/I6 -> 0.21428571

Sheet 2014
B1: Input-Output Table
A2: 2014 [Mio $] | B2: Soy Agriculture | C2: Tofu Production | D2: Cow Farming | E2: Beef Processing | F2: Y_Houshold | G2: Y_Government | H2: Y_Total_Demand | I2: X_Total Output
A3: Soy Agriculture | B3: 7.05 | C3: 9.4 | D3: 18.8 | E3: 0 | F3: 0 | G3: 0 | H3: =SUM(F3:G3) -> 0 | I3: =SUM(B3:G3) -> 35.25
A4: Tofu Production | B4: 0 | C4: 2.35 | D4: 2.35 | E4: 2.35 | F4: 24.03 | G4: 0 | H4: =SUM(F4:G4) -> 24.03 | I4: =SUM(B4:G4) -> 31.08
A5: Cow Farming | B5: 2.35 | C5: 0 | D5: 4.7 | E5: 16.45 | F5: 0 | G5: 3.99 | H5: =SUM(F5:G5) -> 3.99 | I5: =SUM(B5:G5) -> 27.49
A6: Beef Processing | B6: 0 | C6: 0 | D6: 0 | E6: 7.05 | F6: 25.85 | G6: 0 | H6: =SUM(F6:G6) -> 25.85 | I6: =SUM(B6:G6) -> 32.9
A7: Value Added | B7: =I3-B8 -> 25.85 | C7: =I4-C8 -> 19.33 | D7: =I5-D8 -> 1.64 | E7: =I6-E8 -> 7.05 | F7: =SUM(B7:E7) -> 53.87 | G7: GDP
A8: Sum Inter Industry Input | B8: =SUM(B2:B6) -> 9.4 | C8: =SUM(C2:C6) -> 11.75 | D8: =SUM(D2:D6) -> 25.85 | E8: =SUM(E2:E6) -> 25.85
A9: X_Total_Industry_Input | B9: =SUM(B3:B7) -> 35.25 | C9: =SUM(C3:C7) -> 31.08 | D9: =SUM(D3:D7) -> 27.49 | E9: =SUM(E3:E7) -> 32.9
B10: Environmental Multiplyers
A11: Mass Multiplyer [$/kg] | B11: 0.7 | C11: 3 | D11: 5 | E11: 16
A12: GHG Multiplyer [CO2e kg /kg] | B12: 0.3 | C12: 0.2 | D12: 19 | E12: 1
A13: Land Use Multiplyer [m^2*year/kg] | B13: 0.9 | C13: 2.6 | D13: 35 | E13: 57
B14: Environmental Extensions (scope 1) - M Matrix
A15: Mass [Mio t] | B15: =B9/B11 -> 50.357143 | C15: =C9/C11 -> 10.36 | D15: =D9/D11 -> 5.498 | E15: =E9/E11 -> 2.05625
A16: GHG Emmisons [Mio t] | B16: =B15*B12 -> 15.107143 | C16: =C15*C12 -> 2.072 | D16: =D15*D12 -> 104.462 | E16: =E15*E12 -> 2.05625
A17: Land Use [Mio m^2*year] | B17: =B15*B13 -> 45.321429 | C17: =C15*C13 -> 26.936 | D17: =D15*D13 -> 192.43 | E17: =E15*E13 -> 117.20625
B18: Soy Agriculture | C18: Tofu Production | D18: Cow Farming | E18: Beef Processing
B22: 1/x hat Matrix [1/ Mio $]
B23: =1/I3 -> 0.028368794 | C23: 0 | D23: 0 | E23: 0
B24: 0 | C24: =1/I4 -> 0.032175032 | D24: 0 | E24: 0
B25: 0 | C25: 0 | D25: =1/I5 -> 0.036376864 | E25: 0
B26: 0 | C26: 0 | D26: 0 | E26: =1/I6 -> 0.030395137
B27: Technical Coeficient Matrix A [no dim]
B28: {=MMULT(B3:E6, B23:E26)} -> 0.2 | C28: 0.3024453 | D28: 0.68388505 | E28: 0
B29: 0 | C29: 0.075611326 | D29: 0.085485631 | E29: 0.071428571
B30: 0.066666667 | C30: 0 | D30: 0.17097126 | E30: 0.5
B31: 0 | C31: 0 | D31: 0 | E31: 0.21428571
B32: Leonthief Inverse Matrix L [no dim]
B33: {=MINVERSE(G42:J45)} -> 1.3463373 | C33: 0.44050019 | D33: 1.1560472 | E33: 0.77571188
B34: 0.010012246 | C34: 1.0850719 | D34: 0.12014696 | E34: 0.17510005
B35: 0.10826623 | C35: 0.035422993 | D35: 1.2991948 | E35: 0.82998059
B36: 0 | C36: 0 | D36: 0 | E36: 1.2727273 | G36: Identity Matrix 1
B37: Environmental Coeficient Matrix F [mio (t,t,m^2)/ mio $] | G37: 1 | H37: 0 | I37: 0 | J37: 0
A38: Mass [Mio t/ mio $] | B38: {=MMULT(B15:E17, B23:E26)} -> 1.4285714 | C38: 0.33333333 | D38: 0.2 | E38: 0.0625 | G38: 0 | H38: 1 | I38: 0 | J38: 0
A39: GHG Emmisons [Mio t/ mio$] | B39: 0.42857143 | C39: 0.066666667 | D39: 3.8 | E39: 0.0625 | G39: 0 | H39: 0 | I39: 1 | J39: 0
A40: Land Use [Mio m^2*year/ mio$] | B40: 1.2857143 | C40: 0.86666667 | D40: 7 | E40: 3.5625 | G40: 0 | H40: 0 | I40: 0 | J40: 1
B41: Environmental Footprint (F*L*y-hat) | G41: 1-A
A42: Mass [Mio t] | B42: {=MMULT(MMULT(B38:E40, B33:E36),G47:J50)} -> 0 | C42: 23.983411 | D42: 7.786022 | E42: 36.50196 | G42: =G37-B28 -> 0.8 | H42: =H37-C28 -> -0.3024453 | I42: =I37-D28 -> -0.68388505 | J42: =J37-E28 -> 0
A43: GHG Emmisons [Mio t] | B43: 0 | C43: 9.5094229 | D43: 21.707191 | E43: 92.480779 | G43: =G38-B29 -> 0 | H43: =H38-C29 -> 0.92438867 | I43: =I38-D29 -> -0.085485631 | J43: =J38-E29 -> -0.071428571
A44: Land Use [Mio m^2*year] | B44: 0 | C44: 42.165776 | D44: 42.632501 | E44: 297.0954 | G44: =G39-B30 -> -0.066666667 | H44: =H39-C30 -> 0 | I44: =I39-D30 -> 0.82902874 | J44: =J39-E30 -> -0.5
B45: Soy Agriculture | C45: Tofu Production | D45: Cow Farming | E45: Beef Processing | G45: =G40-B31 -> 0 | H45: =H40-C31 -> 0 | I45: =I40-D31 -> 0 | J45: =J40-E31 -> 0.78571429
G46: y-hat Matrix [1/ Mio $]
G47: =H3 -> 0 | H47: 0 | I47: 0 | J47: 0
G48: 0 | H48: =H4 -> 24.03 | I48: 0 | J48: 0
G49: 0 | H49: 0 | I49: =H5 -> 3.99 | J49: 0
G50: 0 | H50: 0 | I50: 0 | J50: =H6 -> 25.85
G51: v-hat Matrix [Mio $]
G52: =B7 -> 25.85 | H52: 0 | I52: 0 | J52: 0
A53: V= (v) hat * (1/x) hat * L * (y) hat | B53: Value Added Flow Matrix V | G53: 0 | H53: =C7 -> 19.33 | I53: 0 | J53: 0
B54: Soy Agriculture | C54: Tofu Production | D54: Cow Farming | E54: Beef Processing | F54: Sum | G54: 0 | H54: 0 | I54: =D7 -> 1.64 | J54: 0
A55: Soy Agriculture | B55: {=MMULT(MMULT(G52:J55,B23:E26), MMULT(B33:E36, G47:J50))} -> 0 | C55: 7.7624943 | D55: 3.3825942 | E55: 14.704912 | F55: =Sum(B55:E55) -> 25.85 | G55: 0 | H55: 0 | I55: 0 | J55: =E7 -> 7.05
A56: Tofu Production | B56: 0 | C56: 16.216724 | D56: 0.29815117 | E56: 2.8151249 | F56: =Sum(B56:E56) -> 19.33
A57: Cow Farming | B57: 0 | C57: 0.050781805 | D57: 0.30925467 | E57: 1.2799635 | F57: =Sum(B57:E57) -> 1.64
A58: Beef Processing | B58: 0 | C58: 0 | D58: 0 | E58: 7.05 | F58: =Sum(B58:E58) -> 7.05
B59: Soy Agriculture | C59: Tofu Production | D59: Cow Farming | E59: Beef Processing | F59: =SUM(F54:F58) -> 53.87
A60: Value Added Footprint (sum column) | B60: =SUM(B55:B58) -> 0 | C60: =SUM(C55:C58) -> 24.03 | D60: =SUM(D55:D58) -> 3.99 | E60: =SUM(E55:E58) -> 25.85 | F60: =SUM(B60:E60) -> 53.87
G61: v-hat/x Matrix 2
G62: =B7/I3 -> 0.73333333 | H62: 0 | I62: 0 | J62: 0
G63: 0 | H63: =C7/I4 -> 0.62194337 | I63: 0 | J63: 0
G64: 0 | H64: 0 | I64: =D7/I5 -> 0.059658057 | J64: 0
G65: 0 | H65: 0 | I65: 0 | J65: =E7/I6 -> 0.21428571

Sheet 2015
B1: Input-Output Table
A2: 2015 [Mio $] | B2: Soy Agriculture | C2: Tofu Production | D2: Cow Farming | E2: Beef Processing | F2: Y_Houshold | G2: Y_Government | H2: Y_Total_Demand | I2: X_Total Output
A3: Soy Agriculture | B3: 7.35 | C3: 9.8 | D3: 19.6 | E3: 0 | F3: 0 | G3: 0 | H3: =SUM(F3:G3) -> 0 | I3: =SUM(B3:G3) -> 36.75
A4: Tofu Production | B4: 0 | C4: 2.45 | D4: 2.45 | E4: 2.45 | F4: 25.99 | G4: 0 | H4: =SUM(F4:G4) -> 25.99 | I4: =SUM(B4:G4) -> 33.34
A5: Cow Farming | B5: 2.45 | C5: 0 | D5: 4.9 | E5: 17.15 | F5: 0 | G5: 3.78 | H5: =SUM(F5:G5) -> 3.78 | I5: =SUM(B5:G5) -> 28.28
A6: Beef Processing | B6: 0 | C6: 0 | D6: 0 | E6: 7.35 | F6: 26.95 | G6: 0 | H6: =SUM(F6:G6) -> 26.95 | I6: =SUM(B6:G6) -> 34.3
A7: Value Added | B7: =I3-B8 -> 26.95 | C7: =I4-C8 -> 21.09 | D7: =I5-D8 -> 1.33 | E7: =I6-E8 -> 7.35 | F7: =SUM(B7:E7) -> 56.72 | G7: GDP
A8: Sum Inter Industry Input | B8: =SUM(B2:B6) -> 9.8 | C8: =SUM(C2:C6) -> 12.25 | D8: =SUM(D2:D6) -> 26.95 | E8: =SUM(E2:E6) -> 26.95
A9: X_Total_Industry_Input | B9: =SUM(B3:B7) -> 36.75 | C9: =SUM(C3:C7) -> 33.34 | D9: =SUM(D3:D7) -> 28.28 | E9: =SUM(E3:E7) -> 34.3
B10: Environmental Multiplyers
A11: Mass Multiplyer [$/kg] | B11: 0.7 | C11: 3 | D11: 5 | E11: 16
A12: GHG Multiplyer [CO2e kg /kg] | B12: 0.3 | C12: 0.2 | D12: 19 | E12: 1
A13: Land Use Multiplyer [m^2*year/kg] | B13: 0.9 | C13: 2.6 | D13: 35 | E13: 57
B14: Environmental Extensions (scope 1) - M Matrix
A15: Mass [Mio t] | B15: =B9/B11 -> 52.5 | C15: =C9/C11 -> 11.113333 | D15: =D9/D11 -> 5.656 | E15: =E9/E11 -> 2.14375
A16: GHG Emmisons [Mio t] | B16: =B15*B12 -> 15.75 | C16: =C15*C12 -> 2.2226667 | D16: =D15*D12 -> 107.464 | E16: =E15*E12 -> 2.14375
A17: Land Use [Mio m^2*year] | B17: =B15*B13 -> 47.25 | C17: =C15*C13 -> 28.894667 | D17: =D15*D13 -> 197.96 | E17: =E15*E13 -> 122.19375
B18: Soy Agriculture | C18: Tofu Production | D18: Cow Farming | E18: Beef Processing
B22: 1/x hat Matrix [1/ Mio $]
B23: =1/I3 -> 0.027210884 | C23: 0 | D23: 0 | E23: 0
B24: 0 | C24: =1/I4 -> 0.029994001 | D24: 0 | E24: 0
B25: 0 | C25: 0 | D25: =1/I5 -> 0.035360679 | E25: 0
B26: 0 | C26: 0 | D26: 0 | E26: =1/I6 -> 0.029154519
B27: Technical Coeficient Matrix A [no dim]
B28: {=MMULT(B3:E6, B23:E26)} -> 0.2 | C28: 0.29394121 | D28: 0.69306931 | E28: 0
B29: 0 | C29: 0.073485303 | D29: 0.086633663 | E29: 0.071428571
B30: 0.066666667 | C30: 0 | D30: 0.17326733 | E30: 0.5
B31: 0 | C31: 0 | D31: 0 | E31: 0.21428571
B32: Leonthief Inverse Matrix L [no dim]
B33: {=MINVERSE(G42:J45)} -> 1.3478989 | C33: 0.42762735 | D33: 1.1747863 | E33: 0.78646652
B34: 0.010163313 | C34: 1.0825381 | D34: 0.12195976 | E34: 0.17602331
B35: 0.10869284 | C35: 0.034483323 | D35: 1.3043141 | E35: 0.83315292
B36: 0 | C36: 0 | D36: 0 | E36: 1.2727273 | G36: Identity Matrix 1
B37: Environmental Coeficient Matrix F [mio (t,t,m^2)/ mio $] | G37: 1 | H37: 0 | I37: 0 | J37: 0
A38: Mass [Mio t/ mio $] | B38: {=MMULT(B15:E17, B23:E26)} -> 1.4285714 | C38: 0.33333333 | D38: 0.2 | E38: 0.0625 | G38: 0 | H38: 1 | I38: 0 | J38: 0
A39: GHG Emmisons [Mio t/ mio$] | B39: 0.42857143 | C39: 0.066666667 | D39: 3.8 | E39: 0.0625 | G39: 0 | H39: 0 | I39: 1 | J39: 0
A40: Land Use [Mio m^2*year/ mio$] | B40: 1.2857143 | C40: 0.86666667 | D40: 7 | E40: 3.5625 | G40: 0 | H40: 0 | I40: 0 | J40: 1
B41: Environmental Footprint (F*L*y-hat) | G41: 1-A
A42: Mass [Mio t] | B42: {=MMULT(MMULT(B38:E40, B33:E36),G47:J50)} -> 0 | C42: 25.434825 | D42: 7.483577 | E42: 38.494681 | G42: =G37-B28 -> 0.8 | H42: =H37-C28 -> -0.29394121 | I42: =I37-D28 -> -0.69306931 | J42: =J37-E28 -> 0
A43: GHG Emmisons [Mio t] | B43: 0 | C43: 10.044477 | D43: 20.669056 | E43: 96.866884 | G43: =G38-B29 -> 0 | H43: =H38-C29 -> 0.9265147 | I43: =I38-D29 -> -0.086633663 | J43: =J38-E29 -> -0.071428571
A44: Land Use [Mio m^2*year] | B44: 0 | C44: 44.946833 | D44: 40.621153 | E44: 310.73043 | G44: =G39-B30 -> -0.066666667 | H44: =H39-C30 -> 0 | I44: =I39-D30 -> 0.82673267 | J44: =J39-E30 -> -0.5
B45: Soy Agriculture | C45: Tofu Production | D45: Cow Farming | E45: Beef Processing | G45: =G40-B31 -> 0 | H45: =H40-C31 -> 0 | I45: =I40-D31 -> 0 | J45: =J40-E31 -> 0.78571429
G46: y-hat Matrix [1/ Mio $]
G47: =H3 -> 0 | H47: 0 | I47: 0 | J47: 0
G48: 0 | H48: =H4 -> 25.99 | I48: 0 | J48: 0
G49: 0 | H49: 0 | I49: =H5 -> 3.78 | J49: 0
G50: 0 | H50: 0 | I50: 0 | J50: =H6 -> 26.95
G51: v-hat Matrix [Mio $]
G52: =B7 -> 26.95 | H52: 0 | I52: 0 | J52: 0
A53: V= (v) hat * (1/x) hat * L * (y) hat | B53: Value Added Flow Matrix V | G53: 0 | H53: =C7 -> 21.09 | I53: 0 | J53: 0
B54: Soy Agriculture | C54: Tofu Production | D54: Cow Farming | E54: Beef Processing | F54: Sum | G54: 0 | H54: 0 | I54: =D7 -> 1.33 | J54: 0
A55: Soy Agriculture | B55: {=MMULT(MMULT(G52:J55,B23:E26), MMULT(B33:E36, G47:J50))} -> 0 | C55: 8.1502922 | D55: 3.2565077 | E55: 15.5432 | F55: =Sum(B55:E55) -> 26.95 | G55: 0 | H55: 0 | I55: 0 | J55: =E7 -> 7.35
A56: Tofu Production | B56: 0 | C56: 17.797559 | D56: 0.29162137 | E56: 3.0008199 | F56: =Sum(B56:E56) -> 21.09
A57: Cow Farming | B57: 0 | C57: 0.042149034 | D57: 0.23187089 | E57: 1.0559801 | F57: =Sum(B57:E57) -> 1.33
A58: Beef Processing | B58: 0 | C58: 0 | D58: 0 | E58: 7.35 | F58: =Sum(B58:E58) -> 7.35
B59: Soy Agriculture | C59: Tofu Production | D59: Cow Farming | E59: Beef Processing | F59: =SUM(F54:F58) -> 56.72
A60: Value Added Footprint (sum column) | B60: =SUM(B55:B58) -> 0 | C60: =SUM(C55:C58) -> 25.99 | D60: =SUM(D55:D58) -> 3.78 | E60: =SUM(E55:E58) -> 26.95 | F60: =SUM(B60:E60) -> 56.72
G61: v-hat/x Matrix 2
G62: =B7/I3 -> 0.73333333 | H62: 0 | I62: 0 | J62: 0
G63: 0 | H63: =C7/I4 -> 0.63257349 | I63: 0 | J63: 0
G64: 0 | H64: 0 | I64: =D7/I5 -> 0.047029703 | J64: 0
G65: 0 | H65: 0 | I65: 0 | J65: =E7/I6 -> 0.21428571

Sheet 2016
B1: Input-Output Table
A2: 2016 [Mio $] | B2: Soy Agriculture | C2: Tofu Production | D2: Cow Farming | E2: Beef Processing | F2: Y_Houshold | G2: Y_Government | H2: Y_Total_Demand | I2: X_Total Output
A3: Soy Agriculture | B3: 7.65 | C3: 10.2 | D3: 20.4 | E3: 0 | F3: 0 | G3: 0 | H3: =SUM(F3:G3) -> 0 | I3: =SUM(B3:G3) -> 38.25
A4: Tofu Production | B4: 0 | C4: 2.55 | D4: 2.55 | E4: 2.55 | F4: 27.24 | G4: 0 | H4: =SUM(F4:G4) -> 27.24 | I4: =SUM(B4:G4) -> 34.89
A5: Cow Farming | B5: 2.55 | C5: 0 | D5: 5.1 | E5: 17.85 | F5: 0 | G5: 3.66 | H5: =SUM(F5:G5) -> 3.66 | I5: =SUM(B5:G5) -> 29.16
A6: Beef Processing | B6: 0 | C6: 0 | D6: 0 | E6: 7.65 | F6: 28.05 | G6: 0 | H6: =SUM(F6:G6) -> 28.05 | I6: =SUM(B6:G6) -> 35.7
A7: Value Added | B7: =I3-B8 -> 28.05 | C7: =I4-C8 -> 22.14 | D7: =I5-D8 -> 1.11 | E7: =I6-E8 -> 7.65 | F7: =SUM(B7:E7) -> 58.95 | G7: GDP
A8: Sum Inter Industry Input | B8: =SUM(B2:B6) -> 10.2 | C8: =SUM(C2:C6) -> 12.75 | D8: =SUM(D2:D6) -> 28.05 | E8: =SUM(E2:E6) -> 28.05
A9: X_Total_Industry_Input | B9: =SUM(B3:B7) -> 38.25 | C9: =SUM(C3:C7) -> 34.89 | D9: =SUM(D3:D7) -> 29.16 | E9: =SUM(E3:E7) -> 35.7
B10: Environmental Multiplyers
A11: Mass Multiplyer [$/kg] | B11: 0.7 | C11: 3 | D11: 5 | E11: 16
A12: GHG Multiplyer [CO2e kg /kg] | B12: 0.3 | C12: 0.2 | D12: 19 | E12: 1
A13: Land Use Multiplyer [m^2*year/kg] | B13: 0.9 | C13: 2.6 | D13: 35 | E13: 57
B14: Environmental Extensions (scope 1) - M Matrix
A15: Mass [Mio t] | B15: =B9/B11 -> 54.642857 | C15: =C9/C11 -> 11.63 | D15: =D9/D11 -> 5.832 | E15: =E9/E11 -> 2.23125
A16: GHG Emmisons [Mio t] | B16: =B15*B12 -> 16.392857 | C16: =C15*C12 -> 2.326 | D16: =D15*D12 -> 110.808 | E16: =E15*E12 -> 2.23125
A17: Land Use [Mio m^2*year] | B17: =B15*B13 -> 49.178571 | C17: =C15*C13 -> 30.238 | D17: =D15*D13 -> 204.12 | E17: =E15*E13 -> 127.18125
B18: Soy Agriculture | C18: Tofu Production | D18: Cow Farming | E18: Beef Processing
B22: 1/x hat Matrix [1/ Mio $]
B23: =1/I3 -> 0.026143791 | C23: 0 | D23: 0 | E23: 0
B24: 0 | C24: =1/I4 -> 0.028661508 | D24: 0 | E24: 0
B25: 0 | C25: 0 | D25: =1/I5 -> 0.034293553 | E25: 0
B26: 0 | C26: 0 | D26: 0 | E26: =1/I6 -> 0.028011204
B27: Technical Coeficient Matrix A [no dim]
B28: {=MMULT(B3:E6, B23:E26)} -> 0.2 | C28: 0.29234738 | D28: 0.69958848 | E28: 0
B29: 0 | C29: 0.073086844 | D29: 0.08744856 | E29: 0.071428571
B30: 0.066666667 | C30: 0 | D30: 0.17489712 | E30: 0.5
B31: 0 | C31: 0 | D31: 0 | E31: 0.21428571
B32: Leonthief Inverse Matrix L [no dim]
B33: {=MINVERSE(G42:J45)} -> 1.3490795 | C33: 0.42549818 | D33: 1.1889544 | E33: 0.795289
B34: 0.010283757 | C34: 1.0820932 | D34: 0.12340508 | E34: 0.17690262
B35: 0.10900293 | C35: 0.034379404 | D35: 1.3080352 | E35: 0.83551145
B36: 0 | C36: 0 | D36: 0 | E36: 1.2727273 | G36: Identity Matrix 1
B37: Environmental Coeficient Matrix F [mio (t,t,m^2)/ mio $] | G37: 1 | H37: 0 | I37: 0 | J37: 0
A38: Mass [Mio t/ mio $] | B38: {=MMULT(B15:E17, B23:E26)} -> 1.4285714 | C38: 0.33333333 | D38: 0.2 | E38: 0.0625 | G38: 0 | H38: 1 | I38: 0 | J38: 0
A39: GHG Emmisons [Mio t/ mio$] | B39: 0.42857143 | C39: 0.066666667 | D39: 3.8 | E39: 0.0625 | G39: 0 | H39: 0 | I39: 1 | J39: 0
A40: Land Use [Mio m^2*year/ mio$] | B40: 1.2857143 | C40: 0.86666667 | D40: 7 | E40: 3.5625 | G40: 0 | H40: 0 | I40: 0 | J40: 1
B41: Environmental Footprint (F*L*y-hat) | G41: 1-A
A42: Mass [Mio t] | B42: {=MMULT(MMULT(B38:E40, B33:E36),G47:J50)} -> 0 | C42: 26.570663 | D42: 7.324569 | E42: 40.440875 | G42: =G37-B28 -> 0.8 | H42: =H37-C28 -> -0.29234738 | I42: =I37-D28 -> -0.69958848 | J42: =J37-E28 -> 0
A43: GHG Emmisons [Mio t] | B43: 0 | C43: 10.49115 | D43: 20.087225 | E43: 101.17973 | G43: =G38-B29 -> 0 | H43: =H38-C29 -> 0.92691316 | I43: =I38-D29 -> -0.08744856 | J43: =J38-E29 -> -0.071428571
A44: Land Use [Mio m^2*year] | B44: 0 | C44: 47.003683 | D44: 39.498183 | E44: 324.21596 | G44: =G39-B30 -> -0.066666667 | H44: =H39-C30 -> 0 | I44: =I39-D30 -> 0.82510288 | J44: =J39-E30 -> -0.5
B45: Soy Agriculture | C45: Tofu Production | D45: Cow Farming | E45: Beef Processing | G45: =G40-B31 -> 0 | H45: =H40-C31 -> 0 | I45: =I40-D31 -> 0 | J45: =J40-E31 -> 0.78571429
G46: y-hat Matrix [1/ Mio $]
G47: =H3 -> 0 | H47: 0 | I47: 0 | J47: 0
G48: 0 | H48: =H4 -> 27.24 | I48: 0 | J48: 0
G49: 0 | H49: 0 | I49: =H5 -> 3.66 | J49: 0
G50: 0 | H50: 0 | I50: 0 | J50: =H6 -> 28.05
G51: v-hat Matrix [Mio $]
G52: =B7 -> 28.05 | H52: 0 | I52: 0 | J52: 0
